"(0.0,)","(0,)","(0,)","(0,)","(0,)","(0,)","(0,)","(0,)","(0,)","(0,)","(0,)","(0,)","(0,)","(93.10770233467565,)"
"(0.01,)","(0,)","(0,)","(0,)","(0,)","(0,)","(0,)","(0,)","(0,)","(0,)","(5,)","(0,)","(0,)","(93.10770233467565,)"
"(0.01,)","(0,)","(0,)","(0,)","(0,)","(106,)","(107,)","(80,)","(81,)","(0,)","(0,)","(0,)","(0,)","(93.10770233467565,)"
"(0.02,)","(-5,)","(4,)","(7,)","(-7,)","(106,)","(107,)","(80,)","(81,)","(25,)","(9,)","(0,)","(10,)","(93.10770233467565,)"
"(0.02,)","(-7,)","(6,)","(9,)","(-9,)","(106,)","(107,)","(80,)","(81,)","(0,)","(0,)","(0,)","(0,)","(93.10770233467565,)"
"(0.03,)","(-5,)","(6,)","(8,)","(-9,)","(106,)","(107,)","(80,)","(81,)","(0,)","(0,)","(1,)","(0,)","(93.10770233467565,)"
"(0.04,)","(-5,)","(6,)","(8,)","(-9,)","(106,)","(107,)","(80,)","(81,)","(4,)","(4,)","(0,)","(4,)","(93.10770233467565,)"
"(0.05,)","(-5,)","(6,)","(8,)","(-8,)","(106,)","(107,)","(80,)","(81,)","(15,)","(19,)","(8,)","(12,)","(93.10770233467565,)"
"(0.07,)","(-5,)","(6,)","(8,)","(-8,)","(106,)","(107,)","(80,)","(81,)","(29,)","(31,)","(22,)","(24,)","(93.10770233467565,)"
"(0.1,)","(-5,)","(6,)","(10,)","(-8,)","(106,)","(107,)","(80,)","(81,)","(43,)","(43,)","(36,)","(33,)","(93.10770233467565,)"
"(0.15,)","(-5,)","(6,)","(10,)","(-7,)","(106,)","(107,)","(81,)","(81,)","(55,)","(57,)","(44,)","(46,)","(93.10770233467565,)"
"(0.2,)","(-5,)","(7,)","(10,)","(-7,)","(105,)","(107,)","(81,)","(80,)","(66,)","(65,)","(53,)","(76,)","(93.10770233467565,)"
"(0.27,)","(-4,)","(8,)","(11,)","(-6,)","(105,)","(108,)","(81,)","(80,)","(78,)","(76,)","(57,)","(78,)","(93.10770233467565,)"
"(0.33,)","(-3,)","(9,)","(12,)","(-5,)","(105,)","(108,)","(81,)","(80,)","(88,)","(86,)","(68,)","(80,)","(93.10770233467565,)"
"(0.41,)","(-2,)","(10,)","(15,)","(-2,)","(105,)","(108,)","(82,)","(79,)","(95,)","(91,)","(76,)","(76,)","(93.10770233467565,)"
"(0.48,)","(-1,)","(11,)","(15,)","(-2,)","(104,)","(108,)","(82,)","(79,)","(100,)","(102,)","(80,)","(74,)","(93.10770233467565,)"
"(0.57,)","(0,)","(12,)","(18,)","(0,)","(104,)","(109,)","(83,)","(79,)","(105,)","(111,)","(86,)","(81,)","(93.10770233467565,)"
"(0.65,)","(0,)","(13,)","(18,)","(0,)","(104,)","(109,)","(83,)","(78,)","(106,)","(111,)","(86,)","(80,)","(93.10770233467565,)"
"(0.71,)","(1,)","(15,)","(20,)","(2,)","(104,)","(109,)","(83,)","(78,)","(108,)","(111,)","(86,)","(83,)","(93.10770233467565,)"
"(0.8,)","(3,)","(16,)","(22,)","(4,)","(103,)","(109,)","(84,)","(78,)","(108,)","(108,)","(88,)","(78,)","(93.10770233467565,)"
"(0.88,)","(4,)","(17,)","(23,)","(5,)","(102,)","(109,)","(85,)","(77,)","(108,)","(111,)","(88,)","(80,)","(93.10770233467565,)"
"(0.96,)","(5,)","(20,)","(26,)","(8,)","(102,)","(110,)","(85,)","(77,)","(102,)","(111,)","(86,)","(78,)","(93.10770233467565,)"
"(1.05,)","(7,)","(20,)","(28,)","(10,)","(102,)","(110,)","(86,)","(77,)","(106,)","(111,)","(86,)","(78,)","(93.10770233467565,)"
"(1.13,)","(8,)","(23,)","(30,)","(11,)","(101,)","(110,)","(86,)","(76,)","(102,)","(111,)","(88,)","(74,)","(93.10770233467565,)"
"(1.21,)","(11,)","(23,)","(32,)","(14,)","(101,)","(110,)","(87,)","(76,)","(102,)","(108,)","(88,)","(76,)","(93.10770233467565,)"
"(1.3,)","(11,)","(24,)","(32,)","(15,)","(100,)","(110,)","(87,)","(76,)","(100,)","(111,)","(86,)","(76,)","(93.10770233467565,)"
"(1.38,)","(13,)","(27,)","(35,)","(18,)","(100,)","(110,)","(88,)","(76,)","(100,)","(111,)","(88,)","(76,)","(93.10770233467565,)"
"(1.46,)","(14,)","(27,)","(37,)","(19,)","(99,)","(111,)","(88,)","(75,)","(102,)","(111,)","(86,)","(74,)","(93.10770233467565,)"
"(1.55,)","(16,)","(30,)","(37,)","(22,)","(99,)","(111,)","(89,)","(75,)","(100,)","(108,)","(88,)","(74,)","(93.10770233467565,)"
"(1.63,)","(17,)","(30,)","(40,)","(23,)","(98,)","(111,)","(89,)","(75,)","(98,)","(108,)","(88,)","(74,)","(93.10770233467565,)"
"(1.71,)","(19,)","(31,)","(42,)","(27,)","(98,)","(111,)","(90,)","(75,)","(97,)","(108,)","(86,)","(76,)","(93.10770233467565,)"
"(1.78,)","(20,)","(34,)","(44,)","(28,)","(97,)","(111,)","(90,)","(75,)","(98,)","(111,)","(86,)","(74,)","(93.10770233467565,)"
"(1.87,)","(22,)","(34,)","(44,)","(31,)","(97,)","(111,)","(91,)","(75,)","(95,)","(105,)","(91,)","(72,)","(93.10770233467565,)"
"(1.95,)","(23,)","(35,)","(47,)","(31,)","(96,)","(111,)","(91,)","(74,)","(95,)","(108,)","(88,)","(72,)","(93.10770233467565,)"
"(2.03,)","(25,)","(38,)","(47,)","(35,)","(96,)","(111,)","(92,)","(74,)","(95,)","(111,)","(90,)","(70,)","(93.10770233467565,)"
"(2.08,)","(26,)","(38,)","(49,)","(36,)","(96,)","(111,)","(92,)","(74,)","(95,)","(108,)","(91,)","(72,)","(93.10770233467565,)"
"(2.16,)","(28,)","(39,)","(51,)","(38,)","(95,)","(111,)","(92,)","(74,)","(95,)","(108,)","(88,)","(66,)","(93.10770233467565,)"
"(2.24,)","(29,)","(40,)","(52,)","(39,)","(94,)","(111,)","(93,)","(74,)","(91,)","(108,)","(91,)","(72,)","(93.10770233467565,)"
"(2.32,)","(30,)","(43,)","(53,)","(41,)","(94,)","(111,)","(94,)","(74,)","(91,)","(111,)","(95,)","(72,)","(93.10770233467565,)"
"(2.4,)","(32,)","(43,)","(56,)","(44,)","(93,)","(111,)","(94,)","(74,)","(91,)","(108,)","(91,)","(74,)","(93.10770233467565,)"
"(2.48,)","(34,)","(44,)","(56,)","(45,)","(93,)","(111,)","(95,)","(74,)","(91,)","(108,)","(91,)","(70,)","(93.10770233467565,)"
"(2.56,)","(35,)","(47,)","(59,)","(48,)","(92,)","(111,)","(95,)","(74,)","(95,)","(108,)","(95,)","(68,)","(93.10770233467565,)"
"(2.64,)","(37,)","(47,)","(59,)","(50,)","(92,)","(111,)","(96,)","(74,)","(88,)","(106,)","(93,)","(70,)","(93.10770233467565,)"
"(2.72,)","(38,)","(48,)","(62,)","(52,)","(91,)","(111,)","(96,)","(74,)","(88,)","(108,)","(93,)","(72,)","(93.10770233467565,)"
"(2.8,)","(40,)","(51,)","(62,)","(54,)","(91,)","(111,)","(97,)","(74,)","(88,)","(108,)","(95,)","(72,)","(93.10770233467565,)"
"(2.88,)","(41,)","(51,)","(65,)","(56,)","(90,)","(111,)","(97,)","(74,)","(88,)","(108,)","(95,)","(72,)","(93.10770233467565,)"
"(2.96,)","(43,)","(52,)","(65,)","(58,)","(90,)","(111,)","(98,)","(74,)","(88,)","(106,)","(98,)","(70,)","(93.10770233467565,)"
"(3.04,)","(45,)","(55,)","(68,)","(60,)","(89,)","(111,)","(98,)","(75,)","(86,)","(108,)","(95,)","(72,)","(93.10770233467565,)"
"(3.12,)","(46,)","(55,)","(68,)","(61,)","(89,)","(110,)","(99,)","(75,)","(86,)","(108,)","(95,)","(70,)","(93.10770233467565,)"
"(3.2,)","(48,)","(56,)","(71,)","(63,)","(88,)","(110,)","(99,)","(75,)","(91,)","(108,)","(95,)","(72,)","(93.10770233467565,)"
"(3.28,)","(50,)","(59,)","(71,)","(66,)","(88,)","(110,)","(100,)","(75,)","(93,)","(105,)","(95,)","(66,)","(93.10770233467565,)"
"(3.36,)","(51,)","(59,)","(74,)","(67,)","(87,)","(110,)","(100,)","(75,)","(90,)","(102,)","(91,)","(72,)","(93.10770233467565,)"
"(3.42,)","(53,)","(60,)","(74,)","(69,)","(87,)","(110,)","(100,)","(75,)","(91,)","(108,)","(98,)","(74,)","(93.10770233467565,)"
"(3.5,)","(55,)","(62,)","(76,)","(71,)","(87,)","(110,)","(101,)","(75,)","(88,)","(108,)","(95,)","(70,)","(93.10770233467565,)"
"(3.58,)","(56,)","(63,)","(77,)","(72,)","(86,)","(110,)","(101,)","(76,)","(95,)","(108,)","(100,)","(74,)","(93.10770233467565,)"
"(3.66,)","(57,)","(64,)","(78,)","(74,)","(85,)","(109,)","(101,)","(76,)","(86,)","(105,)","(100,)","(74,)","(93.10770233467565,)"
"(3.74,)","(59,)","(65,)","(80,)","(76,)","(85,)","(109,)","(102,)","(76,)","(86,)","(102,)","(102,)","(74,)","(93.10770233467565,)"
"(3.82,)","(61,)","(68,)","(82,)","(79,)","(84,)","(109,)","(103,)","(77,)","(86,)","(108,)","(100,)","(70,)","(93.10770233467565,)"
"(3.91,)","(63,)","(68,)","(82,)","(80,)","(84,)","(109,)","(103,)","(77,)","(83,)","(108,)","(102,)","(78,)","(93.10770233467565,)"
"(3.99,)","(64,)","(71,)","(85,)","(83,)","(83,)","(108,)","(103,)","(77,)","(88,)","(108,)","(102,)","(76,)","(93.10770233467565,)"
"(4.06,)","(67,)","(71,)","(85,)","(84,)","(83,)","(108,)","(104,)","(78,)","(86,)","(106,)","(102,)","(78,)","(93.10770233467565,)"
"(4.15,)","(68,)","(72,)","(88,)","(86,)","(82,)","(108,)","(104,)","(78,)","(80,)","(108,)","(102,)","(76,)","(93.10770233467565,)"
"(4.23,)","(70,)","(75,)","(88,)","(87,)","(82,)","(107,)","(105,)","(78,)","(80,)","(108,)","(102,)","(76,)","(93.10770233467565,)"
"(4.31,)","(72,)","(75,)","(91,)","(89,)","(81,)","(107,)","(105,)","(79,)","(83,)","(105,)","(98,)","(80,)","(93.10770233467565,)"
"(4.4,)","(73,)","(78,)","(91,)","(92,)","(81,)","(107,)","(105,)","(79,)","(78,)","(102,)","(106,)","(80,)","(93.10770233467565,)"
"(4.48,)","(75,)","(78,)","(92,)","(93,)","(81,)","(107,)","(106,)","(80,)","(78,)","(102,)","(102,)","(76,)","(93.10770233467565,)"
"(4.56,)","(77,)","(79,)","(95,)","(96,)","(80,)","(106,)","(106,)","(80,)","(78,)","(106,)","(102,)","(76,)","(93.10770233467565,)"
"(4.64,)","(79,)","(82,)","(95,)","(98,)","(80,)","(106,)","(106,)","(80,)","(78,)","(102,)","(102,)","(80,)","(93.10770233467565,)"
"(4.72,)","(81,)","(82,)","(98,)","(99,)","(79,)","(106,)","(107,)","(81,)","(76,)","(106,)","(102,)","(78,)","(93.10770233467565,)"
"(4.77,)","(83,)","(84,)","(98,)","(101,)","(79,)","(106,)","(107,)","(81,)","(80,)","(105,)","(105,)","(78,)","(93.10770233467565,)"
"(4.85,)","(85,)","(85,)","(100,)","(103,)","(79,)","(105,)","(107,)","(81,)","(80,)","(102,)","(102,)","(80,)","(93.10770233467565,)"
"(4.93,)","(86,)","(86,)","(101,)","(104,)","(79,)","(105,)","(107,)","(81,)","(78,)","(102,)","(105,)","(80,)","(93.10770233467565,)"
"(5.01,)","(88,)","(87,)","(102,)","(105,)","(78,)","(104,)","(108,)","(82,)","(78,)","(102,)","(102,)","(78,)","(93.10770233467565,)"
"(5.09,)","(89,)","(90,)","(104,)","(108,)","(78,)","(104,)","(108,)","(82,)","(80,)","(102,)","(105,)","(80,)","(93.10770233467565,)"
"(5.17,)","(91,)","(90,)","(105,)","(109,)","(77,)","(103,)","(108,)","(83,)","(78,)","(102,)","(102,)","(80,)","(93.10770233467565,)"
"(5.25,)","(93,)","(93,)","(107,)","(112,)","(77,)","(103,)","(109,)","(84,)","(78,)","(102,)","(106,)","(80,)","(93.10770233467565,)"
"(5.34,)","(95,)","(93,)","(107,)","(112,)","(77,)","(103,)","(109,)","(84,)","(76,)","(102,)","(105,)","(83,)","(93.10770233467565,)"
"(5.42,)","(97,)","(94,)","(110,)","(115,)","(76,)","(102,)","(109,)","(85,)","(76,)","(100,)","(105,)","(80,)","(93.10770233467565,)"
"(5.5,)","(99,)","(97,)","(110,)","(116,)","(76,)","(102,)","(109,)","(85,)","(74,)","(102,)","(108,)","(80,)","(93.10770233467565,)"
"(5.58,)","(101,)","(97,)","(113,)","(119,)","(76,)","(101,)","(109,)","(86,)","(74,)","(98,)","(108,)","(83,)","(93.10770233467565,)"
"(5.66,)","(103,)","(100,)","(113,)","(120,)","(76,)","(101,)","(110,)","(86,)","(74,)","(102,)","(111,)","(80,)","(93.10770233467565,)"
"(5.74,)","(105,)","(100,)","(114,)","(121,)","(75,)","(100,)","(110,)","(87,)","(74,)","(102,)","(108,)","(83,)","(93.10770233467565,)"
"(5.82,)","(107,)","(103,)","(117,)","(124,)","(75,)","(100,)","(110,)","(87,)","(72,)","(98,)","(108,)","(83,)","(93.10770233467565,)"
"(5.9,)","(109,)","(103,)","(117,)","(125,)","(75,)","(99,)","(110,)","(88,)","(74,)","(97,)","(108,)","(86,)","(93.10770233467565,)"
"(5.98,)","(111,)","(106,)","(118,)","(126,)","(75,)","(99,)","(110,)","(88,)","(76,)","(98,)","(108,)","(80,)","(93.10770233467565,)"
"(6.06,)","(113,)","(106,)","(121,)","(129,)","(75,)","(99,)","(110,)","(89,)","(76,)","(97,)","(102,)","(83,)","(93.10770233467565,)"
"(6.14,)","(115,)","(108,)","(121,)","(131,)","(75,)","(98,)","(111,)","(89,)","(72,)","(95,)","(106,)","(85,)","(93.10770233467565,)"
"(6.19,)","(117,)","(109,)","(122,)","(131,)","(75,)","(98,)","(111,)","(89,)","(76,)","(95,)","(108,)","(86,)","(93.10770233467565,)"
"(6.27,)","(119,)","(111,)","(124,)","(133,)","(74,)","(98,)","(111,)","(90,)","(78,)","(95,)","(105,)","(86,)","(93.10770233467565,)"
"(6.35,)","(120,)","(112,)","(125,)","(134,)","(74,)","(97,)","(111,)","(91,)","(74,)","(93,)","(102,)","(86,)","(93.10770233467565,)"
"(6.43,)","(123,)","(113,)","(127,)","(135,)","(74,)","(96,)","(111,)","(91,)","(72,)","(95,)","(106,)","(86,)","(93.10770233467565,)"
"(6.51,)","(124,)","(116,)","(127,)","(138,)","(74,)","(96,)","(111,)","(92,)","(72,)","(95,)","(111,)","(88,)","(93.10770233467565,)"
"(6.59,)","(126,)","(116,)","(128,)","(139,)","(74,)","(95,)","(111,)","(92,)","(70,)","(95,)","(108,)","(86,)","(93.10770233467565,)"
"(6.67,)","(128,)","(119,)","(131,)","(140,)","(74,)","(95,)","(111,)","(93,)","(70,)","(91,)","(108,)","(88,)","(93.10770233467565,)"
"(6.75,)","(130,)","(119,)","(131,)","(142,)","(74,)","(94,)","(111,)","(93,)","(74,)","(95,)","(108,)","(88,)","(93.10770233467565,)"
"(6.84,)","(132,)","(122,)","(132,)","(143,)","(74,)","(94,)","(111,)","(94,)","(74,)","(93,)","(108,)","(90,)","(93.10770233467565,)"
"(6.92,)","(134,)","(122,)","(135,)","(146,)","(74,)","(93,)","(111,)","(94,)","(74,)","(91,)","(111,)","(90,)","(93.10770233467565,)"
"(6.99,)","(136,)","(124,)","(135,)","(147,)","(74,)","(93,)","(111,)","(95,)","(70,)","(91,)","(108,)","(90,)","(93.10770233467565,)"
"(7.07,)","(138,)","(125,)","(138,)","(148,)","(74,)","(92,)","(111,)","(95,)","(72,)","(91,)","(106,)","(93,)","(93.10770233467565,)"
"(7.16,)","(140,)","(127,)","(138,)","(149,)","(74,)","(92,)","(111,)","(96,)","(72,)","(91,)","(108,)","(93,)","(93.10770233467565,)"
"(7.24,)","(142,)","(128,)","(139,)","(152,)","(74,)","(91,)","(111,)","(96,)","(70,)","(91,)","(108,)","(91,)","(93.10770233467565,)"
"(7.32,)","(144,)","(130,)","(142,)","(153,)","(75,)","(91,)","(111,)","(97,)","(76,)","(91,)","(108,)","(95,)","(93.10770233467565,)"
"(7.4,)","(146,)","(132,)","(142,)","(154,)","(75,)","(90,)","(111,)","(97,)","(74,)","(88,)","(108,)","(91,)","(93.10770233467565,)"
"(7.48,)","(148,)","(133,)","(143,)","(157,)","(75,)","(90,)","(111,)","(98,)","(74,)","(91,)","(108,)","(95,)","(93.10770233467565,)"
"(7.53,)","(150,)","(135,)","(145,)","(157,)","(75,)","(90,)","(111,)","(98,)","(72,)","(88,)","(108,)","(95,)","(93.10770233467565,)"
"(7.62,)","(152,)","(137,)","(146,)","(159,)","(75,)","(89,)","(111,)","(98,)","(78,)","(88,)","(108,)","(95,)","(93.10770233467565,)"
"(7.7,)","(153,)","(138,)","(147,)","(160,)","(75,)","(88,)","(111,)","(99,)","(76,)","(90,)","(111,)","(95,)","(93.10770233467565,)"
"(7.78,)","(157,)","(141,)","(149,)","(161,)","(76,)","(88,)","(110,)","(100,)","(74,)","(88,)","(108,)","(95,)","(93.10770233467565,)"
"(7.86,)","(158,)","(141,)","(151,)","(164,)","(76,)","(87,)","(110,)","(100,)","(74,)","(91,)","(108,)","(95,)","(93.10770233467565,)"
"(7.94,)","(159,)","(144,)","(151,)","(164,)","(76,)","(87,)","(110,)","(101,)","(74,)","(88,)","(111,)","(100,)","(93.10770233467565,)"
"(8.02,)","(162,)","(146,)","(152,)","(167,)","(76,)","(86,)","(110,)","(101,)","(76,)","(88,)","(106,)","(95,)","(93.10770233467565,)"
"(8.11,)","(163,)","(146,)","(155,)","(167,)","(77,)","(86,)","(110,)","(101,)","(76,)","(86,)","(108,)","(97,)","(93.10770233467565,)"
"(8.18,)","(165,)","(149,)","(155,)","(170,)","(77,)","(85,)","(110,)","(102,)","(70,)","(86,)","(108,)","(95,)","(93.10770233467565,)"
"(8.27,)","(167,)","(150,)","(158,)","(170,)","(77,)","(85,)","(109,)","(102,)","(76,)","(85,)","(105,)","(97,)","(93.10770233467565,)"
"(8.35,)","(169,)","(151,)","(158,)","(171,)","(78,)","(84,)","(109,)","(103,)","(76,)","(83,)","(105,)","(95,)","(93.10770233467565,)"
"(8.43,)","(171,)","(154,)","(159,)","(173,)","(78,)","(84,)","(109,)","(103,)","(76,)","(85,)","(108,)","(100,)","(93.10770233467565,)"
"(8.51,)","(173,)","(156,)","(162,)","(174,)","(78,)","(83,)","(109,)","(104,)","(74,)","(83,)","(102,)","(95,)","(93.10770233467565,)"
"(8.59,)","(175,)","(157,)","(162,)","(177,)","(79,)","(83,)","(109,)","(104,)","(76,)","(86,)","(105,)","(100,)","(93.10770233467565,)"
"(8.67,)","(177,)","(158,)","(163,)","(177,)","(79,)","(82,)","(108,)","(104,)","(74,)","(80,)","(105,)","(102,)","(93.10770233467565,)"
"(8.75,)","(179,)","(161,)","(166,)","(180,)","(79,)","(82,)","(108,)","(105,)","(78,)","(80,)","(105,)","(98,)","(93.10770233467565,)"
"(8.83,)","(181,)","(162,)","(166,)","(180,)","(80,)","(81,)","(108,)","(105,)","(80,)","(80,)","(102,)","(100,)","(93.10770233467565,)"
"(8.88,)","(182,)","(164,)","(167,)","(181,)","(80,)","(81,)","(108,)","(105,)","(76,)","(78,)","(106,)","(102,)","(93.10770233467565,)"
"(8.96,)","(184,)","(166,)","(169,)","(183,)","(80,)","(81,)","(108,)","(105,)","(78,)","(80,)","(102,)","(102,)","(93.10770233467565,)"
"(9.04,)","(185,)","(167,)","(170,)","(184,)","(81,)","(80,)","(107,)","(106,)","(78,)","(80,)","(102,)","(102,)","(93.10770233467565,)"
"(9.12,)","(188,)","(170,)","(171,)","(185,)","(81,)","(80,)","(107,)","(106,)","(78,)","(80,)","(102,)","(98,)","(93.10770233467565,)"
"(9.2,)","(189,)","(170,)","(172,)","(186,)","(82,)","(79,)","(106,)","(107,)","(78,)","(80,)","(102,)","(100,)","(93.10770233467565,)"
"(9.28,)","(191,)","(173,)","(175,)","(189,)","(82,)","(79,)","(106,)","(107,)","(78,)","(80,)","(102,)","(102,)","(93.10770233467565,)"
"(9.36,)","(194,)","(175,)","(175,)","(189,)","(83,)","(79,)","(106,)","(107,)","(80,)","(78,)","(108,)","(102,)","(93.10770233467565,)"
"(9.44,)","(194,)","(177,)","(178,)","(191,)","(83,)","(78,)","(105,)","(107,)","(76,)","(78,)","(102,)","(102,)","(93.10770233467565,)"
"(9.52,)","(197,)","(179,)","(178,)","(192,)","(84,)","(78,)","(105,)","(108,)","(78,)","(80,)","(98,)","(106,)","(93.10770233467565,)"
"(9.6,)","(198,)","(181,)","(179,)","(193,)","(84,)","(78,)","(105,)","(108,)","(78,)","(76,)","(102,)","(102,)","(93.10770233467565,)"
"(9.68,)","(200,)","(183,)","(182,)","(196,)","(85,)","(77,)","(104,)","(108,)","(78,)","(74,)","(100,)","(102,)","(93.10770233467565,)"
"(9.76,)","(201,)","(183,)","(182,)","(196,)","(85,)","(77,)","(104,)","(109,)","(80,)","(76,)","(102,)","(102,)","(93.10770233467565,)"
"(9.84,)","(204,)","(186,)","(185,)","(197,)","(86,)","(77,)","(104,)","(109,)","(80,)","(72,)","(102,)","(105,)","(93.10770233467565,)"
"(9.92,)","(205,)","(188,)","(185,)","(200,)","(86,)","(76,)","(103,)","(109,)","(86,)","(83,)","(100,)","(100,)","(93.10770233467565,)"
"(10.0,)","(206,)","(189,)","(186,)","(200,)","(87,)","(76,)","(103,)","(109,)","(88,)","(74,)","(117,)","(102,)","(93.10770233467565,)"
"(10.08,)","(209,)","(191,)","(189,)","(203,)","(87,)","(76,)","(102,)","(109,)","(88,)","(76,)","(102,)","(102,)","(93.10770233467565,)"
"(10.16,)","(210,)","(194,)","(189,)","(203,)","(88,)","(76,)","(102,)","(110,)","(86,)","(72,)","(117,)","(97,)","(93.10770233467565,)"
"(10.22,)","(211,)","(195,)","(191,)","(204,)","(88,)","(76,)","(102,)","(110,)","(88,)","(74,)","(93,)","(105,)","(93.10770233467565,)"
"(10.3,)","(213,)","(197,)","(192,)","(206,)","(88,)","(75,)","(102,)","(110,)","(86,)","(74,)","(95,)","(98,)","(93.10770233467565,)"
"(10.37,)","(214,)","(198,)","(193,)","(207,)","(89,)","(75,)","(101,)","(110,)","(86,)","(74,)","(102,)","(102,)","(93.10770233467565,)"
"(10.45,)","(217,)","(201,)","(196,)","(208,)","(89,)","(75,)","(100,)","(110,)","(86,)","(74,)","(95,)","(102,)","(93.10770233467565,)"
"(10.54,)","(217,)","(202,)","(196,)","(209,)","(90,)","(75,)","(100,)","(110,)","(88,)","(72,)","(98,)","(102,)","(93.10770233467565,)"
"(10.61,)","(220,)","(204,)","(197,)","(210,)","(91,)","(75,)","(99,)","(111,)","(88,)","(74,)","(98,)","(108,)","(93.10770233467565,)"
"(10.69,)","(221,)","(206,)","(200,)","(213,)","(91,)","(74,)","(99,)","(111,)","(88,)","(74,)","(95,)","(106,)","(93.10770233467565,)"
"(10.78,)","(222,)","(208,)","(200,)","(213,)","(91,)","(74,)","(98,)","(111,)","(88,)","(76,)","(95,)","(108,)","(93.10770233467565,)"
"(10.86,)","(225,)","(210,)","(203,)","(214,)","(92,)","(74,)","(98,)","(111,)","(95,)","(74,)","(93,)","(105,)","(93.10770233467565,)"
"(10.94,)","(226,)","(212,)","(203,)","(217,)","(93,)","(74,)","(97,)","(111,)","(88,)","(74,)","(95,)","(105,)","(93.10770233467565,)"
"(11.02,)","(227,)","(214,)","(206,)","(217,)","(93,)","(74,)","(97,)","(111,)","(88,)","(72,)","(98,)","(105,)","(93.10770233467565,)"
"(11.1,)","(230,)","(217,)","(206,)","(220,)","(94,)","(74,)","(96,)","(111,)","(88,)","(72,)","(95,)","(105,)","(93.10770233467565,)"
"(11.18,)","(230,)","(218,)","(209,)","(220,)","(94,)","(74,)","(96,)","(111,)","(90,)","(72,)","(95,)","(106,)","(93.10770233467565,)"
"(11.26,)","(233,)","(221,)","(209,)","(221,)","(95,)","(74,)","(96,)","(111,)","(90,)","(72,)","(93,)","(108,)","(93.10770233467565,)"
"(11.34,)","(233,)","(222,)","(212,)","(224,)","(95,)","(74,)","(95,)","(111,)","(90,)","(70,)","(93,)","(108,)","(93.10770233467565,)"
"(11.42,)","(236,)","(225,)","(214,)","(224,)","(96,)","(74,)","(94,)","(111,)","(93,)","(74,)","(88,)","(105,)","(93.10770233467565,)"
"(11.5,)","(236,)","(226,)","(214,)","(225,)","(96,)","(74,)","(94,)","(111,)","(93,)","(70,)","(95,)","(106,)","(93.10770233467565,)"
"(11.56,)","(238,)","(228,)","(216,)","(227,)","(96,)","(74,)","(94,)","(111,)","(93,)","(74,)","(91,)","(108,)","(93.10770233467565,)"
"(11.63,)","(239,)","(230,)","(217,)","(228,)","(97,)","(74,)","(93,)","(111,)","(95,)","(70,)","(91,)","(111,)","(93.10770233467565,)"
"(11.72,)","(241,)","(232,)","(218,)","(229,)","(97,)","(74,)","(93,)","(111,)","(98,)","(72,)","(91,)","(111,)","(93.10770233467565,)"
"(11.79,)","(243,)","(233,)","(221,)","(230,)","(98,)","(75,)","(92,)","(111,)","(95,)","(70,)","(91,)","(111,)","(93.10770233467565,)"
"(11.88,)","(244,)","(237,)","(221,)","(233,)","(98,)","(75,)","(92,)","(111,)","(93,)","(70,)","(88,)","(106,)","(93.10770233467565,)"
"(11.96,)","(245,)","(237,)","(224,)","(233,)","(99,)","(75,)","(91,)","(111,)","(97,)","(72,)","(88,)","(111,)","(93.10770233467565,)"
"(12.04,)","(246,)","(241,)","(226,)","(234,)","(99,)","(75,)","(91,)","(111,)","(95,)","(74,)","(88,)","(111,)","(93.10770233467565,)"
"(12.12,)","(249,)","(242,)","(226,)","(237,)","(100,)","(75,)","(90,)","(111,)","(97,)","(70,)","(86,)","(111,)","(93.10770233467565,)"
"(12.2,)","(249,)","(244,)","(229,)","(237,)","(100,)","(75,)","(89,)","(111,)","(98,)","(72,)","(88,)","(114,)","(93.10770233467565,)"
"(12.28,)","(252,)","(247,)","(229,)","(238,)","(101,)","(76,)","(89,)","(110,)","(97,)","(74,)","(88,)","(114,)","(93.10770233467565,)"
"(12.36,)","(252,)","(248,)","(232,)","(241,)","(101,)","(76,)","(88,)","(110,)","(95,)","(72,)","(86,)","(111,)","(93.10770233467565,)"
"(12.44,)","(255,)","(249,)","(234,)","(241,)","(102,)","(76,)","(88,)","(110,)","(100,)","(72,)","(86,)","(108,)","(93.10770233467565,)"
"(12.52,)","(255,)","(252,)","(234,)","(242,)","(102,)","(76,)","(87,)","(110,)","(100,)","(70,)","(83,)","(111,)","(93.10770233467565,)"
"(12.6,)","(258,)","(253,)","(237,)","(244,)","(102,)","(77,)","(87,)","(110,)","(102,)","(68,)","(88,)","(108,)","(93.10770233467565,)"
"(12.69,)","(258,)","(255,)","(239,)","(245,)","(103,)","(77,)","(86,)","(110,)","(102,)","(76,)","(85,)","(115,)","(93.10770233467565,)"
"(12.77,)","(261,)","(258,)","(239,)","(246,)","(103,)","(77,)","(86,)","(109,)","(102,)","(76,)","(88,)","(108,)","(93.10770233467565,)"
"(12.86,)","(261,)","(259,)","(242,)","(249,)","(104,)","(78,)","(85,)","(109,)","(102,)","(76,)","(86,)","(114,)","(93.10770233467565,)"
"(12.91,)","(263,)","(261,)","(243,)","(249,)","(104,)","(78,)","(85,)","(109,)","(111,)","(76,)","(83,)","(111,)","(93.10770233467565,)"
"(12.99,)","(264,)","(263,)","(245,)","(251,)","(104,)","(78,)","(85,)","(109,)","(102,)","(78,)","(85,)","(111,)","(93.10770233467565,)"
"(13.07,)","(265,)","(264,)","(246,)","(252,)","(105,)","(79,)","(85,)","(109,)","(102,)","(76,)","(83,)","(108,)","(93.10770233467565,)"
"(13.15,)","(266,)","(267,)","(248,)","(253,)","(105,)","(79,)","(84,)","(108,)","(105,)","(76,)","(83,)","(111,)","(93.10770233467565,)"
"(13.24,)","(269,)","(268,)","(250,)","(254,)","(105,)","(79,)","(83,)","(108,)","(102,)","(76,)","(81,)","(108,)","(93.10770233467565,)"
"(13.27,)","(269,)","(269,)","(250,)","(255,)","(106,)","(80,)","(83,)","(108,)","(51,)","(76,)","(80,)","(125,)","(93.10770233467565,)"
"(13.27,)","(269,)","(269,)","(251,)","(255,)","(106,)","(80,)","(82,)","(108,)","(0,)","(0,)","(0,)","(0,)","(93.10770233467565,)"
"(13.27,)","(269,)","(270,)","(251,)","(256,)","(106,)","(80,)","(82,)","(108,)","(0,)","(0,)","(0,)","(0,)","(93.10770233467565,)"
"(13.27,)","(269,)","(270,)","(252,)","(256,)","(106,)","(80,)","(82,)","(108,)","(0,)","(0,)","(0,)","(0,)","(93.10770233467565,)"
"(13.27,)","(269,)","(270,)","(252,)","(256,)","(106,)","(80,)","(82,)","(108,)","(0,)","(0,)","(0,)","(0,)","(93.10770233467565,)"
"(13.27,)","(269,)","(270,)","(252,)","(256,)","(106,)","(80,)","(82,)","(108,)","(0,)","(0,)","(0,)","(0,)","(93.10770233467565,)"
"(13.27,)","(269,)","(270,)","(252,)","(256,)","(106,)","(80,)","(82,)","(108,)","(0,)","(0,)","(0,)","(0,)","(93.10770233467565,)"
"(13.27,)","(269,)","(270,)","(252,)","(256,)","(106,)","(80,)","(82,)","(108,)","(0,)","(0,)","(0,)","(0,)","(93.10770233467565,)"
"(13.27,)","(269,)","(270,)","(252,)","(256,)","(106,)","(80,)","(82,)","(108,)","(0,)","(0,)","(0,)","(0,)","(93.10770233467565,)"
"(13.27,)","(269,)","(270,)","(252,)","(256,)","(106,)","(80,)","(82,)","(108,)","(0,)","(0,)","(0,)","(0,)","(93.10770233467565,)"
"(13.27,)","(269,)","(270,)","(252,)","(256,)","(106,)","(80,)","(82,)","(108,)","(0,)","(0,)","(0,)","(0,)","(93.10770233467565,)"
"(13.27,)","(269,)","(270,)","(252,)","(256,)","(106,)","(80,)","(82,)","(108,)","(0,)","(0,)","(0,)","(0,)","(93.10770233467565,)"
"(13.27,)","(269,)","(270,)","(252,)","(256,)","(106,)","(80,)","(82,)","(108,)","(0,)","(0,)","(0,)","(0,)","(93.10770233467565,)"
"(13.27,)","(269,)","(270,)","(252,)","(256,)","(106,)","(80,)","(82,)","(108,)","(0,)","(0,)","(0,)","(0,)","(93.10770233467565,)"
"(13.27,)","(269,)","(270,)","(252,)","(256,)","(106,)","(80,)","(82,)","(108,)","(0,)","(0,)","(0,)","(0,)","(93.10770233467565,)"
"(13.27,)","(269,)","(270,)","(252,)","(256,)","(106,)","(80,)","(82,)","(108,)","(0,)","(0,)","(0,)","(0,)","(93.10770233467565,)"
"(13.27,)","(269,)","(270,)","(252,)","(256,)","(106,)","(80,)","(82,)","(108,)","(0,)","(0,)","(0,)","(0,)","(93.10770233467565,)"
"(13.27,)","(269,)","(270,)","(252,)","(256,)","(106,)","(80,)","(82,)","(108,)","(0,)","(0,)","(0,)","(0,)","(93.10770233467565,)"
"(13.27,)","(269,)","(270,)","(252,)","(256,)","(106,)","(80,)","(82,)","(108,)","(0,)","(0,)","(0,)","(0,)","(93.10770233467565,)"
"(13.27,)","(269,)","(270,)","(252,)","(256,)","(106,)","(80,)","(82,)","(108,)","(0,)","(0,)","(0,)","(0,)","(93.10770233467565,)"
"(13.27,)","(269,)","(270,)","(252,)","(256,)","(106,)","(80,)","(82,)","(108,)","(0,)","(0,)","(0,)","(0,)","(93.10770233467565,)"
"(13.27,)","(269,)","(270,)","(252,)","(256,)","(106,)","(80,)","(82,)","(108,)","(0,)","(0,)","(0,)","(0,)","(93.10770233467565,)"
"(13.27,)","(269,)","(270,)","(252,)","(256,)","(106,)","(80,)","(82,)","(108,)","(0,)","(0,)","(0,)","(0,)","(93.10770233467565,)"
