"(0,)","(52,)","(0,)","(0,)","(0,)","(0,)","(0,)","(0,)","(4,)","(455,)","(368,)","(5,)"
"(0,)","(52,)","(0,)","(0,)","(0,)","(0,)","(0,)","(0,)","(4,)","(457,)","(368,)","(5,)"
"(0,)","(52,)","(0,)","(0,)","(0,)","(0,)","(0,)","(0,)","(4,)","(459,)","(368,)","(5,)"
"(0,)","(52,)","(0,)","(0,)","(0,)","(0,)","(0,)","(0,)","(4,)","(461,)","(368,)","(5,)"
"(0,)","(52,)","(0,)","(0,)","(0,)","(0,)","(0,)","(0,)","(4,)","(463,)","(368,)","(5,)"
"(0,)","(52,)","(0,)","(0,)","(0,)","(0,)","(0,)","(0,)","(4,)","(465,)","(368,)","(5,)"
"(0,)","(52,)","(0,)","(0,)","(0,)","(0,)","(0,)","(0,)","(4,)","(467,)","(368,)","(5,)"
"(0,)","(52,)","(0,)","(0,)","(0,)","(0,)","(0,)","(0,)","(4,)","(469,)","(368,)","(5,)"
"(0,)","(52,)","(0,)","(0,)","(0,)","(0,)","(0,)","(0,)","(4,)","(471,)","(368,)","(5,)"
"(0,)","(52,)","(0,)","(0,)","(0,)","(0,)","(0,)","(0,)","(4,)","(473,)","(368,)","(5,)"
"(0,)","(52,)","(0,)","(0,)","(0,)","(0,)","(0,)","(0,)","(4,)","(475,)","(368,)","(5,)"
"(0,)","(52,)","(0,)","(0,)","(0,)","(0,)","(0,)","(0,)","(4,)","(477,)","(368,)","(5,)"
"(0,)","(52,)","(0,)","(0,)","(0,)","(0,)","(0,)","(0,)","(4,)","(479,)","(368,)","(5,)"
"(0,)","(52,)","(0,)","(0,)","(0,)","(0,)","(0,)","(0,)","(4,)","(481,)","(368,)","(5,)"
"(0,)","(52,)","(0,)","(0,)","(0,)","(0,)","(0,)","(0,)","(4,)","(483,)","(368,)","(5,)"
"(0,)","(52,)","(0,)","(0,)","(0,)","(0,)","(0,)","(0,)","(4,)","(485,)","(368,)","(5,)"
"(0,)","(52,)","(0,)","(0,)","(0,)","(0,)","(0,)","(0,)","(4,)","(487,)","(368,)","(5,)"
"(0,)","(52,)","(0,)","(0,)","(0,)","(0,)","(0,)","(0,)","(4,)","(489,)","(368,)","(5,)"
"(0,)","(52,)","(0,)","(0,)","(0,)","(0,)","(0,)","(0,)","(4,)","(491,)","(368,)","(5,)"
"(0,)","(52,)","(0,)","(0,)","(0,)","(0,)","(0,)","(0,)","(4,)","(493,)","(368,)","(5,)"
"(0,)","(52,)","(0,)","(0,)","(0,)","(0,)","(0,)","(0,)","(4,)","(495,)","(368,)","(5,)"
"(0,)","(52,)","(0,)","(0,)","(0,)","(0,)","(0,)","(0,)","(4,)","(497,)","(368,)","(5,)"
"(0,)","(52,)","(0,)","(0,)","(0,)","(0,)","(0,)","(0,)","(4,)","(499,)","(368,)","(5,)"
"(0,)","(52,)","(0,)","(0,)","(0,)","(0,)","(0,)","(0,)","(4,)","(501,)","(368,)","(5,)"
"(0,)","(52,)","(0,)","(0,)","(0,)","(0,)","(0,)","(0,)","(4,)","(503,)","(368,)","(5,)"
"(0,)","(52,)","(0,)","(0,)","(0,)","(0,)","(0,)","(0,)","(4,)","(505,)","(368,)","(5,)"
"(0,)","(52,)","(0,)","(0,)","(0,)","(0,)","(0,)","(0,)","(4,)","(506,)","(368,)","(5,)"
"(0,)","(52,)","(0,)","(0,)","(0,)","(0,)","(0,)","(0,)","(4,)","(508,)","(368,)","(5,)"
"(0,)","(52,)","(0,)","(0,)","(0,)","(0,)","(0,)","(0,)","(4,)","(510,)","(368,)","(5,)"
"(0,)","(52,)","(0,)","(0,)","(0,)","(0,)","(0,)","(0,)","(4,)","(512,)","(368,)","(5,)"
"(0,)","(52,)","(0,)","(0,)","(0,)","(0,)","(0,)","(0,)","(4,)","(514,)","(368,)","(5,)"
"(0,)","(52,)","(0,)","(0,)","(0,)","(0,)","(0,)","(0,)","(4,)","(516,)","(368,)","(5,)"
"(0,)","(52,)","(0,)","(0,)","(0,)","(0,)","(0,)","(0,)","(4,)","(518,)","(368,)","(5,)"
"(0,)","(52,)","(0,)","(0,)","(0,)","(0,)","(0,)","(0,)","(4,)","(520,)","(368,)","(5,)"
"(0,)","(52,)","(0,)","(0,)","(0,)","(0,)","(0,)","(0,)","(4,)","(522,)","(368,)","(5,)"
"(0,)","(52,)","(0,)","(0,)","(0,)","(0,)","(0,)","(0,)","(4,)","(524,)","(368,)","(5,)"
"(0,)","(200,)","(2,)","(0,)","(0,)","(0,)","(0,)","(0,)","(4,)","(536,)","(380,)","(6,)"
"(0,)","(366,)","(366,)","(0,)","(0,)","(0,)","(0,)","(0,)","(4,)","(562,)","(406,)","(6,)"
"(0,)","(353,)","(353,)","(0,)","(0,)","(0,)","(0,)","(0,)","(4,)","(587,)","(431,)","(6,)"
"(0,)","(370,)","(370,)","(0,)","(0,)","(0,)","(0,)","(0,)","(4,)","(614,)","(458,)","(6,)"
"(0,)","(366,)","(366,)","(0,)","(0,)","(0,)","(0,)","(0,)","(4,)","(640,)","(484,)","(6,)"
"(0,)","(366,)","(366,)","(0,)","(0,)","(0,)","(0,)","(0,)","(4,)","(665,)","(509,)","(6,)"
"(0,)","(0,)","(0,)","(0,)","(0,)","(0,)","(0,)","(0,)","(4,)","(665,)","(509,)","(6,)"
"(0,)","(0,)","(0,)","(0,)","(0,)","(0,)","(0,)","(0,)","(4,)","(665,)","(509,)","(6,)"
"(0,)","(17,)","(9,)","(3,)","(3,)","(3,)","(2,)","(2,)","(5,)","(668,)","(510,)","(7,)"
"(0,)","(98,)","(51,)","(0,)","(20,)","(21,)","(21,)","(20,)","(5,)","(672,)","(511,)","(7,)"
"(0,)","(0,)","(0,)","(54,)","(13,)","(12,)","(13,)","(13,)","(5,)","(672,)","(511,)","(13,)"
"(0,)","(12,)","(0,)","(20,)","(14,)","(15,)","(14,)","(15,)","(5,)","(673,)","(511,)","(14,)"
"(8,)","(0,)","(8,)","(0,)","(15,)","(15,)","(15,)","(15,)","(6,)","(673,)","(512,)","(14,)"
"(130,)","(16,)","(22,)","(17,)","(15,)","(15,)","(15,)","(15,)","(11,)","(674,)","(513,)","(15,)"
"(40,)","(38,)","(32,)","(37,)","(15,)","(15,)","(15,)","(15,)","(22,)","(676,)","(514,)","(17,)"
"(134,)","(50,)","(48,)","(52,)","(11,)","(11,)","(11,)","(11,)","(32,)","(678,)","(516,)","(20,)"
"(56,)","(86,)","(51,)","(56,)","(8,)","(8,)","(8,)","(8,)","(33,)","(680,)","(517,)","(21,)"
"(280,)","(62,)","(65,)","(65,)","(4,)","(4,)","(4,)","(4,)","(41,)","(682,)","(520,)","(23,)"
"(144,)","(180,)","(106,)","(152,)","(0,)","(0,)","(0,)","(0,)","(49,)","(688,)","(526,)","(28,)"
"(119,)","(76,)","(58,)","(58,)","(0,)","(0,)","(0,)","(0,)","(55,)","(691,)","(529,)","(31,)"
"(82,)","(78,)","(62,)","(88,)","(0,)","(0,)","(0,)","(0,)","(59,)","(694,)","(532,)","(34,)"
"(95,)","(64,)","(88,)","(65,)","(0,)","(0,)","(0,)","(0,)","(62,)","(698,)","(535,)","(38,)"
"(68,)","(65,)","(67,)","(66,)","(0,)","(0,)","(0,)","(0,)","(66,)","(701,)","(539,)","(41,)"
"(86,)","(88,)","(66,)","(88,)","(0,)","(0,)","(0,)","(0,)","(69,)","(704,)","(542,)","(44,)"
"(88,)","(64,)","(88,)","(63,)","(0,)","(0,)","(0,)","(0,)","(72,)","(708,)","(545,)","(48,)"
"(58,)","(59,)","(83,)","(59,)","(0,)","(0,)","(0,)","(0,)","(76,)","(711,)","(548,)","(51,)"
"(78,)","(76,)","(76,)","(55,)","(0,)","(0,)","(0,)","(0,)","(78,)","(713,)","(551,)","(54,)"
"(72,)","(68,)","(68,)","(66,)","(0,)","(0,)","(0,)","(0,)","(81,)","(716,)","(554,)","(56,)"
"(49,)","(47,)","(66,)","(63,)","(0,)","(0,)","(0,)","(0,)","(84,)","(719,)","(556,)","(59,)"
"(62,)","(59,)","(62,)","(60,)","(0,)","(0,)","(0,)","(0,)","(86,)","(721,)","(559,)","(61,)"
"(54,)","(62,)","(62,)","(60,)","(0,)","(0,)","(0,)","(0,)","(88,)","(723,)","(561,)","(63,)"
"(62,)","(59,)","(59,)","(59,)","(0,)","(0,)","(0,)","(0,)","(90,)","(725,)","(563,)","(66,)"
"(62,)","(65,)","(66,)","(65,)","(0,)","(0,)","(0,)","(0,)","(97,)","(728,)","(566,)","(68,)"
"(252,)","(66,)","(52,)","(52,)","(0,)","(0,)","(0,)","(0,)","(104,)","(730,)","(569,)","(71,)"
"(250,)","(72,)","(74,)","(57,)","(0,)","(0,)","(0,)","(0,)","(111,)","(733,)","(571,)","(74,)"
"(172,)","(76,)","(80,)","(60,)","(0,)","(0,)","(0,)","(0,)","(116,)","(736,)","(574,)","(77,)"
"(65,)","(63,)","(64,)","(64,)","(0,)","(0,)","(0,)","(0,)","(120,)","(740,)","(578,)","(80,)"
"(67,)","(65,)","(68,)","(88,)","(0,)","(0,)","(0,)","(0,)","(123,)","(743,)","(581,)","(83,)"
"(70,)","(95,)","(70,)","(68,)","(0,)","(0,)","(0,)","(0,)","(127,)","(746,)","(585,)","(87,)"
"(70,)","(72,)","(95,)","(71,)","(0,)","(0,)","(0,)","(0,)","(130,)","(750,)","(588,)","(91,)"
"(72,)","(74,)","(74,)","(74,)","(0,)","(0,)","(0,)","(0,)","(134,)","(754,)","(592,)","(94,)"
"(74,)","(74,)","(76,)","(75,)","(0,)","(0,)","(0,)","(0,)","(136,)","(756,)","(594,)","(96,)"
"(76,)","(76,)","(78,)","(76,)","(0,)","(0,)","(0,)","(0,)","(140,)","(760,)","(598,)","(100,)"
"(80,)","(76,)","(80,)","(78,)","(0,)","(0,)","(0,)","(0,)","(144,)","(764,)","(602,)","(104,)"
"(78,)","(81,)","(78,)","(80,)","(0,)","(0,)","(0,)","(0,)","(148,)","(768,)","(606,)","(108,)"
"(80,)","(78,)","(80,)","(80,)","(0,)","(0,)","(0,)","(0,)","(152,)","(772,)","(610,)","(112,)"
"(85,)","(80,)","(81,)","(81,)","(0,)","(0,)","(0,)","(0,)","(156,)","(776,)","(614,)","(116,)"
"(78,)","(83,)","(78,)","(81,)","(0,)","(0,)","(0,)","(0,)","(160,)","(780,)","(619,)","(121,)"
"(80,)","(80,)","(83,)","(81,)","(0,)","(0,)","(0,)","(0,)","(164,)","(784,)","(623,)","(125,)"
"(76,)","(78,)","(81,)","(81,)","(0,)","(0,)","(0,)","(0,)","(169,)","(788,)","(627,)","(129,)"
"(81,)","(83,)","(80,)","(76,)","(-10,)","(-11,)","(-10,)","(-10,)","(173,)","(792,)","(637,)","(138,)"
"(81,)","(78,)","(80,)","(80,)","(-7,)","(-7,)","(-8,)","(-8,)","(177,)","(796,)","(641,)","(142,)"
"(80,)","(78,)","(108,)","(78,)","(-12,)","(-13,)","(-12,)","(-12,)","(182,)","(800,)","(646,)","(146,)"
"(78,)","(80,)","(80,)","(80,)","(-19,)","(-20,)","(-20,)","(-20,)","(186,)","(804,)","(651,)","(150,)"
"(83,)","(78,)","(83,)","(81,)","(-18,)","(-17,)","(-17,)","(-17,)","(190,)","(808,)","(655,)","(154,)"
"(80,)","(72,)","(72,)","(80,)","(-17,)","(-17,)","(-17,)","(-17,)","(194,)","(813,)","(660,)","(158,)"
"(80,)","(80,)","(81,)","(81,)","(-17,)","(-17,)","(-17,)","(-17,)","(198,)","(818,)","(664,)","(162,)"
"(83,)","(80,)","(83,)","(83,)","(-17,)","(-17,)","(-17,)","(-17,)","(202,)","(822,)","(668,)","(166,)"
"(74,)","(85,)","(81,)","(81,)","(-17,)","(-17,)","(-17,)","(-17,)","(207,)","(827,)","(672,)","(171,)"
"(83,)","(80,)","(83,)","(81,)","(-17,)","(-17,)","(-17,)","(-17,)","(211,)","(831,)","(676,)","(175,)"
"(78,)","(81,)","(83,)","(81,)","(-17,)","(-17,)","(-17,)","(-17,)","(215,)","(835,)","(681,)","(179,)"
"(83,)","(83,)","(81,)","(81,)","(-17,)","(-17,)","(-17,)","(-17,)","(219,)","(839,)","(685,)","(183,)"
"(85,)","(81,)","(83,)","(83,)","(-18,)","(-19,)","(-19,)","(-19,)","(223,)","(844,)","(689,)","(187,)"
"(74,)","(81,)","(81,)","(78,)","(-28,)","(-28,)","(-28,)","(-28,)","(228,)","(849,)","(694,)","(193,)"
"(83,)","(81,)","(73,)","(81,)","(-33,)","(-33,)","(-33,)","(-33,)","(232,)","(853,)","(699,)","(197,)"
"(81,)","(81,)","(83,)","(81,)","(-33,)","(-33,)","(-33,)","(-33,)","(236,)","(857,)","(703,)","(201,)"
"(81,)","(83,)","(83,)","(81,)","(-33,)","(-33,)","(-33,)","(-33,)","(240,)","(861,)","(707,)","(205,)"
"(80,)","(81,)","(83,)","(81,)","(-34,)","(-35,)","(-35,)","(-35,)","(242,)","(863,)","(709,)","(207,)"
"(80,)","(81,)","(83,)","(81,)","(-36,)","(-36,)","(-36,)","(-36,)","(246,)","(868,)","(713,)","(211,)"
"(85,)","(81,)","(81,)","(73,)","(-37,)","(-38,)","(-38,)","(-37,)","(250,)","(872,)","(718,)","(216,)"
"(81,)","(85,)","(83,)","(83,)","(-40,)","(-40,)","(-40,)","(-40,)","(255,)","(876,)","(722,)","(220,)"
"(83,)","(81,)","(81,)","(81,)","(-40,)","(-40,)","(-40,)","(-40,)","(259,)","(880,)","(726,)","(224,)"
"(81,)","(74,)","(81,)","(81,)","(-41,)","(-42,)","(-42,)","(-42,)","(263,)","(885,)","(730,)","(228,)"
"(85,)","(81,)","(74,)","(83,)","(-41,)","(-42,)","(-42,)","(-42,)","(267,)","(889,)","(735,)","(232,)"
"(73,)","(83,)","(83,)","(80,)","(-44,)","(-44,)","(-44,)","(-44,)","(272,)","(893,)","(739,)","(237,)"
"(80,)","(83,)","(83,)","(83,)","(-44,)","(-44,)","(-45,)","(-44,)","(276,)","(897,)","(743,)","(241,)"
"(86,)","(74,)","(75,)","(83,)","(-48,)","(-48,)","(-48,)","(-48,)","(280,)","(902,)","(748,)","(245,)"
"(81,)","(85,)","(85,)","(83,)","(-49,)","(-49,)","(-49,)","(-49,)","(284,)","(906,)","(752,)","(249,)"
"(73,)","(81,)","(85,)","(74,)","(-51,)","(-51,)","(-51,)","(-51,)","(289,)","(910,)","(756,)","(254,)"
"(81,)","(152,)","(133,)","(81,)","(-59,)","(-60,)","(-60,)","(-60,)","(299,)","(921,)","(765,)","(264,)"
"(80,)","(85,)","(83,)","(80,)","(-57,)","(-57,)","(-58,)","(-57,)","(303,)","(925,)","(770,)","(268,)"
"(83,)","(81,)","(81,)","(81,)","(-57,)","(-57,)","(-57,)","(-57,)","(307,)","(930,)","(774,)","(272,)"
"(78,)","(85,)","(85,)","(81,)","(-57,)","(-57,)","(-57,)","(-58,)","(311,)","(934,)","(778,)","(276,)"
"(83,)","(85,)","(85,)","(83,)","(-59,)","(-59,)","(-59,)","(-58,)","(315,)","(938,)","(782,)","(280,)"
"(83,)","(75,)","(86,)","(83,)","(-59,)","(-59,)","(-60,)","(-59,)","(320,)","(943,)","(787,)","(285,)"
"(83,)","(85,)","(86,)","(83,)","(-60,)","(-60,)","(-60,)","(-60,)","(324,)","(947,)","(791,)","(289,)"
"(83,)","(81,)","(74,)","(85,)","(-50,)","(-50,)","(-50,)","(-50,)","(328,)","(951,)","(799,)","(295,)"
"(81,)","(83,)","(81,)","(81,)","(-49,)","(-49,)","(-49,)","(-49,)","(332,)","(955,)","(803,)","(299,)"
"(78,)","(81,)","(85,)","(81,)","(-49,)","(-49,)","(-49,)","(-49,)","(336,)","(959,)","(807,)","(303,)"
"(80,)","(83,)","(83,)","(81,)","(-48,)","(-48,)","(-48,)","(-47,)","(341,)","(964,)","(811,)","(308,)"
"(80,)","(81,)","(83,)","(81,)","(-43,)","(-43,)","(-42,)","(-43,)","(345,)","(968,)","(815,)","(312,)"
"(83,)","(80,)","(83,)","(81,)","(-39,)","(-39,)","(-39,)","(-38,)","(349,)","(972,)","(820,)","(316,)"
"(78,)","(106,)","(80,)","(81,)","(-37,)","(-37,)","(-37,)","(-37,)","(351,)","(975,)","(822,)","(318,)"
"(190,)","(187,)","(222,)","(198,)","(-31,)","(-31,)","(-31,)","(-31,)","(359,)","(985,)","(831,)","(326,)"
"(78,)","(81,)","(81,)","(80,)","(-26,)","(-26,)","(-26,)","(-26,)","(363,)","(989,)","(835,)","(330,)"
"(163,)","(190,)","(81,)","(81,)","(-22,)","(-22,)","(-22,)","(-22,)","(370,)","(995,)","(839,)","(334,)"
"(161,)","(142,)","(80,)","(80,)","(-3,)","(-2,)","(-2,)","(-2,)","(380,)","(1005,)","(849,)","(344,)"
"(80,)","(81,)","(78,)","(80,)","(-4,)","(-5,)","(-5,)","(-4,)","(384,)","(1010,)","(853,)","(348,)"
"(78,)","(78,)","(81,)","(81,)","(0,)","(1,)","(0,)","(0,)","(388,)","(1014,)","(859,)","(352,)"
"(74,)","(83,)","(80,)","(80,)","(0,)","(0,)","(0,)","(0,)","(393,)","(1018,)","(863,)","(356,)"
"(80,)","(81,)","(81,)","(81,)","(0,)","(0,)","(0,)","(0,)","(397,)","(1022,)","(867,)","(360,)"
"(85,)","(81,)","(85,)","(85,)","(0,)","(0,)","(0,)","(0,)","(401,)","(1026,)","(871,)","(364,)"
"(81,)","(73,)","(81,)","(73,)","(0,)","(0,)","(0,)","(0,)","(406,)","(1031,)","(876,)","(369,)"
"(80,)","(80,)","(85,)","(83,)","(6,)","(6,)","(6,)","(6,)","(412,)","(1040,)","(885,)","(377,)"
"(80,)","(83,)","(80,)","(78,)","(7,)","(7,)","(7,)","(7,)","(417,)","(1044,)","(889,)","(381,)"
"(78,)","(78,)","(80,)","(78,)","(18,)","(18,)","(18,)","(18,)","(421,)","(1048,)","(898,)","(389,)"
"(83,)","(80,)","(80,)","(78,)","(24,)","(25,)","(25,)","(25,)","(425,)","(1052,)","(902,)","(393,)"
"(80,)","(81,)","(80,)","(80,)","(26,)","(25,)","(25,)","(25,)","(429,)","(1056,)","(906,)","(397,)"
"(80,)","(81,)","(80,)","(80,)","(28,)","(28,)","(28,)","(28,)","(433,)","(1060,)","(910,)","(401,)"
"(81,)","(80,)","(78,)","(78,)","(34,)","(34,)","(34,)","(34,)","(437,)","(1064,)","(914,)","(405,)"
"(80,)","(81,)","(80,)","(78,)","(36,)","(36,)","(36,)","(36,)","(441,)","(1068,)","(919,)","(409,)"
"(80,)","(73,)","(81,)","(80,)","(36,)","(36,)","(36,)","(36,)","(445,)","(1073,)","(923,)","(413,)"
"(83,)","(85,)","(83,)","(81,)","(40,)","(40,)","(40,)","(40,)","(451,)","(1081,)","(929,)","(418,)"
"(81,)","(83,)","(80,)","(80,)","(42,)","(42,)","(42,)","(41,)","(456,)","(1085,)","(933,)","(423,)"
"(85,)","(81,)","(83,)","(83,)","(44,)","(44,)","(43,)","(43,)","(460,)","(1089,)","(937,)","(427,)"
"(78,)","(74,)","(81,)","(81,)","(44,)","(44,)","(44,)","(43,)","(464,)","(1094,)","(941,)","(431,)"
"(83,)","(83,)","(83,)","(83,)","(44,)","(44,)","(44,)","(44,)","(468,)","(1098,)","(946,)","(435,)"
"(81,)","(85,)","(83,)","(83,)","(44,)","(44,)","(44,)","(44,)","(473,)","(1102,)","(950,)","(439,)"
"(86,)","(83,)","(85,)","(81,)","(44,)","(44,)","(44,)","(44,)","(475,)","(1104,)","(952,)","(441,)"
"(81,)","(83,)","(81,)","(73,)","(44,)","(44,)","(44,)","(44,)","(479,)","(1108,)","(956,)","(446,)"
"(81,)","(81,)","(73,)","(83,)","(44,)","(44,)","(44,)","(44,)","(483,)","(1113,)","(961,)","(450,)"
"(73,)","(85,)","(83,)","(81,)","(44,)","(44,)","(44,)","(44,)","(488,)","(1117,)","(965,)","(454,)"
"(81,)","(81,)","(81,)","(81,)","(44,)","(44,)","(44,)","(44,)","(492,)","(1121,)","(969,)","(458,)"
"(81,)","(129,)","(111,)","(111,)","(52,)","(53,)","(52,)","(52,)","(501,)","(1132,)","(980,)","(468,)"
"(81,)","(73,)","(81,)","(83,)","(53,)","(53,)","(53,)","(53,)","(505,)","(1137,)","(984,)","(472,)"
"(83,)","(83,)","(73,)","(73,)","(53,)","(52,)","(52,)","(52,)","(509,)","(1141,)","(989,)","(477,)"
"(78,)","(83,)","(81,)","(81,)","(53,)","(52,)","(52,)","(52,)","(514,)","(1145,)","(993,)","(481,)"
"(83,)","(81,)","(83,)","(81,)","(54,)","(55,)","(55,)","(54,)","(518,)","(1149,)","(997,)","(485,)"
"(86,)","(76,)","(83,)","(81,)","(54,)","(55,)","(55,)","(54,)","(522,)","(1154,)","(1001,)","(489,)"
"(83,)","(86,)","(76,)","(85,)","(54,)","(55,)","(55,)","(54,)","(526,)","(1158,)","(1006,)","(493,)"
"(88,)","(85,)","(85,)","(83,)","(55,)","(55,)","(55,)","(55,)","(531,)","(1162,)","(1010,)","(498,)"
"(81,)","(74,)","(83,)","(83,)","(61,)","(61,)","(61,)","(60,)","(535,)","(1167,)","(1016,)","(502,)"
"(81,)","(85,)","(74,)","(81,)","(60,)","(59,)","(59,)","(60,)","(539,)","(1171,)","(1021,)","(506,)"
"(85,)","(85,)","(85,)","(83,)","(64,)","(64,)","(64,)","(64,)","(543,)","(1175,)","(1025,)","(510,)"
"(80,)","(81,)","(83,)","(81,)","(72,)","(73,)","(73,)","(72,)","(548,)","(1179,)","(1033,)","(515,)"
"(111,)","(73,)","(85,)","(73,)","(81,)","(81,)","(81,)","(81,)","(553,)","(1184,)","(1039,)","(520,)"
"(81,)","(83,)","(83,)","(83,)","(83,)","(83,)","(83,)","(83,)","(557,)","(1188,)","(1043,)","(524,)"
"(80,)","(81,)","(83,)","(83,)","(91,)","(92,)","(91,)","(91,)","(561,)","(1192,)","(1050,)","(531,)"
"(85,)","(83,)","(83,)","(83,)","(90,)","(89,)","(90,)","(90,)","(565,)","(1196,)","(1054,)","(535,)"
"(83,)","(76,)","(85,)","(76,)","(89,)","(89,)","(89,)","(89,)","(570,)","(1201,)","(1058,)","(540,)"
"(86,)","(83,)","(75,)","(85,)","(93,)","(94,)","(93,)","(93,)","(574,)","(1206,)","(1063,)","(544,)"
"(117,)","(117,)","(81,)","(121,)","(100,)","(100,)","(100,)","(100,)","(584,)","(1216,)","(1071,)","(554,)"
"(90,)","(74,)","(85,)","(86,)","(107,)","(108,)","(107,)","(107,)","(590,)","(1221,)","(1075,)","(559,)"
"(81,)","(83,)","(83,)","(90,)","(108,)","(108,)","(108,)","(108,)","(594,)","(1225,)","(1080,)","(563,)"
"(83,)","(88,)","(86,)","(82,)","(109,)","(109,)","(109,)","(108,)","(596,)","(1227,)","(1082,)","(566,)"
"(81,)","(83,)","(83,)","(83,)","(111,)","(111,)","(111,)","(111,)","(600,)","(1231,)","(1086,)","(571,)"
"(81,)","(91,)","(83,)","(90,)","(113,)","(113,)","(113,)","(113,)","(604,)","(1237,)","(1090,)","(575,)"
"(83,)","(83,)","(83,)","(77,)","(115,)","(115,)","(115,)","(115,)","(608,)","(1241,)","(1095,)","(580,)"
"(75,)","(81,)","(85,)","(85,)","(120,)","(121,)","(120,)","(120,)","(613,)","(1248,)","(1099,)","(584,)"
"(81,)","(83,)","(83,)","(83,)","(124,)","(125,)","(125,)","(125,)","(619,)","(1252,)","(1103,)","(588,)"
"(81,)","(75,)","(76,)","(75,)","(127,)","(127,)","(127,)","(127,)","(623,)","(1257,)","(1108,)","(593,)"
"(83,)","(83,)","(83,)","(83,)","(130,)","(130,)","(130,)","(130,)","(627,)","(1261,)","(1112,)","(597,)"
"(86,)","(85,)","(86,)","(83,)","(130,)","(131,)","(130,)","(131,)","(631,)","(1265,)","(1116,)","(601,)"
"(121,)","(80,)","(76,)","(81,)","(142,)","(142,)","(142,)","(142,)","(640,)","(1273,)","(1121,)","(607,)"
"(75,)","(85,)","(78,)","(80,)","(139,)","(140,)","(140,)","(140,)","(645,)","(1277,)","(1125,)","(611,)"
"(74,)","(76,)","(83,)","(78,)","(144,)","(144,)","(144,)","(144,)","(649,)","(1282,)","(1129,)","(615,)"
"(95,)","(69,)","(76,)","(78,)","(147,)","(148,)","(148,)","(148,)","(652,)","(1286,)","(1133,)","(619,)"
"(71,)","(76,)","(75,)","(74,)","(152,)","(153,)","(153,)","(153,)","(657,)","(1291,)","(1137,)","(623,)"
"(70,)","(68,)","(95,)","(70,)","(158,)","(158,)","(158,)","(158,)","(661,)","(1295,)","(1140,)","(627,)"
"(66,)","(86,)","(64,)","(88,)","(159,)","(160,)","(160,)","(160,)","(664,)","(1298,)","(1144,)","(630,)"
"(83,)","(80,)","(60,)","(80,)","(153,)","(153,)","(153,)","(153,)","(667,)","(1301,)","(1148,)","(634,)"
"(55,)","(63,)","(83,)","(66,)","(173,)","(174,)","(173,)","(173,)","(677,)","(1310,)","(1157,)","(643,)"
"(50,)","(183,)","(217,)","(149,)","(184,)","(185,)","(187,)","(186,)","(680,)","(1317,)","(1164,)","(653,)"
"(48,)","(54,)","(42,)","(156,)","(178,)","(177,)","(176,)","(177,)","(682,)","(1321,)","(1172,)","(660,)"
"(58,)","(42,)","(180,)","(41,)","(180,)","(180,)","(180,)","(180,)","(684,)","(1322,)","(1179,)","(668,)"
"(34,)","(51,)","(37,)","(32,)","(180,)","(180,)","(180,)","(180,)","(685,)","(1324,)","(1180,)","(669,)"
"(26,)","(31,)","(27,)","(23,)","(180,)","(179,)","(179,)","(180,)","(686,)","(1325,)","(1181,)","(670,)"
"(17,)","(19,)","(21,)","(0,)","(180,)","(179,)","(179,)","(180,)","(687,)","(1326,)","(1182,)","(670,)"
"(0,)","(377,)","(352,)","(366,)","(157,)","(157,)","(157,)","(157,)","(687,)","(1342,)","(1198,)","(696,)"
"(88,)","(366,)","(366,)","(405,)","(141,)","(140,)","(139,)","(141,)","(697,)","(1355,)","(1211,)","(702,)"
"(266,)","(444,)","(373,)","(113,)","(107,)","(103,)","(102,)","(105,)","(716,)","(1372,)","(1237,)","(712,)"
"(370,)","(0,)","(0,)","(366,)","(72,)","(66,)","(64,)","(69,)","(720,)","(1372,)","(1237,)","(737,)"
"(0,)","(0,)","(98,)","(366,)","(38,)","(29,)","(26,)","(33,)","(720,)","(1372,)","(1251,)","(763,)"
"(327,)","(0,)","(380,)","(353,)","(3,)","(-6,)","(-7,)","(-3,)","(738,)","(1372,)","(1278,)","(789,)"
"(206,)","(0,)","(345,)","(345,)","(-4,)","(0,)","(0,)","(-3,)","(753,)","(1372,)","(1304,)","(815,)"
"(111,)","(0,)","(358,)","(176,)","(2,)","(1,)","(2,)","(3,)","(756,)","(1372,)","(1319,)","(827,)"
"(52,)","(0,)","(352,)","(339,)","(0,)","(0,)","(-1,)","(-1,)","(758,)","(1372,)","(1332,)","(839,)"
"(52,)","(0,)","(0,)","(0,)","(0,)","(0,)","(0,)","(0,)","(760,)","(1372,)","(1332,)","(839,)"
"(52,)","(0,)","(0,)","(0,)","(0,)","(0,)","(0,)","(0,)","(762,)","(1372,)","(1332,)","(839,)"
"(52,)","(0,)","(0,)","(0,)","(0,)","(0,)","(0,)","(0,)","(764,)","(1372,)","(1332,)","(839,)"
"(52,)","(0,)","(0,)","(0,)","(0,)","(0,)","(0,)","(0,)","(766,)","(1372,)","(1332,)","(839,)"
"(333,)","(0,)","(250,)","(416,)","(22,)","(22,)","(22,)","(22,)","(784,)","(1372,)","(1346,)","(855,)"
"(91,)","(0,)","(0,)","(0,)","(54,)","(57,)","(57,)","(55,)","(785,)","(1372,)","(1346,)","(855,)"
"(34,)","(126,)","(15,)","(11,)","(87,)","(92,)","(92,)","(89,)","(787,)","(1381,)","(1347,)","(856,)"
"(34,)","(0,)","(16,)","(0,)","(93,)","(92,)","(93,)","(93,)","(789,)","(1381,)","(1348,)","(856,)"
"(97,)","(15,)","(27,)","(0,)","(87,)","(87,)","(86,)","(87,)","(795,)","(1382,)","(1349,)","(856,)"
"(533,)","(43,)","(0,)","(12,)","(90,)","(90,)","(91,)","(90,)","(817,)","(1383,)","(1349,)","(857,)"
"(0,)","(46,)","(18,)","(19,)","(90,)","(90,)","(89,)","(90,)","(817,)","(1385,)","(1350,)","(858,)"
"(50,)","(129,)","(358,)","(345,)","(67,)","(66,)","(66,)","(67,)","(822,)","(1398,)","(1376,)","(874,)"
"(27,)","(888,)","(217,)","(218,)","(33,)","(30,)","(30,)","(33,)","(824,)","(1407,)","(1390,)","(890,)"
"(46,)","(17,)","(139,)","(124,)","(0,)","(-5,)","(-7,)","(-2,)","(825,)","(1408,)","(1400,)","(893,)"
"(307,)","(126,)","(74,)","(0,)","(-34,)","(-42,)","(-46,)","(-39,)","(837,)","(1418,)","(1405,)","(893,)"
"(57,)","(47,)","(177,)","(183,)","(-69,)","(-80,)","(-84,)","(-76,)","(840,)","(1421,)","(1412,)","(900,)"
"(273,)","(146,)","(42,)","(176,)","(-101,)","(-106,)","(-108,)","(-105,)","(849,)","(1432,)","(1415,)","(906,)"
"(245,)","(196,)","(179,)","(101,)","(-104,)","(-101,)","(-100,)","(-103,)","(862,)","(1436,)","(1421,)","(912,)"
"(518,)","(62,)","(28,)","(88,)","(-95,)","(-95,)","(-94,)","(-94,)","(868,)","(1438,)","(1422,)","(913,)"
"(35,)","(40,)","(41,)","(36,)","(-95,)","(-96,)","(-97,)","(-96,)","(870,)","(1439,)","(1424,)","(915,)"
"(133,)","(266,)","(42,)","(187,)","(-85,)","(-84,)","(-83,)","(-85,)","(885,)","(1446,)","(1426,)","(923,)"
"(380,)","(164,)","(380,)","(183,)","(-54,)","(-51,)","(-50,)","(-52,)","(897,)","(1461,)","(1440,)","(938,)"
"(353,)","(112,)","(76,)","(160,)","(-20,)","(-15,)","(-14,)","(-16,)","(916,)","(1472,)","(1453,)","(953,)"
"(666,)","(228,)","(484,)","(375,)","(6,)","(8,)","(10,)","(8,)","(918,)","(1491,)","(1470,)","(961,)"
"(17,)","(0,)","(183,)","(66,)","(-1,)","(-3,)","(-4,)","(-2,)","(919,)","(1491,)","(1478,)","(973,)"
"(45,)","(57,)","(326,)","(333,)","(0,)","(0,)","(0,)","(0,)","(921,)","(1493,)","(1502,)","(994,)"
"(0,)","(52,)","(38,)","(0,)","(0,)","(0,)","(0,)","(0,)","(921,)","(1495,)","(1503,)","(994,)"
"(12,)","(52,)","(0,)","(0,)","(0,)","(0,)","(0,)","(0,)","(922,)","(1497,)","(1503,)","(994,)"
"(52,)","(26,)","(0,)","(0,)","(0,)","(0,)","(0,)","(0,)","(924,)","(1498,)","(1503,)","(994,)"
"(52,)","(26,)","(0,)","(0,)","(0,)","(0,)","(0,)","(0,)","(926,)","(1499,)","(1503,)","(994,)"
"(121,)","(235,)","(333,)","(133,)","(22,)","(22,)","(21,)","(21,)","(939,)","(1520,)","(1518,)","(1008,)"
"(0,)","(0,)","(0,)","(25,)","(54,)","(55,)","(56,)","(55,)","(939,)","(1520,)","(1518,)","(1009,)"
"(296,)","(121,)","(17,)","(0,)","(82,)","(83,)","(84,)","(83,)","(941,)","(1525,)","(1519,)","(1009,)"
"(49,)","(53,)","(43,)","(86,)","(76,)","(75,)","(75,)","(76,)","(942,)","(1527,)","(1522,)","(1018,)"
"(206,)","(24,)","(26,)","(23,)","(77,)","(77,)","(77,)","(77,)","(953,)","(1528,)","(1523,)","(1019,)"
"(38,)","(32,)","(37,)","(34,)","(78,)","(78,)","(78,)","(78,)","(959,)","(1529,)","(1524,)","(1020,)"
"(261,)","(140,)","(50,)","(47,)","(93,)","(93,)","(93,)","(92,)","(977,)","(1533,)","(1530,)","(1025,)"
"(57,)","(59,)","(54,)","(55,)","(90,)","(90,)","(90,)","(90,)","(979,)","(1537,)","(1532,)","(1027,)"
"(97,)","(68,)","(50,)","(47,)","(95,)","(95,)","(95,)","(95,)","(987,)","(1542,)","(1535,)","(1030,)"
"(100,)","(235,)","(266,)","(102,)","(115,)","(115,)","(116,)","(114,)","(997,)","(1552,)","(1544,)","(1037,)"
"(76,)","(80,)","(83,)","(78,)","(117,)","(117,)","(118,)","(117,)","(1005,)","(1555,)","(1547,)","(1040,)"
"(86,)","(64,)","(64,)","(63,)","(116,)","(116,)","(115,)","(116,)","(1011,)","(1559,)","(1551,)","(1044,)"
"(61,)","(63,)","(108,)","(66,)","(132,)","(133,)","(133,)","(133,)","(1015,)","(1562,)","(1559,)","(1050,)"
"(275,)","(65,)","(70,)","(68,)","(138,)","(139,)","(140,)","(140,)","(1020,)","(1564,)","(1561,)","(1052,)"
"(172,)","(93,)","(71,)","(72,)","(143,)","(143,)","(143,)","(143,)","(1028,)","(1568,)","(1565,)","(1055,)"
"(71,)","(72,)","(74,)","(72,)","(147,)","(148,)","(148,)","(147,)","(1034,)","(1572,)","(1568,)","(1059,)"
"(129,)","(72,)","(114,)","(75,)","(155,)","(156,)","(155,)","(155,)","(1043,)","(1582,)","(1576,)","(1069,)"
"(100,)","(111,)","(76,)","(76,)","(162,)","(163,)","(163,)","(163,)","(1048,)","(1587,)","(1580,)","(1073,)"
"(80,)","(76,)","(78,)","(80,)","(168,)","(168,)","(168,)","(168,)","(1053,)","(1591,)","(1584,)","(1077,)"
"(78,)","(81,)","(78,)","(81,)","(168,)","(169,)","(168,)","(169,)","(1057,)","(1595,)","(1588,)","(1081,)"
"(100,)","(76,)","(81,)","(81,)","(178,)","(179,)","(179,)","(179,)","(1065,)","(1602,)","(1592,)","(1085,)"
"(83,)","(78,)","(80,)","(76,)","(180,)","(180,)","(180,)","(180,)","(1069,)","(1606,)","(1596,)","(1089,)"
"(80,)","(81,)","(78,)","(78,)","(180,)","(179,)","(179,)","(179,)","(1073,)","(1610,)","(1600,)","(1093,)"
"(74,)","(85,)","(81,)","(81,)","(180,)","(179,)","(179,)","(179,)","(1078,)","(1615,)","(1604,)","(1097,)"
"(81,)","(83,)","(73,)","(81,)","(180,)","(179,)","(179,)","(179,)","(1082,)","(1619,)","(1609,)","(1101,)"
"(81,)","(85,)","(85,)","(85,)","(180,)","(179,)","(179,)","(179,)","(1086,)","(1623,)","(1613,)","(1106,)"
"(86,)","(83,)","(83,)","(81,)","(180,)","(179,)","(179,)","(179,)","(1090,)","(1627,)","(1617,)","(1110,)"
"(83,)","(83,)","(85,)","(83,)","(180,)","(179,)","(179,)","(179,)","(1095,)","(1632,)","(1621,)","(1114,)"
"(86,)","(83,)","(85,)","(75,)","(180,)","(179,)","(179,)","(179,)","(1099,)","(1636,)","(1626,)","(1119,)"
"(83,)","(86,)","(81,)","(85,)","(180,)","(179,)","(179,)","(179,)","(1103,)","(1640,)","(1630,)","(1123,)"
"(76,)","(74,)","(85,)","(86,)","(176,)","(176,)","(176,)","(176,)","(1108,)","(1645,)","(1634,)","(1127,)"
"(85,)","(86,)","(83,)","(83,)","(170,)","(170,)","(170,)","(170,)","(1112,)","(1649,)","(1639,)","(1131,)"
"(81,)","(83,)","(85,)","(85,)","(169,)","(169,)","(169,)","(169,)","(1116,)","(1653,)","(1643,)","(1136,)"
"(83,)","(76,)","(85,)","(85,)","(163,)","(163,)","(163,)","(163,)","(1121,)","(1658,)","(1647,)","(1140,)"
"(86,)","(83,)","(76,)","(83,)","(158,)","(158,)","(158,)","(158,)","(1125,)","(1662,)","(1652,)","(1144,)"
"(86,)","(83,)","(86,)","(75,)","(158,)","(158,)","(158,)","(158,)","(1129,)","(1666,)","(1656,)","(1149,)"
"(86,)","(133,)","(114,)","(81,)","(152,)","(152,)","(152,)","(152,)","(1138,)","(1676,)","(1666,)","(1159,)"
"(86,)","(83,)","(75,)","(81,)","(142,)","(141,)","(142,)","(141,)","(1142,)","(1681,)","(1671,)","(1164,)"
"(78,)","(81,)","(83,)","(80,)","(140,)","(140,)","(140,)","(140,)","(1146,)","(1685,)","(1675,)","(1168,)"
"(81,)","(81,)","(217,)","(190,)","(134,)","(135,)","(135,)","(135,)","(1148,)","(1687,)","(1682,)","(1174,)"
"(83,)","(80,)","(75,)","(75,)","(121,)","(120,)","(121,)","(121,)","(1153,)","(1691,)","(1686,)","(1178,)"
"(75,)","(76,)","(80,)","(75,)","(119,)","(118,)","(118,)","(118,)","(1157,)","(1695,)","(1690,)","(1182,)"
"(72,)","(78,)","(80,)","(80,)","(113,)","(114,)","(113,)","(114,)","(1162,)","(1699,)","(1694,)","(1186,)"
"(81,)","(85,)","(83,)","(78,)","(108,)","(108,)","(108,)","(108,)","(1166,)","(1703,)","(1698,)","(1190,)"
"(85,)","(152,)","(152,)","(108,)","(99,)","(99,)","(99,)","(99,)","(1175,)","(1714,)","(1709,)","(1199,)"
"(76,)","(73,)","(83,)","(80,)","(90,)","(90,)","(90,)","(90,)","(1180,)","(1719,)","(1713,)","(1204,)"
"(86,)","(83,)","(85,)","(80,)","(89,)","(89,)","(89,)","(89,)","(1184,)","(1723,)","(1718,)","(1208,)"
"(83,)","(85,)","(85,)","(75,)","(89,)","(89,)","(89,)","(89,)","(1188,)","(1727,)","(1722,)","(1213,)"
"(85,)","(83,)","(85,)","(83,)","(87,)","(88,)","(87,)","(88,)","(1192,)","(1731,)","(1726,)","(1217,)"
"(85,)","(76,)","(83,)","(81,)","(71,)","(70,)","(70,)","(70,)","(1197,)","(1736,)","(1734,)","(1227,)"
"(83,)","(88,)","(80,)","(75,)","(58,)","(57,)","(56,)","(57,)","(1202,)","(1740,)","(1738,)","(1231,)"
"(85,)","(80,)","(83,)","(83,)","(58,)","(59,)","(59,)","(59,)","(1206,)","(1744,)","(1742,)","(1235,)"
"(76,)","(85,)","(83,)","(83,)","(51,)","(50,)","(51,)","(51,)","(1211,)","(1748,)","(1748,)","(1241,)"
"(88,)","(83,)","(75,)","(75,)","(49,)","(49,)","(48,)","(49,)","(1215,)","(1753,)","(1753,)","(1246,)"
"(86,)","(83,)","(83,)","(85,)","(43,)","(43,)","(44,)","(44,)","(1224,)","(1762,)","(1762,)","(1255,)"
"(76,)","(77,)","(85,)","(85,)","(44,)","(44,)","(44,)","(44,)","(1229,)","(1767,)","(1766,)","(1259,)"
"(85,)","(85,)","(75,)","(81,)","(44,)","(44,)","(44,)","(44,)","(1233,)","(1771,)","(1771,)","(1263,)"
"(123,)","(108,)","(81,)","(80,)","(24,)","(23,)","(24,)","(24,)","(1244,)","(1780,)","(1780,)","(1273,)"
