"(0,)","(0,)","(0,)","(0,)","(0,)","(0,)","(-2,)","(1,)","(0,)","(0,)","(0,)","(0,)","(0,)","(0,)","(0,)","(0,)","(0,)","(0,)","(0,)","(0,)"
"(0,)","(0,)","(0,)","(0,)","(0,)","(0,)","(-2,)","(1,)","(0,)","(0,)","(0,)","(0,)","(0,)","(0,)","(0,)","(0,)","(0,)","(0,)","(0,)","(0,)"
"(0,)","(0,)","(0,)","(0,)","(0,)","(0,)","(-2,)","(1,)","(0,)","(0,)","(0,)","(0,)","(0,)","(0,)","(0,)","(0,)","(0,)","(0,)","(0,)","(0,)"
"(0,)","(0,)","(0,)","(0,)","(0,)","(0,)","(-2,)","(1,)","(0,)","(0,)","(0,)","(0,)","(0,)","(0,)","(0,)","(0,)","(0,)","(0,)","(0,)","(0,)"
"(0,)","(0,)","(0,)","(0,)","(0,)","(0,)","(-2,)","(1,)","(0,)","(0,)","(0,)","(0,)","(0,)","(0,)","(0,)","(0,)","(0,)","(0,)","(0,)","(0,)"
"(0,)","(0,)","(0,)","(0,)","(0,)","(0,)","(-2,)","(1,)","(0,)","(0,)","(0,)","(0,)","(0,)","(0,)","(0,)","(0,)","(0,)","(0,)","(0,)","(0,)"
"(0,)","(0,)","(0,)","(0,)","(0,)","(0,)","(-2,)","(1,)","(0,)","(0,)","(0,)","(0,)","(0,)","(0,)","(0,)","(0,)","(0,)","(0,)","(0,)","(0,)"
"(0,)","(0,)","(0,)","(0,)","(0,)","(0,)","(-2,)","(1,)","(0,)","(0,)","(0,)","(0,)","(0,)","(0,)","(0,)","(0,)","(0,)","(0,)","(0,)","(0,)"
"(0,)","(0,)","(0,)","(0,)","(0,)","(0,)","(-2,)","(1,)","(0,)","(0,)","(0,)","(0,)","(0,)","(0,)","(0,)","(0,)","(0,)","(0,)","(0,)","(0,)"
"(0,)","(0,)","(0,)","(0,)","(0,)","(0,)","(-2,)","(1,)","(0,)","(0,)","(0,)","(0,)","(0,)","(0,)","(0,)","(0,)","(0,)","(0,)","(0,)","(0,)"
"(0,)","(0,)","(0,)","(0,)","(0,)","(0,)","(-2,)","(1,)","(0,)","(0,)","(0,)","(0,)","(0,)","(0,)","(0,)","(0,)","(0,)","(0,)","(0,)","(0,)"
"(0,)","(0,)","(0,)","(0,)","(0,)","(0,)","(-2,)","(1,)","(0,)","(0,)","(0,)","(0,)","(0,)","(0,)","(0,)","(0,)","(0,)","(0,)","(0,)","(0,)"
"(0,)","(0,)","(0,)","(0,)","(0,)","(0,)","(-2,)","(1,)","(0,)","(0,)","(0,)","(0,)","(0,)","(0,)","(0,)","(0,)","(0,)","(0,)","(0,)","(0,)"
"(0,)","(0,)","(0,)","(0,)","(0,)","(0,)","(-2,)","(1,)","(0,)","(0,)","(0,)","(0,)","(0,)","(0,)","(0,)","(0,)","(0,)","(0,)","(0,)","(0,)"
"(0,)","(0,)","(0,)","(0,)","(0,)","(0,)","(-2,)","(1,)","(0,)","(0,)","(0,)","(0,)","(0,)","(0,)","(0,)","(0,)","(0,)","(0,)","(0,)","(0,)"
"(0,)","(0,)","(0,)","(0,)","(0,)","(0,)","(-2,)","(1,)","(0,)","(0,)","(0,)","(0,)","(0,)","(0,)","(0,)","(0,)","(0,)","(0,)","(0,)","(0,)"
"(0,)","(0,)","(0,)","(0,)","(0,)","(0,)","(-2,)","(1,)","(0,)","(0,)","(0,)","(0,)","(0,)","(0,)","(0,)","(0,)","(0,)","(0,)","(0,)","(0,)"
"(0,)","(0,)","(0,)","(0,)","(0,)","(0,)","(-2,)","(1,)","(0,)","(0,)","(0,)","(0,)","(0,)","(0,)","(0,)","(0,)","(0,)","(0,)","(0,)","(0,)"
"(0,)","(0,)","(0,)","(0,)","(0,)","(0,)","(-2,)","(1,)","(0,)","(0,)","(0,)","(0,)","(0,)","(0,)","(0,)","(0,)","(0,)","(0,)","(0,)","(0,)"
"(0,)","(0,)","(0,)","(0,)","(0,)","(0,)","(-2,)","(1,)","(0,)","(0,)","(0,)","(0,)","(0,)","(0,)","(0,)","(0,)","(0,)","(0,)","(0,)","(0,)"
"(0,)","(0,)","(0,)","(0,)","(0,)","(0,)","(-2,)","(1,)","(0,)","(0,)","(0,)","(0,)","(0,)","(0,)","(0,)","(0,)","(0,)","(0,)","(0,)","(0,)"
"(0,)","(0,)","(0,)","(0,)","(0,)","(0,)","(-2,)","(1,)","(0,)","(0,)","(0,)","(0,)","(0,)","(0,)","(0,)","(0,)","(0,)","(0,)","(0,)","(0,)"
"(0,)","(0,)","(0,)","(0,)","(0,)","(0,)","(-2,)","(1,)","(0,)","(0,)","(0,)","(0,)","(0,)","(0,)","(0,)","(0,)","(0,)","(0,)","(0,)","(0,)"
"(0,)","(0,)","(0,)","(0,)","(0,)","(0,)","(-2,)","(1,)","(0,)","(0,)","(0,)","(0,)","(0,)","(0,)","(0,)","(0,)","(0,)","(0,)","(0,)","(0,)"
"(0,)","(0,)","(0,)","(0,)","(0,)","(0,)","(-2,)","(1,)","(0,)","(0,)","(0,)","(0,)","(0,)","(0,)","(0,)","(0,)","(0,)","(0,)","(0,)","(0,)"
"(0,)","(0,)","(0,)","(0,)","(0,)","(0,)","(-2,)","(1,)","(0,)","(0,)","(0,)","(0,)","(0,)","(0,)","(0,)","(0,)","(0,)","(0,)","(0,)","(0,)"
"(0,)","(0,)","(0,)","(0,)","(0,)","(0,)","(-2,)","(1,)","(0,)","(0,)","(0,)","(0,)","(0,)","(0,)","(0,)","(0,)","(0,)","(0,)","(0,)","(0,)"
"(0,)","(0,)","(0,)","(0,)","(0,)","(0,)","(-2,)","(1,)","(0,)","(0,)","(0,)","(0,)","(0,)","(0,)","(0,)","(0,)","(0,)","(0,)","(0,)","(0,)"
"(0,)","(0,)","(0,)","(0,)","(0,)","(0,)","(-2,)","(1,)","(0,)","(0,)","(0,)","(0,)","(0,)","(0,)","(0,)","(0,)","(0,)","(0,)","(0,)","(0,)"
"(0,)","(0,)","(0,)","(0,)","(0,)","(0,)","(-2,)","(1,)","(0,)","(0,)","(0,)","(0,)","(0,)","(0,)","(0,)","(0,)","(0,)","(0,)","(0,)","(0,)"
"(0,)","(0,)","(0,)","(0,)","(0,)","(0,)","(-1,)","(1,)","(0,)","(0,)","(1,)","(1,)","(0,)","(0,)","(0,)","(0,)","(0,)","(0,)","(0,)","(0,)"
"(0,)","(0,)","(0,)","(25,)","(0,)","(0,)","(0,)","(0,)","(1,)","(1,)","(0,)","(1,)","(0,)","(0,)","(-1,)","(-1,)","(0,)","(0,)","(0,)","(24,)"
"(0,)","(0,)","(0,)","(25,)","(0,)","(0,)","(0,)","(0,)","(0,)","(0,)","(0,)","(0,)","(0,)","(0,)","(0,)","(0,)","(0,)","(0,)","(0,)","(0,)"
"(0,)","(0,)","(0,)","(0,)","(0,)","(0,)","(0,)","(0,)","(0,)","(0,)","(0,)","(0,)","(0,)","(0,)","(0,)","(0,)","(0,)","(0,)","(0,)","(-25,)"
"(0,)","(0,)","(0,)","(0,)","(0,)","(0,)","(0,)","(0,)","(0,)","(0,)","(0,)","(0,)","(0,)","(0,)","(0,)","(0,)","(0,)","(0,)","(0,)","(0,)"
"(0,)","(0,)","(6,)","(0,)","(0,)","(0,)","(0,)","(0,)","(0,)","(0,)","(1,)","(0,)","(0,)","(0,)","(0,)","(0,)","(0,)","(0,)","(6,)","(0,)"
"(0,)","(0,)","(0,)","(0,)","(0,)","(0,)","(0,)","(0,)","(0,)","(0,)","(0,)","(0,)","(0,)","(0,)","(0,)","(0,)","(0,)","(0,)","(-6,)","(0,)"
"(4,)","(0,)","(0,)","(4,)","(0,)","(0,)","(0,)","(0,)","(1,)","(0,)","(0,)","(1,)","(0,)","(0,)","(0,)","(0,)","(4,)","(0,)","(0,)","(4,)"
"(4,)","(3,)","(6,)","(4,)","(0,)","(0,)","(0,)","(0,)","(0,)","(1,)","(1,)","(0,)","(0,)","(0,)","(0,)","(0,)","(0,)","(3,)","(6,)","(0,)"
"(20,)","(3,)","(6,)","(0,)","(0,)","(0,)","(0,)","(0,)","(2,)","(0,)","(0,)","(0,)","(0,)","(0,)","(0,)","(0,)","(15,)","(0,)","(0,)","(-4,)"
"(35,)","(13,)","(14,)","(12,)","(0,)","(0,)","(0,)","(0,)","(1,)","(1,)","(1,)","(1,)","(0,)","(0,)","(0,)","(0,)","(15,)","(9,)","(7,)","(12,)"
"(35,)","(18,)","(21,)","(18,)","(0,)","(0,)","(0,)","(0,)","(0,)","(1,)","(1,)","(1,)","(0,)","(0,)","(0,)","(0,)","(0,)","(4,)","(6,)","(6,)"
"(24,)","(25,)","(26,)","(24,)","(0,)","(0,)","(0,)","(0,)","(1,)","(1,)","(1,)","(1,)","(0,)","(0,)","(0,)","(0,)","(-10,)","(7,)","(4,)","(5,)"
"(38,)","(56,)","(28,)","(28,)","(0,)","(0,)","(0,)","(0,)","(2,)","(2,)","(1,)","(1,)","(0,)","(0,)","(0,)","(0,)","(13,)","(31,)","(2,)","(4,)"
"(35,)","(30,)","(32,)","(31,)","(0,)","(0,)","(0,)","(0,)","(1,)","(1,)","(1,)","(1,)","(0,)","(0,)","(0,)","(0,)","(-3,)","(-26,)","(3,)","(2,)"
"(50,)","(34,)","(36,)","(36,)","(0,)","(0,)","(0,)","(0,)","(2,)","(1,)","(1,)","(2,)","(0,)","(0,)","(0,)","(0,)","(15,)","(3,)","(3,)","(5,)"
"(43,)","(38,)","(38,)","(39,)","(0,)","(0,)","(0,)","(0,)","(1,)","(2,)","(2,)","(1,)","(0,)","(0,)","(0,)","(0,)","(-7,)","(3,)","(2,)","(3,)"
"(56,)","(41,)","(43,)","(42,)","(0,)","(0,)","(0,)","(0,)","(2,)","(1,)","(2,)","(2,)","(0,)","(0,)","(0,)","(0,)","(13,)","(3,)","(4,)","(3,)"
"(47,)","(43,)","(47,)","(45,)","(0,)","(0,)","(0,)","(0,)","(1,)","(2,)","(2,)","(2,)","(0,)","(0,)","(0,)","(0,)","(-9,)","(2,)","(4,)","(3,)"
"(63,)","(48,)","(47,)","(49,)","(0,)","(0,)","(0,)","(0,)","(2,)","(2,)","(1,)","(2,)","(0,)","(0,)","(0,)","(0,)","(15,)","(4,)","(0,)","(3,)"
"(51,)","(50,)","(53,)","(54,)","(0,)","(0,)","(0,)","(0,)","(2,)","(2,)","(3,)","(2,)","(0,)","(0,)","(0,)","(0,)","(-12,)","(1,)","(5,)","(5,)"
"(72,)","(53,)","(56,)","(54,)","(0,)","(0,)","(0,)","(0,)","(2,)","(2,)","(2,)","(2,)","(0,)","(0,)","(0,)","(0,)","(20,)","(3,)","(3,)","(0,)"
"(70,)","(54,)","(57,)","(56,)","(0,)","(0,)","(0,)","(0,)","(2,)","(2,)","(2,)","(2,)","(0,)","(0,)","(0,)","(0,)","(-1,)","(1,)","(1,)","(2,)"
"(68,)","(56,)","(59,)","(60,)","(0,)","(0,)","(0,)","(0,)","(3,)","(2,)","(2,)","(2,)","(0,)","(0,)","(0,)","(0,)","(-1,)","(2,)","(1,)","(3,)"
"(57,)","(58,)","(62,)","(60,)","(0,)","(0,)","(0,)","(0,)","(2,)","(3,)","(3,)","(3,)","(0,)","(0,)","(0,)","(0,)","(-10,)","(2,)","(3,)","(0,)"
"(80,)","(60,)","(63,)","(63,)","(0,)","(0,)","(0,)","(0,)","(2,)","(2,)","(2,)","(2,)","(0,)","(0,)","(0,)","(0,)","(22,)","(1,)","(0,)","(2,)"
"(63,)","(62,)","(65,)","(64,)","(0,)","(0,)","(0,)","(0,)","(2,)","(2,)","(3,)","(3,)","(0,)","(0,)","(0,)","(0,)","(-17,)","(1,)","(2,)","(1,)"
"(63,)","(63,)","(66,)","(66,)","(0,)","(0,)","(0,)","(0,)","(3,)","(3,)","(2,)","(2,)","(0,)","(0,)","(0,)","(0,)","(0,)","(1,)","(1,)","(2,)"
"(65,)","(65,)","(66,)","(66,)","(0,)","(0,)","(0,)","(0,)","(2,)","(2,)","(3,)","(3,)","(0,)","(0,)","(0,)","(0,)","(1,)","(1,)","(0,)","(0,)"
"(65,)","(65,)","(70,)","(68,)","(0,)","(0,)","(0,)","(0,)","(3,)","(3,)","(2,)","(3,)","(0,)","(0,)","(0,)","(0,)","(0,)","(0,)","(3,)","(2,)"
"(102,)","(65,)","(68,)","(70,)","(0,)","(0,)","(0,)","(0,)","(3,)","(2,)","(3,)","(2,)","(0,)","(0,)","(0,)","(0,)","(36,)","(0,)","(-1,)","(1,)"
"(68,)","(67,)","(70,)","(71,)","(0,)","(0,)","(0,)","(0,)","(3,)","(3,)","(3,)","(3,)","(0,)","(0,)","(0,)","(0,)","(-33,)","(2,)","(1,)","(1,)"
"(95,)","(67,)","(72,)","(72,)","(0,)","(0,)","(0,)","(0,)","(4,)","(3,)","(2,)","(3,)","(0,)","(0,)","(0,)","(0,)","(26,)","(0,)","(1,)","(1,)"
"(102,)","(72,)","(72,)","(74,)","(0,)","(0,)","(0,)","(0,)","(3,)","(2,)","(3,)","(3,)","(0,)","(0,)","(0,)","(0,)","(7,)","(4,)","(0,)","(1,)"
"(91,)","(68,)","(74,)","(72,)","(0,)","(0,)","(0,)","(0,)","(4,)","(3,)","(3,)","(2,)","(0,)","(0,)","(0,)","(0,)","(-10,)","(-3,)","(1,)","(-2,)"
"(141,)","(151,)","(130,)","(98,)","(7,)","(-7,)","(-4,)","(4,)","(5,)","(5,)","(5,)","(4,)","(6,)","(6,)","(4,)","(4,)","(49,)","(82,)","(56,)","(26,)"
"(66,)","(144,)","(75,)","(75,)","(14,)","(-15,)","(-9,)","(11,)","(2,)","(4,)","(3,)","(3,)","(7,)","(8,)","(5,)","(6,)","(-75,)","(-7,)","(-55,)","(-23,)"
"(76,)","(119,)","(81,)","(81,)","(22,)","(-23,)","(-13,)","(14,)","(2,)","(5,)","(3,)","(3,)","(7,)","(7,)","(3,)","(3,)","(9,)","(-25,)","(6,)","(6,)"
"(65,)","(53,)","(90,)","(88,)","(25,)","(-26,)","(-13,)","(14,)","(2,)","(2,)","(3,)","(4,)","(2,)","(2,)","(0,)","(0,)","(-11,)","(-65,)","(9,)","(7,)"
"(47,)","(49,)","(95,)","(90,)","(24,)","(-24,)","(-12,)","(13,)","(2,)","(1,)","(4,)","(3,)","(0,)","(-1,)","(-1,)","(0,)","(-17,)","(-3,)","(4,)","(2,)"
"(66,)","(51,)","(95,)","(91,)","(23,)","(-23,)","(-11,)","(13,)","(2,)","(2,)","(4,)","(4,)","(0,)","(0,)","(0,)","(0,)","(19,)","(1,)","(0,)","(1,)"
"(95,)","(66,)","(93,)","(90,)","(27,)","(-27,)","(-13,)","(14,)","(2,)","(3,)","(3,)","(3,)","(3,)","(3,)","(1,)","(0,)","(28,)","(15,)","(-2,)","(-1,)"
"(51,)","(75,)","(95,)","(93,)","(32,)","(-31,)","(-14,)","(15,)","(2,)","(3,)","(4,)","(4,)","(4,)","(4,)","(1,)","(0,)","(-43,)","(8,)","(2,)","(2,)"
"(66,)","(111,)","(96,)","(96,)","(25,)","(-24,)","(-12,)","(12,)","(2,)","(2,)","(4,)","(4,)","(-7,)","(-6,)","(-2,)","(-2,)","(15,)","(35,)","(1,)","(3,)"
"(54,)","(47,)","(100,)","(97,)","(15,)","(-14,)","(-9,)","(11,)","(2,)","(2,)","(4,)","(3,)","(-9,)","(-10,)","(-2,)","(-1,)","(-12,)","(-63,)","(3,)","(0,)"
"(54,)","(50,)","(97,)","(95,)","(9,)","(-7,)","(-7,)","(8,)","(2,)","(2,)","(3,)","(4,)","(-6,)","(-7,)","(-2,)","(-2,)","(0,)","(2,)","(-3,)","(-2,)"
"(56,)","(54,)","(95,)","(95,)","(8,)","(-7,)","(-5,)","(6,)","(2,)","(2,)","(4,)","(3,)","(0,)","(0,)","(-1,)","(-1,)","(2,)","(4,)","(-2,)","(0,)"
"(121,)","(76,)","(144,)","(111,)","(17,)","(-18,)","(-11,)","(11,)","(4,)","(3,)","(4,)","(5,)","(9,)","(10,)","(5,)","(4,)","(64,)","(22,)","(48,)","(15,)"
"(102,)","(108,)","(87,)","(88,)","(33,)","(-34,)","(-17,)","(18,)","(3,)","(4,)","(4,)","(3,)","(15,)","(16,)","(6,)","(6,)","(-18,)","(31,)","(-56,)","(-22,)"
"(72,)","(72,)","(93,)","(93,)","(38,)","(-39,)","(-17,)","(18,)","(2,)","(3,)","(3,)","(4,)","(4,)","(5,)","(0,)","(0,)","(-30,)","(-36,)","(5,)","(4,)"
"(78,)","(44,)","(102,)","(100,)","(32,)","(-31,)","(-14,)","(14,)","(3,)","(1,)","(4,)","(4,)","(-5,)","(-8,)","(-3,)","(-3,)","(6,)","(-28,)","(9,)","(7,)"
"(43,)","(45,)","(108,)","(106,)","(27,)","(-24,)","(-12,)","(13,)","(2,)","(2,)","(4,)","(4,)","(-4,)","(-6,)","(-1,)","(-1,)","(-34,)","(1,)","(6,)","(6,)"
"(80,)","(50,)","(102,)","(102,)","(29,)","(-26,)","(-13,)","(14,)","(3,)","(2,)","(4,)","(4,)","(1,)","(1,)","(0,)","(0,)","(36,)","(4,)","(-6,)","(-4,)"
"(54,)","(55,)","(102,)","(102,)","(31,)","(-31,)","(-14,)","(15,)","(2,)","(2,)","(4,)","(4,)","(2,)","(4,)","(1,)","(0,)","(-25,)","(5,)","(0,)","(0,)"
"(52,)","(57,)","(104,)","(102,)","(31,)","(-32,)","(-14,)","(15,)","(2,)","(3,)","(4,)","(4,)","(0,)","(0,)","(0,)","(0,)","(-2,)","(1,)","(2,)","(0,)"
"(55,)","(54,)","(106,)","(106,)","(31,)","(-30,)","(-14,)","(15,)","(2,)","(2,)","(4,)","(4,)","(0,)","(-1,)","(0,)","(0,)","(3,)","(-2,)","(2,)","(4,)"
"(53,)","(55,)","(108,)","(106,)","(30,)","(-29,)","(-14,)","(15,)","(2,)","(2,)","(4,)","(4,)","(0,)","(-1,)","(0,)","(0,)","(-2,)","(1,)","(2,)","(0,)"
"(54,)","(56,)","(111,)","(108,)","(30,)","(-29,)","(-14,)","(15,)","(2,)","(2,)","(5,)","(4,)","(0,)","(0,)","(0,)","(0,)","(1,)","(1,)","(2,)","(2,)"
"(57,)","(57,)","(111,)","(111,)","(30,)","(-29,)","(-14,)","(15,)","(2,)","(2,)","(4,)","(4,)","(0,)","(0,)","(0,)","(0,)","(3,)","(1,)","(0,)","(2,)"
"(55,)","(56,)","(115,)","(111,)","(30,)","(-29,)","(-14,)","(15,)","(2,)","(2,)","(4,)","(4,)","(0,)","(0,)","(0,)","(0,)","(-2,)","(-1,)","(4,)","(0,)"
"(57,)","(58,)","(112,)","(112,)","(30,)","(-29,)","(-14,)","(15,)","(3,)","(3,)","(5,)","(5,)","(0,)","(0,)","(0,)","(0,)","(2,)","(2,)","(-2,)","(1,)"
"(56,)","(59,)","(118,)","(113,)","(30,)","(-29,)","(-14,)","(15,)","(2,)","(2,)","(4,)","(4,)","(0,)","(0,)","(0,)","(0,)","(-1,)","(0,)","(5,)","(0,)"
"(60,)","(60,)","(116,)","(114,)","(30,)","(-29,)","(-14,)","(15,)","(2,)","(2,)","(5,)","(5,)","(0,)","(0,)","(0,)","(0,)","(3,)","(1,)","(-1,)","(1,)"
"(95,)","(62,)","(115,)","(115,)","(22,)","(-21,)","(-9,)","(10,)","(3,)","(3,)","(4,)","(4,)","(-8,)","(-8,)","(-5,)","(-5,)","(34,)","(1,)","(-1,)","(0,)"
"(64,)","(55,)","(114,)","(111,)","(6,)","(-4,)","(-2,)","(3,)","(3,)","(2,)","(5,)","(4,)","(-16,)","(-16,)","(-6,)","(-6,)","(-30,)","(-6,)","(0,)","(-4,)"
"(93,)","(72,)","(111,)","(111,)","(-2,)","(5,)","(-1,)","(1,)","(3,)","(2,)","(4,)","(4,)","(-3,)","(0,)","(-1,)","(-2,)","(28,)","(16,)","(-3,)","(0,)"
"(115,)","(83,)","(98,)","(102,)","(1,)","(0,)","(-3,)","(3,)","(4,)","(2,)","(4,)","(4,)","(-1,)","(-4,)","(1,)","(1,)","(22,)","(11,)","(-12,)","(-8,)"
"(105,)","(109,)","(129,)","(100,)","(13,)","(-12,)","(-9,)","(9,)","(3,)","(5,)","(3,)","(4,)","(12,)","(12,)","(6,)","(6,)","(-10,)","(25,)","(30,)","(-1,)"
"(113,)","(105,)","(104,)","(95,)","(24,)","(-26,)","(-14,)","(15,)","(4,)","(3,)","(4,)","(4,)","(10,)","(13,)","(5,)","(6,)","(8,)","(-4,)","(-24,)","(-5,)"
"(66,)","(74,)","(100,)","(100,)","(31,)","(-34,)","(-15,)","(16,)","(3,)","(2,)","(3,)","(3,)","(7,)","(8,)","(1,)","(0,)","(-46,)","(-31,)","(-4,)","(4,)"
"(54,)","(60,)","(111,)","(107,)","(33,)","(-34,)","(-14,)","(15,)","(2,)","(3,)","(5,)","(5,)","(1,)","(0,)","(0,)","(-1,)","(-12,)","(-13,)","(11,)","(7,)"
"(50,)","(80,)","(113,)","(108,)","(23,)","(-23,)","(-11,)","(12,)","(2,)","(3,)","(4,)","(4,)","(-9,)","(-10,)","(-2,)","(-3,)","(-4,)","(19,)","(2,)","(1,)"
"(54,)","(52,)","(115,)","(108,)","(13,)","(-12,)","(-9,)","(10,)","(2,)","(2,)","(4,)","(4,)","(-10,)","(-11,)","(-2,)","(-1,)","(4,)","(-27,)","(2,)","(0,)"
"(83,)","(55,)","(133,)","(175,)","(1,)","(0,)","(-3,)","(3,)","(3,)","(2,)","(4,)","(5,)","(-11,)","(-12,)","(-6,)","(-6,)","(28,)","(3,)","(17,)","(66,)"
"(93,)","(152,)","(104,)","(102,)","(-6,)","(7,)","(4,)","(-4,)","(3,)","(4,)","(4,)","(4,)","(4,)","(7,)","(1,)","(0,)","(9,)","(96,)","(-28,)","(-72,)"
"(98,)","(81,)","(104,)","(100,)","(-3,)","(3,)","(4,)","(-4,)","(4,)","(3,)","(4,)","(4,)","(-2,)","(-3,)","(0,)","(0,)","(5,)","(-70,)","(0,)","(-1,)"
"(78,)","(104,)","(137,)","(142,)","(-7,)","(6,)","(10,)","(-10,)","(3,)","(4,)","(3,)","(3,)","(4,)","(2,)","(5,)","(5,)","(-20,)","(22,)","(33,)","(42,)"
"(85,)","(85,)","(111,)","(125,)","(-18,)","(16,)","(25,)","(-26,)","(3,)","(3,)","(3,)","(3,)","(10,)","(10,)","(14,)","(15,)","(6,)","(-19,)","(-26,)","(-17,)"
"(102,)","(102,)","(75,)","(68,)","(-19,)","(19,)","(37,)","(-38,)","(4,)","(3,)","(3,)","(3,)","(1,)","(2,)","(12,)","(12,)","(17,)","(17,)","(-35,)","(-56,)"
"(111,)","(111,)","(102,)","(106,)","(-15,)","(15,)","(36,)","(-38,)","(3,)","(4,)","(2,)","(2,)","(-4,)","(-4,)","(0,)","(0,)","(8,)","(8,)","(27,)","(37,)"
"(104,)","(108,)","(53,)","(50,)","(-13,)","(11,)","(29,)","(-30,)","(5,)","(4,)","(1,)","(2,)","(-1,)","(-3,)","(-7,)","(-8,)","(-6,)","(-2,)","(-49,)","(-56,)"
"(102,)","(104,)","(53,)","(53,)","(-14,)","(12,)","(25,)","(-26,)","(3,)","(4,)","(2,)","(2,)","(0,)","(0,)","(-3,)","(-3,)","(-1,)","(-4,)","(0,)","(3,)"
"(98,)","(102,)","(62,)","(78,)","(-15,)","(14,)","(28,)","(-29,)","(4,)","(4,)","(3,)","(2,)","(0,)","(1,)","(2,)","(3,)","(-3,)","(-2,)","(9,)","(25,)"
"(100,)","(98,)","(63,)","(65,)","(-15,)","(14,)","(31,)","(-32,)","(4,)","(4,)","(2,)","(3,)","(0,)","(0,)","(3,)","(3,)","(1,)","(-3,)","(0,)","(-12,)"
"(104,)","(104,)","(63,)","(60,)","(-15,)","(14,)","(31,)","(-32,)","(4,)","(4,)","(2,)","(2,)","(0,)","(0,)","(0,)","(0,)","(3,)","(5,)","(0,)","(-4,)"
"(108,)","(108,)","(59,)","(60,)","(-15,)","(14,)","(29,)","(-30,)","(4,)","(4,)","(3,)","(3,)","(0,)","(0,)","(-1,)","(-1,)","(4,)","(4,)","(-3,)","(0,)"
"(106,)","(106,)","(59,)","(59,)","(-15,)","(14,)","(29,)","(-30,)","(4,)","(4,)","(2,)","(2,)","(0,)","(0,)","(0,)","(0,)","(-2,)","(-2,)","(0,)","(-1,)"
"(111,)","(111,)","(62,)","(60,)","(-15,)","(14,)","(29,)","(-30,)","(5,)","(5,)","(2,)","(2,)","(0,)","(0,)","(0,)","(0,)","(4,)","(4,)","(2,)","(1,)"
"(108,)","(111,)","(61,)","(60,)","(-15,)","(14,)","(29,)","(-30,)","(4,)","(4,)","(3,)","(2,)","(0,)","(0,)","(0,)","(0,)","(-2,)","(0,)","(0,)","(0,)"
"(113,)","(113,)","(62,)","(61,)","(-15,)","(14,)","(29,)","(-30,)","(4,)","(4,)","(2,)","(3,)","(0,)","(0,)","(0,)","(0,)","(4,)","(2,)","(0,)","(0,)"
"(115,)","(112,)","(76,)","(62,)","(-14,)","(13,)","(26,)","(-27,)","(4,)","(5,)","(2,)","(2,)","(0,)","(0,)","(-2,)","(-3,)","(2,)","(0,)","(14,)","(0,)"
"(112,)","(113,)","(62,)","(61,)","(-13,)","(12,)","(23,)","(-23,)","(5,)","(4,)","(3,)","(3,)","(0,)","(0,)","(-3,)","(-3,)","(-2,)","(0,)","(-13,)","(0,)"
"(113,)","(113,)","(65,)","(65,)","(-12,)","(11,)","(19,)","(-20,)","(4,)","(4,)","(2,)","(2,)","(-1,)","(-1,)","(-3,)","(-3,)","(0,)","(0,)","(2,)","(3,)"
"(108,)","(111,)","(66,)","(66,)","(-11,)","(10,)","(16,)","(-18,)","(4,)","(4,)","(3,)","(3,)","(0,)","(0,)","(-2,)","(-2,)","(-4,)","(-2,)","(1,)","(1,)"
"(111,)","(131,)","(121,)","(129,)","(-13,)","(12,)","(24,)","(-26,)","(5,)","(6,)","(3,)","(3,)","(2,)","(2,)","(7,)","(7,)","(2,)","(20,)","(54,)","(62,)"
"(113,)","(111,)","(74,)","(83,)","(-15,)","(14,)","(35,)","(-36,)","(4,)","(4,)","(2,)","(3,)","(1,)","(2,)","(11,)","(10,)","(2,)","(-20,)","(-47,)","(-45,)"
"(115,)","(130,)","(93,)","(111,)","(-15,)","(14,)","(36,)","(-37,)","(4,)","(4,)","(3,)","(2,)","(0,)","(0,)","(1,)","(0,)","(2,)","(18,)","(18,)","(27,)"
"(121,)","(119,)","(83,)","(56,)","(-15,)","(14,)","(30,)","(-30,)","(5,)","(5,)","(3,)","(2,)","(0,)","(0,)","(-6,)","(-6,)","(5,)","(-11,)","(-9,)","(-54,)"
"(123,)","(118,)","(59,)","(59,)","(-15,)","(13,)","(26,)","(-27,)","(5,)","(4,)","(2,)","(3,)","(0,)","(0,)","(-3,)","(-3,)","(2,)","(0,)","(-24,)","(2,)"
"(118,)","(114,)","(64,)","(62,)","(-15,)","(13,)","(28,)","(-29,)","(4,)","(5,)","(3,)","(2,)","(0,)","(0,)","(1,)","(2,)","(-4,)","(-3,)","(5,)","(2,)"
"(125,)","(115,)","(66,)","(65,)","(-15,)","(13,)","(31,)","(-31,)","(5,)","(4,)","(2,)","(2,)","(0,)","(0,)","(2,)","(2,)","(7,)","(0,)","(2,)","(3,)"
"(121,)","(119,)","(62,)","(61,)","(-15,)","(13,)","(31,)","(-31,)","(4,)","(5,)","(3,)","(3,)","(0,)","(0,)","(0,)","(0,)","(-4,)","(3,)","(-4,)","(-3,)"
"(125,)","(118,)","(62,)","(62,)","(-15,)","(13,)","(30,)","(-31,)","(5,)","(4,)","(2,)","(2,)","(0,)","(0,)","(0,)","(0,)","(4,)","(0,)","(0,)","(0,)"
"(123,)","(119,)","(63,)","(63,)","(-15,)","(13,)","(29,)","(-30,)","(5,)","(5,)","(2,)","(2,)","(0,)","(0,)","(0,)","(0,)","(-2,)","(0,)","(1,)","(1,)"
"(121,)","(121,)","(64,)","(62,)","(-15,)","(13,)","(29,)","(-30,)","(5,)","(5,)","(3,)","(3,)","(0,)","(0,)","(0,)","(0,)","(-2,)","(2,)","(1,)","(0,)"
"(124,)","(121,)","(63,)","(63,)","(-15,)","(13,)","(29,)","(-30,)","(4,)","(4,)","(2,)","(2,)","(0,)","(0,)","(0,)","(0,)","(2,)","(0,)","(-1,)","(0,)"
"(125,)","(121,)","(64,)","(63,)","(-15,)","(13,)","(29,)","(-30,)","(5,)","(5,)","(3,)","(3,)","(0,)","(0,)","(0,)","(0,)","(1,)","(0,)","(1,)","(0,)"
"(125,)","(118,)","(63,)","(63,)","(-15,)","(13,)","(29,)","(-30,)","(5,)","(4,)","(2,)","(2,)","(0,)","(0,)","(0,)","(0,)","(0,)","(-2,)","(-1,)","(0,)"
"(125,)","(123,)","(65,)","(63,)","(-14,)","(13,)","(26,)","(-27,)","(5,)","(5,)","(3,)","(3,)","(0,)","(0,)","(-3,)","(-3,)","(0,)","(4,)","(2,)","(0,)"
"(125,)","(121,)","(63,)","(63,)","(-13,)","(13,)","(22,)","(-24,)","(5,)","(5,)","(2,)","(2,)","(0,)","(0,)","(-3,)","(-3,)","(0,)","(-2,)","(-2,)","(0,)"
"(130,)","(121,)","(102,)","(111,)","(-14,)","(13,)","(26,)","(-27,)","(4,)","(4,)","(3,)","(3,)","(0,)","(0,)","(3,)","(3,)","(4,)","(0,)","(39,)","(47,)"
"(123,)","(119,)","(70,)","(66,)","(-15,)","(13,)","(32,)","(-33,)","(5,)","(5,)","(3,)","(2,)","(0,)","(0,)","(6,)","(5,)","(-6,)","(-2,)","(-32,)","(-44,)"
"(125,)","(123,)","(66,)","(63,)","(-15,)","(13,)","(33,)","(-33,)","(5,)","(5,)","(2,)","(3,)","(0,)","(0,)","(0,)","(0,)","(2,)","(4,)","(-3,)","(-3,)"
"(136,)","(124,)","(60,)","(62,)","(-15,)","(13,)","(30,)","(-30,)","(5,)","(4,)","(2,)","(2,)","(0,)","(0,)","(-2,)","(-2,)","(10,)","(0,)","(-6,)","(-1,)"
"(133,)","(123,)","(100,)","(121,)","(-12,)","(12,)","(21,)","(-22,)","(5,)","(5,)","(4,)","(3,)","(-2,)","(-1,)","(-8,)","(-7,)","(-2,)","(0,)","(40,)","(59,)"
"(137,)","(130,)","(63,)","(65,)","(-11,)","(10,)","(13,)","(-16,)","(6,)","(5,)","(2,)","(3,)","(-1,)","(-1,)","(-7,)","(-6,)","(4,)","(7,)","(-37,)","(-55,)"
"(151,)","(151,)","(108,)","(125,)","(-13,)","(12,)","(19,)","(-22,)","(5,)","(5,)","(3,)","(3,)","(2,)","(1,)","(5,)","(6,)","(13,)","(20,)","(44,)","(59,)"
"(133,)","(111,)","(74,)","(70,)","(-16,)","(15,)","(33,)","(-35,)","(5,)","(4,)","(3,)","(2,)","(2,)","(2,)","(14,)","(12,)","(-18,)","(-40,)","(-34,)","(-54,)"
"(124,)","(150,)","(126,)","(81,)","(-15,)","(15,)","(37,)","(-38,)","(4,)","(6,)","(2,)","(3,)","(0,)","(0,)","(4,)","(2,)","(-9,)","(39,)","(52,)","(11,)"
"(136,)","(123,)","(66,)","(93,)","(-15,)","(14,)","(31,)","(-31,)","(5,)","(5,)","(2,)","(3,)","(0,)","(0,)","(-6,)","(-6,)","(12,)","(-27,)","(-60,)","(11,)"
"(128,)","(124,)","(58,)","(56,)","(-14,)","(14,)","(25,)","(-27,)","(5,)","(4,)","(3,)","(2,)","(0,)","(0,)","(-5,)","(-4,)","(-7,)","(0,)","(-7,)","(-36,)"
"(125,)","(119,)","(65,)","(95,)","(-14,)","(14,)","(27,)","(-28,)","(5,)","(5,)","(2,)","(3,)","(0,)","(0,)","(1,)","(1,)","(-2,)","(-4,)","(6,)","(38,)"
"(123,)","(121,)","(67,)","(64,)","(-14,)","(14,)","(30,)","(-31,)","(5,)","(4,)","(3,)","(3,)","(0,)","(0,)","(3,)","(2,)","(-2,)","(2,)","(2,)","(-30,)"
"(124,)","(123,)","(66,)","(65,)","(-14,)","(14,)","(31,)","(-32,)","(4,)","(5,)","(2,)","(2,)","(0,)","(0,)","(1,)","(0,)","(0,)","(2,)","(-1,)","(0,)"
"(148,)","(121,)","(65,)","(62,)","(-14,)","(14,)","(30,)","(-31,)","(6,)","(5,)","(3,)","(3,)","(0,)","(0,)","(-1,)","(0,)","(24,)","(-2,)","(-1,)","(-2,)"
"(123,)","(123,)","(63,)","(62,)","(-14,)","(14,)","(29,)","(-30,)","(5,)","(5,)","(2,)","(2,)","(0,)","(0,)","(0,)","(0,)","(-24,)","(2,)","(-2,)","(0,)"
"(128,)","(126,)","(67,)","(64,)","(-14,)","(14,)","(29,)","(-30,)","(5,)","(4,)","(3,)","(3,)","(0,)","(0,)","(0,)","(0,)","(4,)","(3,)","(4,)","(2,)"
"(124,)","(123,)","(68,)","(65,)","(-14,)","(14,)","(29,)","(-30,)","(4,)","(5,)","(2,)","(2,)","(0,)","(0,)","(0,)","(0,)","(-4,)","(-3,)","(0,)","(0,)"
"(125,)","(125,)","(70,)","(64,)","(-14,)","(14,)","(29,)","(-30,)","(5,)","(5,)","(3,)","(3,)","(0,)","(0,)","(0,)","(0,)","(1,)","(2,)","(1,)","(0,)"
"(128,)","(125,)","(71,)","(66,)","(-14,)","(14,)","(29,)","(-30,)","(5,)","(5,)","(3,)","(2,)","(0,)","(0,)","(0,)","(0,)","(2,)","(0,)","(1,)","(2,)"
"(136,)","(126,)","(70,)","(64,)","(-14,)","(14,)","(29,)","(-30,)","(5,)","(4,)","(3,)","(3,)","(0,)","(0,)","(0,)","(0,)","(7,)","(1,)","(-1,)","(-2,)"
"(124,)","(125,)","(140,)","(126,)","(-13,)","(13,)","(23,)","(-25,)","(4,)","(5,)","(2,)","(2,)","(-1,)","(-1,)","(-5,)","(-5,)","(-12,)","(-1,)","(70,)","(62,)"
"(123,)","(123,)","(67,)","(66,)","(-12,)","(11,)","(17,)","(-18,)","(5,)","(5,)","(3,)","(3,)","(0,)","(-1,)","(-6,)","(-6,)","(0,)","(-2,)","(-72,)","(-60,)"
"(133,)","(138,)","(129,)","(121,)","(-14,)","(12,)","(22,)","(-23,)","(5,)","(5,)","(3,)","(3,)","(1,)","(1,)","(4,)","(5,)","(9,)","(15,)","(61,)","(54,)"
"(118,)","(121,)","(78,)","(74,)","(-15,)","(14,)","(33,)","(-35,)","(4,)","(4,)","(3,)","(2,)","(1,)","(1,)","(11,)","(11,)","(-14,)","(-17,)","(-50,)","(-47,)"
"(123,)","(125,)","(133,)","(81,)","(-15,)","(14,)","(36,)","(-38,)","(5,)","(5,)","(2,)","(3,)","(0,)","(0,)","(2,)","(2,)","(4,)","(4,)","(54,)","(7,)"
"(125,)","(125,)","(95,)","(105,)","(-15,)","(14,)","(31,)","(-31,)","(5,)","(5,)","(4,)","(3,)","(0,)","(0,)","(-5,)","(-6,)","(2,)","(0,)","(-38,)","(23,)"
"(128,)","(128,)","(65,)","(61,)","(-15,)","(14,)","(26,)","(-27,)","(5,)","(5,)","(2,)","(3,)","(0,)","(0,)","(-4,)","(-4,)","(2,)","(2,)","(-30,)","(-43,)"
"(128,)","(125,)","(66,)","(65,)","(-15,)","(14,)","(27,)","(-28,)","(5,)","(5,)","(3,)","(2,)","(0,)","(0,)","(0,)","(1,)","(0,)","(-2,)","(1,)","(3,)"
"(121,)","(121,)","(71,)","(68,)","(-15,)","(14,)","(30,)","(-31,)","(4,)","(4,)","(3,)","(3,)","(0,)","(0,)","(3,)","(3,)","(-6,)","(-4,)","(4,)","(3,)"
"(128,)","(128,)","(70,)","(68,)","(-15,)","(14,)","(31,)","(-32,)","(5,)","(5,)","(2,)","(2,)","(0,)","(0,)","(1,)","(0,)","(6,)","(6,)","(-1,)","(0,)"
"(130,)","(125,)","(67,)","(65,)","(-15,)","(14,)","(30,)","(-31,)","(5,)","(5,)","(3,)","(3,)","(0,)","(0,)","(-1,)","(-1,)","(2,)","(-2,)","(-2,)","(-2,)"
"(128,)","(128,)","(66,)","(65,)","(-15,)","(14,)","(29,)","(-30,)","(5,)","(5,)","(3,)","(2,)","(0,)","(0,)","(0,)","(0,)","(-2,)","(2,)","(-1,)","(0,)"
"(130,)","(130,)","(68,)","(66,)","(-15,)","(14,)","(29,)","(-30,)","(5,)","(5,)","(2,)","(3,)","(0,)","(0,)","(0,)","(0,)","(2,)","(2,)","(1,)","(1,)"
"(125,)","(128,)","(70,)","(66,)","(-15,)","(14,)","(29,)","(-30,)","(5,)","(5,)","(3,)","(2,)","(0,)","(0,)","(0,)","(0,)","(-4,)","(-2,)","(1,)","(0,)"
"(202,)","(202,)","(125,)","(95,)","(-7,)","(6,)","(22,)","(-22,)","(5,)","(5,)","(3,)","(3,)","(-8,)","(-7,)","(-7,)","(-7,)","(76,)","(73,)","(54,)","(28,)"
"(133,)","(140,)","(63,)","(90,)","(4,)","(-5,)","(5,)","(-6,)","(4,)","(4,)","(2,)","(4,)","(-2,)","(0,)","(-16,)","(-15,)","(-68,)","(-61,)","(-61,)","(-4,)"
"(137,)","(141,)","(67,)","(72,)","(5,)","(-6,)","(-8,)","(7,)","(6,)","(5,)","(3,)","(2,)","(0,)","(1,)","(3,)","(0,)","(4,)","(1,)","(4,)","(-18,)"
"(130,)","(108,)","(129,)","(124,)","(0,)","(0,)","(-8,)","(8,)","(4,)","(4,)","(3,)","(4,)","(-5,)","(-6,)","(0,)","(0,)","(-7,)","(-33,)","(61,)","(51,)"
"(160,)","(148,)","(90,)","(86,)","(3,)","(-2,)","(-3,)","(4,)","(3,)","(4,)","(3,)","(3,)","(3,)","(1,)","(-5,)","(-3,)","(29,)","(39,)","(-38,)","(-37,)"
"(136,)","(88,)","(93,)","(93,)","(11,)","(-9,)","(-3,)","(5,)","(4,)","(3,)","(3,)","(3,)","(7,)","(7,)","(0,)","(0,)","(-23,)","(-59,)","(2,)","(6,)"
"(97,)","(81,)","(93,)","(96,)","(17,)","(-17,)","(-8,)","(9,)","(3,)","(3,)","(4,)","(4,)","(6,)","(7,)","(4,)","(3,)","(-39,)","(-7,)","(0,)","(3,)"
"(93,)","(75,)","(104,)","(102,)","(18,)","(-18,)","(-11,)","(11,)","(3,)","(3,)","(4,)","(4,)","(1,)","(1,)","(3,)","(2,)","(-4,)","(-6,)","(11,)","(5,)"
"(111,)","(126,)","(108,)","(106,)","(26,)","(-25,)","(-14,)","(14,)","(3,)","(2,)","(4,)","(4,)","(7,)","(6,)","(2,)","(2,)","(18,)","(51,)","(4,)","(4,)"
"(81,)","(93,)","(111,)","(108,)","(35,)","(-35,)","(-15,)","(15,)","(3,)","(4,)","(5,)","(4,)","(9,)","(9,)","(0,)","(1,)","(-29,)","(-33,)","(2,)","(2,)"
"(76,)","(95,)","(113,)","(112,)","(35,)","(-34,)","(-14,)","(15,)","(2,)","(3,)","(4,)","(5,)","(0,)","(0,)","(0,)","(0,)","(-5,)","(1,)","(2,)","(4,)"
"(148,)","(55,)","(118,)","(115,)","(30,)","(-29,)","(-14,)","(14,)","(2,)","(2,)","(4,)","(4,)","(-4,)","(-5,)","(0,)","(0,)","(71,)","(-39,)","(5,)","(2,)"
"(65,)","(68,)","(116,)","(113,)","(28,)","(-27,)","(-14,)","(14,)","(3,)","(2,)","(5,)","(4,)","(-1,)","(-2,)","(0,)","(0,)","(-82,)","(12,)","(-1,)","(-2,)"
"(57,)","(59,)","(113,)","(111,)","(30,)","(-29,)","(-14,)","(14,)","(2,)","(3,)","(4,)","(5,)","(1,)","(1,)","(0,)","(0,)","(-7,)","(-8,)","(-3,)","(-2,)"
"(83,)","(63,)","(112,)","(111,)","(31,)","(-30,)","(-14,)","(14,)","(2,)","(2,)","(5,)","(4,)","(1,)","(1,)","(0,)","(0,)","(25,)","(3,)","(0,)","(0,)"
"(72,)","(59,)","(113,)","(111,)","(31,)","(-30,)","(-14,)","(14,)","(2,)","(2,)","(4,)","(4,)","(0,)","(0,)","(0,)","(0,)","(-11,)","(-4,)","(0,)","(0,)"
"(57,)","(59,)","(115,)","(112,)","(31,)","(-30,)","(-14,)","(14,)","(3,)","(3,)","(4,)","(5,)","(0,)","(0,)","(0,)","(0,)","(-14,)","(0,)","(2,)","(1,)"
"(56,)","(59,)","(114,)","(111,)","(31,)","(-30,)","(-14,)","(14,)","(2,)","(2,)","(5,)","(4,)","(0,)","(0,)","(0,)","(0,)","(-1,)","(0,)","(0,)","(-1,)"
"(76,)","(117,)","(113,)","(113,)","(22,)","(-22,)","(-12,)","(12,)","(2,)","(3,)","(4,)","(4,)","(-8,)","(-7,)","(-1,)","(-1,)","(19,)","(58,)","(-1,)","(2,)"
"(59,)","(54,)","(113,)","(111,)","(14,)","(-13,)","(-10,)","(11,)","(2,)","(2,)","(4,)","(4,)","(-8,)","(-8,)","(-2,)","(-1,)","(-16,)","(-63,)","(0,)","(-2,)"
"(60,)","(61,)","(111,)","(108,)","(11,)","(-10,)","(-8,)","(9,)","(3,)","(3,)","(5,)","(4,)","(-2,)","(-3,)","(-1,)","(-1,)","(1,)","(7,)","(-2,)","(-2,)"
"(65,)","(65,)","(106,)","(105,)","(13,)","(-12,)","(-8,)","(9,)","(2,)","(2,)","(4,)","(5,)","(1,)","(1,)","(0,)","(0,)","(4,)","(3,)","(-4,)","(-3,)"
"(80,)","(121,)","(133,)","(102,)","(22,)","(-22,)","(-12,)","(13,)","(3,)","(4,)","(5,)","(3,)","(9,)","(10,)","(3,)","(3,)","(14,)","(56,)","(26,)","(-3,)"
"(70,)","(83,)","(104,)","(105,)","(35,)","(-36,)","(-15,)","(17,)","(2,)","(3,)","(4,)","(5,)","(12,)","(13,)","(3,)","(4,)","(-9,)","(-37,)","(-28,)","(3,)"
"(108,)","(95,)","(108,)","(108,)","(36,)","(-37,)","(-16,)","(16,)","(3,)","(3,)","(4,)","(4,)","(1,)","(1,)","(0,)","(0,)","(37,)","(11,)","(4,)","(3,)"
"(54,)","(52,)","(119,)","(115,)","(30,)","(-29,)","(-14,)","(14,)","(2,)","(2,)","(5,)","(4,)","(-5,)","(-7,)","(-1,)","(-1,)","(-53,)","(-42,)","(10,)","(7,)"
"(54,)","(52,)","(118,)","(114,)","(28,)","(-25,)","(-13,)","(14,)","(2,)","(2,)","(4,)","(5,)","(-2,)","(-4,)","(0,)","(0,)","(0,)","(0,)","(0,)","(0,)"
"(53,)","(63,)","(113,)","(108,)","(30,)","(-28,)","(-13,)","(14,)","(2,)","(2,)","(4,)","(4,)","(1,)","(2,)","(0,)","(0,)","(-1,)","(11,)","(-5,)","(-6,)"
"(58,)","(60,)","(112,)","(113,)","(31,)","(-31,)","(-13,)","(14,)","(3,)","(3,)","(5,)","(4,)","(1,)","(3,)","(0,)","(0,)","(5,)","(-2,)","(0,)","(4,)"
"(59,)","(59,)","(113,)","(111,)","(31,)","(-31,)","(-13,)","(14,)","(2,)","(2,)","(4,)","(4,)","(0,)","(0,)","(0,)","(0,)","(0,)","(-1,)","(0,)","(-2,)"
"(59,)","(59,)","(119,)","(114,)","(31,)","(-29,)","(-13,)","(14,)","(2,)","(2,)","(5,)","(5,)","(0,)","(-1,)","(0,)","(0,)","(0,)","(0,)","(5,)","(3,)"
"(59,)","(62,)","(115,)","(115,)","(31,)","(-29,)","(-13,)","(14,)","(3,)","(2,)","(4,)","(4,)","(0,)","(0,)","(0,)","(0,)","(0,)","(2,)","(-3,)","(0,)"
"(59,)","(60,)","(119,)","(116,)","(31,)","(-29,)","(-13,)","(14,)","(2,)","(3,)","(5,)","(5,)","(0,)","(0,)","(0,)","(0,)","(0,)","(-1,)","(3,)","(1,)"
"(59,)","(62,)","(121,)","(118,)","(31,)","(-29,)","(-13,)","(14,)","(2,)","(2,)","(4,)","(4,)","(0,)","(0,)","(0,)","(0,)","(0,)","(1,)","(2,)","(1,)"
"(63,)","(61,)","(119,)","(119,)","(31,)","(-29,)","(-13,)","(14,)","(2,)","(3,)","(5,)","(5,)","(0,)","(0,)","(0,)","(0,)","(4,)","(0,)","(-2,)","(0,)"
"(61,)","(60,)","(121,)","(118,)","(23,)","(-22,)","(-11,)","(12,)","(3,)","(2,)","(4,)","(4,)","(-7,)","(-7,)","(-2,)","(-2,)","(-1,)","(0,)","(2,)","(0,)"
"(63,)","(59,)","(119,)","(116,)","(15,)","(-14,)","(-10,)","(11,)","(2,)","(2,)","(5,)","(5,)","(-7,)","(-8,)","(-1,)","(-1,)","(1,)","(-1,)","(-2,)","(-1,)"
"(115,)","(111,)","(113,)","(111,)","(22,)","(-19,)","(-11,)","(13,)","(4,)","(3,)","(4,)","(4,)","(6,)","(5,)","(1,)","(2,)","(52,)","(51,)","(-5,)","(-5,)"
"(65,)","(72,)","(111,)","(108,)","(34,)","(-33,)","(-15,)","(15,)","(2,)","(3,)","(5,)","(4,)","(12,)","(14,)","(3,)","(2,)","(-50,)","(-38,)","(-2,)","(-2,)"
"(62,)","(100,)","(115,)","(116,)","(37,)","(-38,)","(-15,)","(15,)","(3,)","(3,)","(4,)","(5,)","(2,)","(4,)","(0,)","(0,)","(-2,)","(27,)","(4,)","(8,)"
"(57,)","(56,)","(123,)","(118,)","(31,)","(-31,)","(-14,)","(15,)","(2,)","(2,)","(5,)","(4,)","(-5,)","(-6,)","(0,)","(0,)","(-4,)","(-43,)","(7,)","(1,)"
"(56,)","(56,)","(121,)","(119,)","(28,)","(-25,)","(-13,)","(14,)","(2,)","(2,)","(4,)","(5,)","(-3,)","(-5,)","(-1,)","(0,)","(-1,)","(0,)","(-2,)","(0,)"
"(53,)","(79,)","(121,)","(115,)","(29,)","(-26,)","(-13,)","(14,)","(2,)","(4,)","(5,)","(4,)","(1,)","(1,)","(0,)","(0,)","(-3,)","(22,)","(0,)","(-3,)"
"(61,)","(63,)","(119,)","(116,)","(31,)","(-30,)","(-13,)","(14,)","(3,)","(2,)","(5,)","(5,)","(1,)","(3,)","(0,)","(0,)","(8,)","(-16,)","(-2,)","(1,)"
"(62,)","(63,)","(118,)","(118,)","(31,)","(-31,)","(-13,)","(14,)","(2,)","(2,)","(4,)","(4,)","(0,)","(1,)","(0,)","(0,)","(0,)","(0,)","(0,)","(1,)"
"(63,)","(61,)","(123,)","(121,)","(31,)","(-30,)","(-13,)","(14,)","(2,)","(3,)","(5,)","(5,)","(0,)","(-1,)","(0,)","(0,)","(1,)","(-1,)","(4,)","(2,)"
"(59,)","(63,)","(121,)","(121,)","(31,)","(-29,)","(-13,)","(14,)","(3,)","(2,)","(4,)","(4,)","(0,)","(0,)","(0,)","(0,)","(-3,)","(1,)","(-2,)","(0,)"
"(62,)","(64,)","(123,)","(121,)","(31,)","(-29,)","(-13,)","(14,)","(2,)","(3,)","(5,)","(5,)","(0,)","(0,)","(0,)","(0,)","(2,)","(1,)","(2,)","(0,)"
"(65,)","(95,)","(123,)","(121,)","(31,)","(-29,)","(-13,)","(14,)","(2,)","(3,)","(5,)","(5,)","(0,)","(0,)","(0,)","(0,)","(3,)","(30,)","(0,)","(0,)"
"(63,)","(63,)","(123,)","(124,)","(31,)","(-29,)","(-13,)","(14,)","(3,)","(3,)","(5,)","(4,)","(0,)","(0,)","(0,)","(0,)","(-1,)","(-31,)","(0,)","(2,)"
"(62,)","(70,)","(124,)","(123,)","(31,)","(-29,)","(-13,)","(14,)","(2,)","(2,)","(4,)","(5,)","(0,)","(0,)","(0,)","(0,)","(-1,)","(6,)","(0,)","(0,)"
"(63,)","(68,)","(125,)","(123,)","(31,)","(-29,)","(-13,)","(14,)","(3,)","(3,)","(5,)","(5,)","(0,)","(0,)","(0,)","(0,)","(1,)","(-1,)","(1,)","(0,)"
"(62,)","(66,)","(125,)","(123,)","(31,)","(-29,)","(-13,)","(14,)","(2,)","(2,)","(5,)","(5,)","(0,)","(0,)","(0,)","(0,)","(-1,)","(-2,)","(0,)","(0,)"
"(64,)","(65,)","(128,)","(124,)","(31,)","(-29,)","(-13,)","(14,)","(3,)","(3,)","(5,)","(4,)","(0,)","(0,)","(0,)","(0,)","(2,)","(-1,)","(2,)","(0,)"
"(66,)","(63,)","(125,)","(125,)","(31,)","(-29,)","(-13,)","(14,)","(2,)","(2,)","(5,)","(5,)","(0,)","(0,)","(0,)","(0,)","(2,)","(-2,)","(-2,)","(1,)"
"(65,)","(66,)","(128,)","(125,)","(31,)","(-29,)","(-13,)","(14,)","(3,)","(3,)","(5,)","(5,)","(0,)","(0,)","(0,)","(0,)","(-1,)","(3,)","(2,)","(0,)"
"(63,)","(65,)","(126,)","(125,)","(31,)","(-29,)","(-13,)","(14,)","(2,)","(2,)","(4,)","(5,)","(0,)","(0,)","(0,)","(0,)","(-2,)","(-1,)","(-1,)","(0,)"
"(65,)","(67,)","(128,)","(125,)","(31,)","(-29,)","(-13,)","(14,)","(3,)","(3,)","(5,)","(5,)","(0,)","(0,)","(0,)","(0,)","(2,)","(2,)","(1,)","(0,)"
"(63,)","(66,)","(125,)","(124,)","(31,)","(-29,)","(-13,)","(14,)","(2,)","(2,)","(5,)","(4,)","(0,)","(0,)","(0,)","(0,)","(-2,)","(-1,)","(-2,)","(-1,)"
"(88,)","(68,)","(125,)","(125,)","(24,)","(-24,)","(-12,)","(13,)","(4,)","(3,)","(5,)","(5,)","(-6,)","(-4,)","(-1,)","(-1,)","(25,)","(2,)","(0,)","(1,)"
"(68,)","(63,)","(125,)","(123,)","(18,)","(-18,)","(-11,)","(12,)","(2,)","(2,)","(5,)","(5,)","(-6,)","(-5,)","(0,)","(0,)","(-20,)","(-5,)","(0,)","(-2,)"
"(68,)","(67,)","(123,)","(121,)","(17,)","(-16,)","(-11,)","(12,)","(3,)","(3,)","(5,)","(4,)","(-1,)","(-2,)","(0,)","(0,)","(0,)","(4,)","(-2,)","(-2,)"
"(72,)","(72,)","(118,)","(119,)","(18,)","(-16,)","(-11,)","(12,)","(3,)","(3,)","(4,)","(5,)","(1,)","(0,)","(0,)","(0,)","(3,)","(4,)","(-4,)","(-2,)"
"(74,)","(72,)","(119,)","(115,)","(15,)","(-14,)","(-9,)","(10,)","(2,)","(2,)","(5,)","(4,)","(-3,)","(-2,)","(-1,)","(-2,)","(1,)","(0,)","(0,)","(-3,)"
"(74,)","(71,)","(118,)","(116,)","(11,)","(-11,)","(-6,)","(7,)","(3,)","(3,)","(4,)","(5,)","(-3,)","(-2,)","(-2,)","(-2,)","(0,)","(0,)","(0,)","(1,)"
"(100,)","(81,)","(113,)","(111,)","(12,)","(-12,)","(-7,)","(8,)","(4,)","(3,)","(4,)","(4,)","(1,)","(0,)","(0,)","(0,)","(26,)","(10,)","(-5,)","(-5,)"
"(80,)","(83,)","(111,)","(111,)","(15,)","(-14,)","(-9,)","(10,)","(3,)","(3,)","(5,)","(4,)","(3,)","(1,)","(1,)","(1,)","(-20,)","(1,)","(-2,)","(0,)"
"(121,)","(104,)","(111,)","(111,)","(25,)","(-23,)","(-13,)","(13,)","(5,)","(4,)","(4,)","(5,)","(9,)","(9,)","(3,)","(3,)","(41,)","(21,)","(0,)","(0,)"
"(83,)","(97,)","(115,)","(115,)","(34,)","(-34,)","(-16,)","(16,)","(3,)","(3,)","(4,)","(4,)","(8,)","(10,)","(3,)","(3,)","(-37,)","(-7,)","(4,)","(4,)"
"(59,)","(64,)","(123,)","(119,)","(33,)","(-35,)","(-15,)","(16,)","(2,)","(3,)","(5,)","(5,)","(0,)","(0,)","(0,)","(0,)","(-24,)","(-33,)","(7,)","(3,)"
"(57,)","(59,)","(128,)","(124,)","(30,)","(-29,)","(-13,)","(14,)","(2,)","(2,)","(5,)","(4,)","(-3,)","(-5,)","(-1,)","(-1,)","(-1,)","(-5,)","(4,)","(4,)"
"(55,)","(59,)","(123,)","(119,)","(29,)","(-26,)","(-13,)","(14,)","(2,)","(2,)","(5,)","(5,)","(0,)","(-2,)","(0,)","(0,)","(-2,)","(0,)","(-4,)","(-4,)"
"(56,)","(63,)","(121,)","(115,)","(30,)","(-28,)","(-13,)","(14,)","(2,)","(3,)","(4,)","(4,)","(0,)","(1,)","(0,)","(0,)","(1,)","(4,)","(-2,)","(-3,)"
"(59,)","(63,)","(121,)","(121,)","(31,)","(-30,)","(-13,)","(14,)","(3,)","(2,)","(5,)","(5,)","(0,)","(2,)","(0,)","(0,)","(2,)","(0,)","(0,)","(5,)"
"(62,)","(63,)","(121,)","(116,)","(31,)","(-30,)","(-13,)","(14,)","(2,)","(2,)","(5,)","(5,)","(0,)","(0,)","(0,)","(0,)","(2,)","(0,)","(0,)","(-4,)"
"(60,)","(63,)","(121,)","(121,)","(31,)","(-29,)","(-13,)","(14,)","(2,)","(3,)","(4,)","(4,)","(0,)","(0,)","(0,)","(0,)","(-1,)","(0,)","(0,)","(4,)"
"(60,)","(62,)","(121,)","(119,)","(31,)","(-29,)","(-13,)","(14,)","(3,)","(2,)","(5,)","(5,)","(0,)","(0,)","(0,)","(0,)","(0,)","(-1,)","(0,)","(-2,)"
"(60,)","(63,)","(123,)","(121,)","(31,)","(-29,)","(-13,)","(14,)","(2,)","(3,)","(5,)","(4,)","(0,)","(0,)","(0,)","(0,)","(0,)","(1,)","(2,)","(2,)"
"(63,)","(63,)","(121,)","(119,)","(31,)","(-29,)","(-13,)","(14,)","(2,)","(2,)","(4,)","(5,)","(0,)","(0,)","(0,)","(0,)","(2,)","(0,)","(-2,)","(-2,)"
"(61,)","(78,)","(123,)","(121,)","(25,)","(-24,)","(-12,)","(13,)","(3,)","(2,)","(5,)","(4,)","(-5,)","(-5,)","(-1,)","(-1,)","(-1,)","(14,)","(2,)","(2,)"
"(66,)","(60,)","(121,)","(119,)","(14,)","(-13,)","(-9,)","(10,)","(2,)","(3,)","(5,)","(5,)","(-10,)","(-11,)","(-3,)","(-3,)","(5,)","(-17,)","(-2,)","(-2,)"
"(65,)","(59,)","(115,)","(113,)","(10,)","(-8,)","(-7,)","(8,)","(3,)","(2,)","(4,)","(4,)","(-3,)","(-4,)","(-2,)","(-1,)","(-1,)","(-1,)","(-5,)","(-5,)"
"(68,)","(95,)","(113,)","(111,)","(14,)","(-12,)","(-8,)","(9,)","(3,)","(4,)","(4,)","(5,)","(3,)","(4,)","(0,)","(0,)","(3,)","(35,)","(-2,)","(-2,)"
"(72,)","(86,)","(111,)","(108,)","(14,)","(-14,)","(-8,)","(8,)","(2,)","(3,)","(5,)","(4,)","(0,)","(2,)","(0,)","(0,)","(3,)","(-8,)","(-2,)","(-2,)"
"(75,)","(74,)","(108,)","(106,)","(13,)","(-14,)","(-8,)","(9,)","(3,)","(3,)","(4,)","(4,)","(0,)","(0,)","(0,)","(0,)","(3,)","(-12,)","(-2,)","(-2,)"
"(74,)","(74,)","(111,)","(111,)","(14,)","(-14,)","(-9,)","(9,)","(3,)","(3,)","(4,)","(4,)","(0,)","(0,)","(0,)","(0,)","(-1,)","(0,)","(2,)","(4,)"
"(138,)","(108,)","(111,)","(108,)","(23,)","(-23,)","(-12,)","(13,)","(5,)","(3,)","(4,)","(4,)","(9,)","(8,)","(3,)","(3,)","(64,)","(34,)","(0,)","(-2,)"
"(68,)","(72,)","(109,)","(111,)","(34,)","(-35,)","(-15,)","(16,)","(2,)","(2,)","(5,)","(5,)","(11,)","(11,)","(3,)","(3,)","(-70,)","(-36,)","(-1,)","(2,)"
"(60,)","(76,)","(118,)","(115,)","(35,)","(-36,)","(-15,)","(16,)","(2,)","(2,)","(4,)","(4,)","(0,)","(0,)","(0,)","(0,)","(-7,)","(4,)","(9,)","(4,)"
"(64,)","(55,)","(123,)","(119,)","(30,)","(-29,)","(-14,)","(14,)","(3,)","(3,)","(5,)","(5,)","(-4,)","(-6,)","(-1,)","(-1,)","(3,)","(-20,)","(4,)","(3,)"
"(65,)","(59,)","(121,)","(115,)","(28,)","(-26,)","(-13,)","(14,)","(3,)","(2,)","(4,)","(4,)","(-1,)","(-3,)","(0,)","(0,)","(1,)","(3,)","(-2,)","(-3,)"
"(56,)","(60,)","(116,)","(113,)","(29,)","(-28,)","(-13,)","(14,)","(2,)","(2,)","(5,)","(4,)","(1,)","(2,)","(0,)","(0,)","(-8,)","(1,)","(-4,)","(-2,)"
"(55,)","(63,)","(118,)","(114,)","(31,)","(-31,)","(-13,)","(14,)","(2,)","(3,)","(4,)","(5,)","(1,)","(2,)","(0,)","(0,)","(-1,)","(2,)","(1,)","(1,)"
"(57,)","(62,)","(119,)","(115,)","(31,)","(-31,)","(-13,)","(14,)","(2,)","(2,)","(5,)","(4,)","(0,)","(0,)","(0,)","(0,)","(2,)","(-1,)","(0,)","(0,)"
"(60,)","(62,)","(119,)","(116,)","(31,)","(-29,)","(-13,)","(14,)","(2,)","(2,)","(5,)","(5,)","(0,)","(-1,)","(0,)","(0,)","(2,)","(0,)","(0,)","(1,)"
"(59,)","(62,)","(115,)","(115,)","(31,)","(-29,)","(-13,)","(14,)","(3,)","(3,)","(4,)","(4,)","(0,)","(0,)","(0,)","(0,)","(0,)","(0,)","(-3,)","(-1,)"
"(62,)","(62,)","(119,)","(116,)","(31,)","(-29,)","(-13,)","(14,)","(2,)","(2,)","(5,)","(5,)","(0,)","(0,)","(0,)","(0,)","(2,)","(0,)","(3,)","(1,)"
"(57,)","(63,)","(121,)","(118,)","(31,)","(-29,)","(-13,)","(14,)","(2,)","(3,)","(4,)","(4,)","(0,)","(0,)","(0,)","(0,)","(-4,)","(1,)","(2,)","(1,)"
"(62,)","(63,)","(121,)","(119,)","(31,)","(-29,)","(-13,)","(14,)","(3,)","(2,)","(5,)","(5,)","(0,)","(0,)","(0,)","(0,)","(4,)","(0,)","(0,)","(0,)"
"(60,)","(62,)","(121,)","(118,)","(31,)","(-29,)","(-13,)","(14,)","(2,)","(2,)","(4,)","(4,)","(0,)","(0,)","(0,)","(0,)","(-1,)","(-1,)","(0,)","(0,)"
"(78,)","(72,)","(121,)","(119,)","(22,)","(-22,)","(-12,)","(12,)","(2,)","(3,)","(5,)","(5,)","(-8,)","(-7,)","(-1,)","(-1,)","(17,)","(10,)","(0,)","(0,)"
"(64,)","(59,)","(121,)","(118,)","(14,)","(-14,)","(-10,)","(11,)","(3,)","(2,)","(5,)","(4,)","(-8,)","(-8,)","(-1,)","(-1,)","(-13,)","(-13,)","(0,)","(0,)"
"(65,)","(65,)","(118,)","(114,)","(11,)","(-10,)","(-9,)","(9,)","(2,)","(3,)","(4,)","(5,)","(-2,)","(-4,)","(-1,)","(-1,)","(0,)","(6,)","(-2,)","(-3,)"
"(70,)","(80,)","(112,)","(111,)","(13,)","(-10,)","(-8,)","(8,)","(3,)","(2,)","(5,)","(4,)","(1,)","(0,)","(0,)","(0,)","(5,)","(15,)","(-5,)","(-3,)"
"(74,)","(75,)","(106,)","(108,)","(10,)","(-9,)","(-6,)","(6,)","(3,)","(3,)","(4,)","(4,)","(-2,)","(-1,)","(-2,)","(-1,)","(3,)","(-5,)","(-6,)","(-2,)"
"(78,)","(75,)","(108,)","(104,)","(6,)","(-6,)","(-3,)","(5,)","(3,)","(3,)","(4,)","(4,)","(-4,)","(-3,)","(-2,)","(-1,)","(4,)","(0,)","(2,)","(-4,)"
"(80,)","(78,)","(113,)","(106,)","(1,)","(-1,)","(-1,)","(2,)","(3,)","(3,)","(4,)","(4,)","(-5,)","(-5,)","(-2,)","(-3,)","(1,)","(2,)","(4,)","(2,)"
"(83,)","(80,)","(100,)","(100,)","(-1,)","(1,)","(0,)","(0,)","(3,)","(3,)","(4,)","(4,)","(0,)","(0,)","(-1,)","(-1,)","(3,)","(1,)","(-12,)","(-6,)"
"(90,)","(87,)","(97,)","(95,)","(0,)","(0,)","(0,)","(0,)","(4,)","(4,)","(3,)","(4,)","(0,)","(0,)","(0,)","(0,)","(7,)","(7,)","(-3,)","(-5,)"
"(93,)","(93,)","(93,)","(93,)","(0,)","(0,)","(0,)","(0,)","(3,)","(3,)","(4,)","(3,)","(0,)","(0,)","(0,)","(0,)","(2,)","(5,)","(-3,)","(-2,)"
"(91,)","(91,)","(93,)","(91,)","(0,)","(0,)","(0,)","(0,)","(4,)","(4,)","(4,)","(4,)","(0,)","(0,)","(0,)","(0,)","(-1,)","(-1,)","(0,)","(-1,)"
"(93,)","(93,)","(93,)","(93,)","(0,)","(0,)","(0,)","(0,)","(3,)","(3,)","(3,)","(3,)","(0,)","(0,)","(0,)","(0,)","(1,)","(1,)","(0,)","(1,)"
"(88,)","(91,)","(93,)","(95,)","(0,)","(0,)","(0,)","(0,)","(4,)","(4,)","(4,)","(4,)","(0,)","(0,)","(0,)","(0,)","(-4,)","(-1,)","(0,)","(2,)"
"(93,)","(88,)","(95,)","(90,)","(0,)","(0,)","(0,)","(0,)","(3,)","(3,)","(3,)","(3,)","(0,)","(0,)","(0,)","(0,)","(4,)","(-3,)","(1,)","(-4,)"
"(90,)","(88,)","(133,)","(140,)","(-4,)","(3,)","(4,)","(-5,)","(4,)","(4,)","(4,)","(4,)","(4,)","(3,)","(4,)","(5,)","(-2,)","(0,)","(38,)","(49,)"
"(90,)","(86,)","(93,)","(93,)","(-9,)","(8,)","(11,)","(-12,)","(3,)","(3,)","(3,)","(3,)","(4,)","(4,)","(6,)","(7,)","(0,)","(-1,)","(-40,)","(-47,)"
"(95,)","(91,)","(83,)","(81,)","(-11,)","(11,)","(17,)","(-19,)","(4,)","(4,)","(3,)","(3,)","(2,)","(2,)","(6,)","(6,)","(4,)","(4,)","(-9,)","(-11,)"
"(98,)","(97,)","(75,)","(74,)","(-11,)","(11,)","(20,)","(-21,)","(4,)","(3,)","(3,)","(3,)","(0,)","(0,)","(2,)","(2,)","(3,)","(5,)","(-7,)","(-7,)"
"(104,)","(104,)","(66,)","(88,)","(-13,)","(12,)","(22,)","(-23,)","(4,)","(4,)","(3,)","(4,)","(1,)","(1,)","(2,)","(2,)","(5,)","(7,)","(-8,)","(14,)"
"(104,)","(104,)","(66,)","(63,)","(-14,)","(13,)","(25,)","(-26,)","(4,)","(4,)","(2,)","(2,)","(1,)","(1,)","(2,)","(2,)","(0,)","(0,)","(0,)","(-25,)"
"(102,)","(106,)","(66,)","(70,)","(-13,)","(12,)","(23,)","(-23,)","(4,)","(4,)","(3,)","(3,)","(0,)","(0,)","(-1,)","(-2,)","(-2,)","(2,)","(0,)","(6,)"
"(106,)","(105,)","(65,)","(62,)","(-12,)","(11,)","(21,)","(-20,)","(4,)","(5,)","(2,)","(2,)","(0,)","(0,)","(-2,)","(-3,)","(4,)","(0,)","(-1,)","(-8,)"
"(106,)","(104,)","(63,)","(65,)","(-12,)","(11,)","(19,)","(-19,)","(4,)","(4,)","(3,)","(2,)","(0,)","(0,)","(-1,)","(0,)","(0,)","(-1,)","(-1,)","(3,)"
"(102,)","(104,)","(65,)","(64,)","(-12,)","(11,)","(19,)","(-20,)","(4,)","(4,)","(2,)","(3,)","(0,)","(0,)","(0,)","(0,)","(-4,)","(0,)","(1,)","(0,)"
"(102,)","(130,)","(105,)","(124,)","(-9,)","(8,)","(14,)","(-15,)","(4,)","(5,)","(3,)","(4,)","(-2,)","(-2,)","(-4,)","(-5,)","(0,)","(26,)","(40,)","(59,)"
"(108,)","(102,)","(63,)","(83,)","(-6,)","(5,)","(7,)","(-7,)","(4,)","(3,)","(2,)","(3,)","(-2,)","(-2,)","(-7,)","(-7,)","(6,)","(-28,)","(-41,)","(-40,)"
"(100,)","(100,)","(70,)","(71,)","(-6,)","(5,)","(5,)","(-5,)","(3,)","(4,)","(3,)","(3,)","(0,)","(0,)","(-2,)","(-1,)","(-8,)","(-1,)","(6,)","(-11,)"
"(91,)","(91,)","(76,)","(78,)","(-6,)","(5,)","(6,)","(-8,)","(4,)","(4,)","(3,)","(3,)","(0,)","(0,)","(1,)","(2,)","(-8,)","(-8,)","(6,)","(7,)"
"(90,)","(90,)","(80,)","(78,)","(-7,)","(6,)","(10,)","(-11,)","(3,)","(3,)","(3,)","(3,)","(1,)","(1,)","(3,)","(3,)","(-1,)","(-1,)","(3,)","(0,)"
"(95,)","(95,)","(142,)","(133,)","(-4,)","(4,)","(7,)","(-8,)","(4,)","(4,)","(3,)","(3,)","(-2,)","(-2,)","(-2,)","(-3,)","(4,)","(4,)","(62,)","(54,)"
"(96,)","(98,)","(68,)","(90,)","(-1,)","(1,)","(2,)","(-1,)","(4,)","(4,)","(2,)","(3,)","(-3,)","(-2,)","(-5,)","(-6,)","(1,)","(3,)","(-74,)","(-42,)"
"(90,)","(88,)","(75,)","(76,)","(0,)","(0,)","(-2,)","(2,)","(3,)","(3,)","(3,)","(3,)","(-1,)","(-1,)","(0,)","(0,)","(-6,)","(-9,)","(7,)","(-13,)"
"(86,)","(83,)","(81,)","(81,)","(0,)","(-1,)","(-2,)","(1,)","(3,)","(3,)","(3,)","(3,)","(0,)","(0,)","(0,)","(0,)","(-3,)","(-5,)","(6,)","(4,)"
"(97,)","(124,)","(111,)","(108,)","(8,)","(-9,)","(-6,)","(6,)","(3,)","(4,)","(4,)","(4,)","(8,)","(8,)","(4,)","(5,)","(10,)","(40,)","(29,)","(27,)"
"(86,)","(100,)","(81,)","(86,)","(23,)","(-23,)","(-14,)","(15,)","(3,)","(3,)","(3,)","(3,)","(14,)","(14,)","(7,)","(8,)","(-10,)","(-24,)","(-29,)","(-21,)"
"(80,)","(68,)","(90,)","(91,)","(36,)","(-36,)","(-17,)","(18,)","(3,)","(3,)","(3,)","(4,)","(12,)","(12,)","(3,)","(3,)","(-6,)","(-31,)","(9,)","(4,)"
"(106,)","(100,)","(96,)","(97,)","(36,)","(-37,)","(-15,)","(16,)","(2,)","(3,)","(4,)","(3,)","(0,)","(0,)","(-1,)","(-1,)","(26,)","(31,)","(6,)","(5,)"
"(51,)","(47,)","(104,)","(104,)","(30,)","(-30,)","(-13,)","(13,)","(2,)","(2,)","(4,)","(4,)","(-6,)","(-7,)","(-2,)","(-2,)","(-55,)","(-52,)","(7,)","(7,)"
"(65,)","(49,)","(104,)","(98,)","(27,)","(-26,)","(-13,)","(13,)","(2,)","(2,)","(4,)","(4,)","(-2,)","(-3,)","(0,)","(0,)","(13,)","(1,)","(0,)","(-5,)"
"(62,)","(57,)","(96,)","(95,)","(29,)","(-28,)","(-13,)","(14,)","(2,)","(2,)","(4,)","(4,)","(2,)","(2,)","(0,)","(0,)","(-3,)","(8,)","(-7,)","(-3,)"
"(57,)","(60,)","(98,)","(97,)","(31,)","(-31,)","(-14,)","(14,)","(2,)","(2,)","(4,)","(3,)","(1,)","(2,)","(0,)","(0,)","(-4,)","(2,)","(1,)","(2,)"
"(57,)","(54,)","(102,)","(100,)","(31,)","(-31,)","(-14,)","(14,)","(2,)","(2,)","(4,)","(4,)","(0,)","(0,)","(0,)","(0,)","(0,)","(-6,)","(3,)","(3,)"
"(57,)","(54,)","(106,)","(104,)","(31,)","(-30,)","(-14,)","(14,)","(3,)","(2,)","(4,)","(4,)","(0,)","(0,)","(0,)","(0,)","(0,)","(0,)","(4,)","(3,)"
"(55,)","(57,)","(106,)","(102,)","(31,)","(-30,)","(-14,)","(14,)","(2,)","(2,)","(4,)","(4,)","(0,)","(0,)","(0,)","(0,)","(-1,)","(3,)","(0,)","(-2,)"
"(56,)","(57,)","(106,)","(104,)","(31,)","(-30,)","(-14,)","(14,)","(2,)","(3,)","(4,)","(4,)","(0,)","(0,)","(0,)","(0,)","(1,)","(0,)","(0,)","(2,)"
"(59,)","(57,)","(106,)","(106,)","(28,)","(-28,)","(-13,)","(14,)","(2,)","(2,)","(4,)","(4,)","(-2,)","(-1,)","(0,)","(0,)","(2,)","(0,)","(0,)","(2,)"
"(57,)","(57,)","(108,)","(106,)","(27,)","(-26,)","(-13,)","(14,)","(2,)","(2,)","(4,)","(4,)","(-1,)","(-2,)","(0,)","(0,)","(-1,)","(0,)","(2,)","(0,)"
"(58,)","(88,)","(106,)","(106,)","(29,)","(-28,)","(-13,)","(14,)","(3,)","(3,)","(4,)","(4,)","(2,)","(1,)","(0,)","(0,)","(0,)","(30,)","(-2,)","(0,)"
"(65,)","(61,)","(111,)","(107,)","(32,)","(-31,)","(-14,)","(14,)","(2,)","(3,)","(4,)","(5,)","(2,)","(2,)","(0,)","(0,)","(6,)","(-27,)","(4,)","(0,)"
"(59,)","(59,)","(111,)","(106,)","(32,)","(-31,)","(-14,)","(14,)","(2,)","(2,)","(5,)","(4,)","(0,)","(0,)","(0,)","(0,)","(-5,)","(-2,)","(0,)","(0,)"
"(56,)","(59,)","(113,)","(113,)","(31,)","(-30,)","(-14,)","(14,)","(2,)","(2,)","(4,)","(4,)","(0,)","(0,)","(0,)","(0,)","(-2,)","(0,)","(2,)","(6,)"
"(57,)","(59,)","(115,)","(113,)","(30,)","(-30,)","(-14,)","(14,)","(3,)","(3,)","(4,)","(4,)","(0,)","(0,)","(0,)","(0,)","(1,)","(0,)","(2,)","(0,)"
"(59,)","(63,)","(114,)","(111,)","(30,)","(-30,)","(-14,)","(14,)","(2,)","(2,)","(5,)","(5,)","(0,)","(0,)","(0,)","(0,)","(1,)","(3,)","(0,)","(-2,)"
"(63,)","(62,)","(113,)","(113,)","(30,)","(-30,)","(-14,)","(14,)","(2,)","(2,)","(4,)","(4,)","(0,)","(0,)","(0,)","(0,)","(4,)","(-1,)","(-1,)","(2,)"
"(60,)","(62,)","(119,)","(113,)","(30,)","(-30,)","(-14,)","(14,)","(3,)","(3,)","(5,)","(4,)","(0,)","(0,)","(0,)","(0,)","(-2,)","(0,)","(5,)","(0,)"
"(59,)","(62,)","(118,)","(116,)","(30,)","(-30,)","(-14,)","(14,)","(2,)","(2,)","(4,)","(5,)","(0,)","(0,)","(0,)","(0,)","(-1,)","(0,)","(0,)","(3,)"
"(57,)","(63,)","(116,)","(115,)","(30,)","(-30,)","(-14,)","(14,)","(2,)","(3,)","(5,)","(4,)","(0,)","(0,)","(0,)","(0,)","(-1,)","(1,)","(-1,)","(-1,)"
"(62,)","(65,)","(121,)","(116,)","(30,)","(-30,)","(-14,)","(14,)","(2,)","(2,)","(4,)","(5,)","(0,)","(0,)","(0,)","(0,)","(4,)","(1,)","(4,)","(1,)"
"(60,)","(63,)","(119,)","(115,)","(30,)","(-30,)","(-14,)","(14,)","(3,)","(2,)","(5,)","(4,)","(0,)","(0,)","(0,)","(0,)","(-1,)","(-1,)","(-2,)","(-1,)"
"(60,)","(61,)","(121,)","(119,)","(24,)","(-24,)","(-12,)","(13,)","(2,)","(3,)","(5,)","(5,)","(-6,)","(-5,)","(-1,)","(-1,)","(0,)","(-1,)","(2,)","(3,)"
"(64,)","(62,)","(121,)","(118,)","(18,)","(-18,)","(-11,)","(12,)","(3,)","(2,)","(4,)","(4,)","(-6,)","(-6,)","(-1,)","(-1,)","(3,)","(0,)","(0,)","(0,)"
"(66,)","(63,)","(119,)","(114,)","(15,)","(-14,)","(-10,)","(11,)","(2,)","(3,)","(5,)","(5,)","(-2,)","(-3,)","(-1,)","(-1,)","(2,)","(1,)","(-2,)","(-3,)"
"(68,)","(70,)","(115,)","(113,)","(15,)","(-14,)","(-9,)","(10,)","(3,)","(2,)","(4,)","(4,)","(0,)","(0,)","(0,)","(0,)","(2,)","(6,)","(-3,)","(-1,)"
"(72,)","(71,)","(112,)","(111,)","(12,)","(-11,)","(-7,)","(9,)","(3,)","(3,)","(5,)","(4,)","(-3,)","(-2,)","(-1,)","(-1,)","(3,)","(1,)","(-2,)","(-2,)"
"(78,)","(71,)","(111,)","(111,)","(9,)","(-8,)","(-6,)","(7,)","(2,)","(3,)","(4,)","(4,)","(-3,)","(-3,)","(-1,)","(-1,)","(5,)","(0,)","(-1,)","(0,)"
"(76,)","(76,)","(111,)","(107,)","(8,)","(-7,)","(-6,)","(6,)","(3,)","(3,)","(4,)","(5,)","(0,)","(0,)","(0,)","(0,)","(-1,)","(5,)","(0,)","(-3,)"
"(78,)","(78,)","(106,)","(106,)","(9,)","(-8,)","(-6,)","(6,)","(4,)","(3,)","(4,)","(4,)","(0,)","(0,)","(0,)","(0,)","(1,)","(1,)","(-4,)","(0,)"
"(173,)","(161,)","(115,)","(104,)","(18,)","(-17,)","(-10,)","(11,)","(3,)","(4,)","(4,)","(4,)","(8,)","(8,)","(4,)","(4,)","(95,)","(83,)","(9,)","(-2,)"
"(74,)","(141,)","(108,)","(106,)","(30,)","(-30,)","(-15,)","(16,)","(3,)","(5,)","(4,)","(4,)","(11,)","(12,)","(4,)","(5,)","(-99,)","(-19,)","(-7,)","(2,)"
"(66,)","(111,)","(114,)","(111,)","(32,)","(-32,)","(-15,)","(16,)","(3,)","(3,)","(5,)","(4,)","(1,)","(2,)","(0,)","(0,)","(-7,)","(-30,)","(6,)","(4,)"
"(57,)","(58,)","(121,)","(121,)","(27,)","(-26,)","(-13,)","(13,)","(2,)","(3,)","(4,)","(5,)","(-5,)","(-5,)","(-2,)","(-2,)","(-8,)","(-52,)","(6,)","(10,)"
"(55,)","(56,)","(121,)","(115,)","(24,)","(-22,)","(-12,)","(12,)","(2,)","(2,)","(5,)","(4,)","(-2,)","(-3,)","(-1,)","(0,)","(-2,)","(-2,)","(0,)","(-5,)"
"(60,)","(62,)","(115,)","(113,)","(26,)","(-24,)","(-12,)","(13,)","(2,)","(2,)","(4,)","(4,)","(1,)","(1,)","(0,)","(0,)","(5,)","(5,)","(-5,)","(-2,)"
"(60,)","(63,)","(114,)","(111,)","(30,)","(-29,)","(-13,)","(14,)","(3,)","(3,)","(5,)","(5,)","(4,)","(5,)","(1,)","(1,)","(0,)","(1,)","(0,)","(-2,)"
"(60,)","(66,)","(113,)","(113,)","(32,)","(-32,)","(-14,)","(15,)","(2,)","(2,)","(4,)","(4,)","(2,)","(3,)","(0,)","(0,)","(0,)","(3,)","(-1,)","(2,)"
"(59,)","(59,)","(119,)","(119,)","(31,)","(-31,)","(-14,)","(15,)","(2,)","(2,)","(5,)","(5,)","(-1,)","(-1,)","(0,)","(0,)","(-1,)","(-7,)","(5,)","(5,)"
"(57,)","(58,)","(121,)","(115,)","(30,)","(-29,)","(-14,)","(15,)","(2,)","(3,)","(4,)","(4,)","(-1,)","(-2,)","(0,)","(0,)","(-1,)","(0,)","(2,)","(-3,)"
"(57,)","(60,)","(119,)","(118,)","(28,)","(-26,)","(-13,)","(14,)","(3,)","(2,)","(5,)","(4,)","(-2,)","(-3,)","(0,)","(0,)","(0,)","(1,)","(-2,)","(2,)"
"(60,)","(57,)","(121,)","(116,)","(25,)","(-24,)","(-13,)","(13,)","(2,)","(2,)","(4,)","(5,)","(-2,)","(-2,)","(0,)","(0,)","(2,)","(-2,)","(2,)","(-1,)"
"(59,)","(62,)","(116,)","(115,)","(24,)","(-24,)","(-13,)","(13,)","(2,)","(2,)","(5,)","(4,)","(0,)","(0,)","(0,)","(0,)","(-1,)","(4,)","(-4,)","(-1,)"
"(62,)","(72,)","(118,)","(114,)","(29,)","(-28,)","(-13,)","(14,)","(3,)","(3,)","(4,)","(5,)","(4,)","(4,)","(0,)","(0,)","(3,)","(10,)","(1,)","(0,)"
"(62,)","(68,)","(116,)","(118,)","(33,)","(-32,)","(-14,)","(14,)","(2,)","(2,)","(5,)","(4,)","(3,)","(4,)","(0,)","(0,)","(0,)","(-4,)","(-1,)","(3,)"
"(57,)","(61,)","(121,)","(119,)","(32,)","(-32,)","(-14,)","(14,)","(2,)","(3,)","(5,)","(5,)","(0,)","(0,)","(0,)","(0,)","(-4,)","(-6,)","(4,)","(0,)"
"(57,)","(57,)","(124,)","(121,)","(30,)","(-29,)","(-14,)","(14,)","(3,)","(2,)","(4,)","(5,)","(-1,)","(-2,)","(0,)","(0,)","(0,)","(-3,)","(2,)","(2,)"
"(55,)","(57,)","(121,)","(124,)","(30,)","(-28,)","(-14,)","(14,)","(2,)","(2,)","(5,)","(4,)","(0,)","(0,)","(0,)","(0,)","(-1,)","(0,)","(-2,)","(2,)"
"(57,)","(60,)","(121,)","(130,)","(30,)","(-29,)","(-14,)","(14,)","(2,)","(3,)","(5,)","(5,)","(0,)","(0,)","(0,)","(0,)","(2,)","(2,)","(0,)","(6,)"
"(55,)","(62,)","(118,)","(133,)","(30,)","(-29,)","(-14,)","(14,)","(2,)","(2,)","(4,)","(5,)","(0,)","(0,)","(0,)","(0,)","(-2,)","(1,)","(-2,)","(2,)"
"(53,)","(59,)","(119,)","(133,)","(30,)","(-29,)","(-14,)","(14,)","(2,)","(2,)","(5,)","(5,)","(0,)","(0,)","(0,)","(0,)","(-2,)","(-2,)","(0,)","(0,)"
"(56,)","(59,)","(121,)","(131,)","(30,)","(-29,)","(-14,)","(14,)","(2,)","(2,)","(4,)","(6,)","(0,)","(0,)","(0,)","(0,)","(3,)","(0,)","(2,)","(-2,)"
"(54,)","(59,)","(119,)","(133,)","(30,)","(-29,)","(-14,)","(14,)","(2,)","(3,)","(5,)","(5,)","(0,)","(0,)","(0,)","(0,)","(-2,)","(0,)","(-2,)","(2,)"
"(57,)","(62,)","(118,)","(130,)","(30,)","(-29,)","(-14,)","(14,)","(3,)","(2,)","(4,)","(5,)","(0,)","(0,)","(0,)","(0,)","(3,)","(2,)","(0,)","(-2,)"
"(56,)","(60,)","(119,)","(133,)","(30,)","(-29,)","(-14,)","(14,)","(2,)","(2,)","(5,)","(5,)","(0,)","(0,)","(0,)","(0,)","(-1,)","(-1,)","(0,)","(2,)"
"(60,)","(59,)","(118,)","(136,)","(30,)","(-29,)","(-14,)","(14,)","(2,)","(3,)","(4,)","(5,)","(0,)","(0,)","(0,)","(0,)","(3,)","(0,)","(0,)","(2,)"
"(56,)","(60,)","(116,)","(130,)","(30,)","(-29,)","(-14,)","(14,)","(2,)","(2,)","(5,)","(5,)","(0,)","(0,)","(0,)","(0,)","(-3,)","(0,)","(-1,)","(-5,)"
"(55,)","(60,)","(119,)","(133,)","(30,)","(-29,)","(-14,)","(14,)","(2,)","(2,)","(5,)","(5,)","(0,)","(0,)","(0,)","(0,)","(-1,)","(0,)","(2,)","(2,)"
"(57,)","(60,)","(121,)","(136,)","(30,)","(-29,)","(-14,)","(14,)","(3,)","(3,)","(4,)","(5,)","(0,)","(0,)","(0,)","(0,)","(2,)","(0,)","(2,)","(2,)"
"(57,)","(60,)","(119,)","(130,)","(30,)","(-29,)","(-14,)","(14,)","(2,)","(2,)","(5,)","(5,)","(0,)","(0,)","(0,)","(0,)","(0,)","(0,)","(-2,)","(-5,)"
"(59,)","(62,)","(121,)","(121,)","(30,)","(-29,)","(-14,)","(14,)","(2,)","(2,)","(4,)","(5,)","(0,)","(0,)","(0,)","(0,)","(1,)","(1,)","(2,)","(-9,)"
"(66,)","(61,)","(121,)","(123,)","(24,)","(-24,)","(-13,)","(13,)","(2,)","(3,)","(5,)","(5,)","(-5,)","(-5,)","(0,)","(-1,)","(7,)","(0,)","(0,)","(2,)"
"(59,)","(60,)","(121,)","(121,)","(18,)","(-17,)","(-11,)","(12,)","(3,)","(2,)","(5,)","(4,)","(-5,)","(-7,)","(-1,)","(-1,)","(-6,)","(0,)","(0,)","(-2,)"
"(65,)","(59,)","(115,)","(123,)","(17,)","(-15,)","(-11,)","(12,)","(2,)","(2,)","(4,)","(5,)","(-1,)","(-1,)","(0,)","(0,)","(5,)","(-1,)","(-5,)","(2,)"
"(65,)","(65,)","(115,)","(118,)","(18,)","(-17,)","(-11,)","(12,)","(3,)","(3,)","(4,)","(4,)","(0,)","(1,)","(0,)","(0,)","(0,)","(6,)","(0,)","(-4,)"
"(66,)","(70,)","(112,)","(114,)","(19,)","(-19,)","(-11,)","(12,)","(2,)","(3,)","(5,)","(5,)","(1,)","(2,)","(0,)","(0,)","(1,)","(4,)","(-2,)","(-3,)"
"(68,)","(68,)","(113,)","(115,)","(20,)","(-20,)","(-11,)","(12,)","(3,)","(2,)","(4,)","(4,)","(0,)","(0,)","(0,)","(0,)","(2,)","(-1,)","(0,)","(0,)"
"(105,)","(105,)","(116,)","(114,)","(25,)","(-24,)","(-12,)","(14,)","(3,)","(3,)","(5,)","(5,)","(5,)","(4,)","(1,)","(1,)","(36,)","(36,)","(3,)","(0,)"
"(66,)","(72,)","(118,)","(115,)","(30,)","(-29,)","(-13,)","(15,)","(2,)","(2,)","(4,)","(4,)","(5,)","(5,)","(1,)","(1,)","(-38,)","(-33,)","(1,)","(0,)"
"(86,)","(78,)","(121,)","(119,)","(26,)","(-26,)","(-12,)","(14,)","(2,)","(3,)","(5,)","(5,)","(-4,)","(-3,)","(0,)","(-1,)","(19,)","(6,)","(2,)","(3,)"
"(64,)","(60,)","(123,)","(124,)","(19,)","(-19,)","(-11,)","(12,)","(3,)","(2,)","(5,)","(4,)","(-7,)","(-7,)","(-1,)","(-1,)","(-21,)","(-17,)","(2,)","(4,)"
"(117,)","(108,)","(121,)","(116,)","(23,)","(-22,)","(-12,)","(13,)","(3,)","(4,)","(4,)","(5,)","(4,)","(3,)","(1,)","(1,)","(53,)","(48,)","(-2,)","(-7,)"
"(86,)","(72,)","(114,)","(115,)","(33,)","(-33,)","(-14,)","(15,)","(3,)","(3,)","(5,)","(4,)","(9,)","(10,)","(1,)","(1,)","(-30,)","(-36,)","(-6,)","(-1,)"
"(62,)","(70,)","(121,)","(119,)","(34,)","(-35,)","(-14,)","(15,)","(2,)","(2,)","(4,)","(5,)","(1,)","(2,)","(0,)","(0,)","(-24,)","(-2,)","(6,)","(3,)"
"(62,)","(59,)","(125,)","(121,)","(31,)","(-30,)","(-14,)","(15,)","(2,)","(2,)","(5,)","(4,)","(-3,)","(-4,)","(0,)","(0,)","(0,)","(-10,)","(4,)","(2,)"
"(58,)","(59,)","(123,)","(121,)","(29,)","(-27,)","(-14,)","(15,)","(3,)","(3,)","(5,)","(5,)","(-2,)","(-3,)","(0,)","(0,)","(-3,)","(0,)","(-2,)","(0,)"
"(59,)","(63,)","(124,)","(119,)","(30,)","(-28,)","(-14,)","(15,)","(2,)","(2,)","(4,)","(5,)","(0,)","(1,)","(0,)","(0,)","(0,)","(3,)","(0,)","(-2,)"
"(64,)","(63,)","(123,)","(121,)","(29,)","(-29,)","(-14,)","(15,)","(3,)","(3,)","(5,)","(4,)","(0,)","(0,)","(0,)","(0,)","(5,)","(0,)","(0,)","(2,)"
"(59,)","(63,)","(121,)","(121,)","(28,)","(-28,)","(-14,)","(15,)","(2,)","(2,)","(5,)","(5,)","(0,)","(0,)","(0,)","(0,)","(-5,)","(0,)","(-2,)","(0,)"
"(66,)","(66,)","(123,)","(121,)","(30,)","(-29,)","(-14,)","(15,)","(2,)","(2,)","(5,)","(5,)","(1,)","(0,)","(0,)","(0,)","(7,)","(3,)","(2,)","(0,)"
"(62,)","(65,)","(124,)","(121,)","(31,)","(-30,)","(-14,)","(15,)","(3,)","(3,)","(4,)","(4,)","(1,)","(1,)","(0,)","(0,)","(-4,)","(-1,)","(0,)","(0,)"
"(63,)","(64,)","(121,)","(119,)","(31,)","(-30,)","(-14,)","(15,)","(2,)","(3,)","(5,)","(5,)","(0,)","(0,)","(0,)","(0,)","(0,)","(-1,)","(-2,)","(-2,)"
"(63,)","(65,)","(123,)","(124,)","(31,)","(-30,)","(-14,)","(15,)","(3,)","(2,)","(5,)","(4,)","(0,)","(0,)","(0,)","(0,)","(0,)","(0,)","(2,)","(4,)"
"(62,)","(65,)","(121,)","(121,)","(31,)","(-30,)","(-14,)","(15,)","(2,)","(3,)","(4,)","(5,)","(0,)","(0,)","(0,)","(0,)","(-1,)","(0,)","(-2,)","(-2,)"
"(66,)","(65,)","(123,)","(123,)","(31,)","(-30,)","(-14,)","(15,)","(2,)","(2,)","(5,)","(5,)","(0,)","(0,)","(0,)","(0,)","(4,)","(0,)","(2,)","(2,)"
"(64,)","(66,)","(128,)","(123,)","(31,)","(-30,)","(-14,)","(15,)","(3,)","(3,)","(5,)","(5,)","(0,)","(0,)","(0,)","(0,)","(-2,)","(1,)","(4,)","(0,)"
"(63,)","(66,)","(125,)","(124,)","(31,)","(-30,)","(-14,)","(15,)","(2,)","(2,)","(5,)","(4,)","(0,)","(0,)","(0,)","(0,)","(-1,)","(0,)","(-2,)","(0,)"
"(64,)","(66,)","(128,)","(125,)","(28,)","(-28,)","(-13,)","(15,)","(3,)","(3,)","(5,)","(5,)","(-2,)","(-2,)","(0,)","(0,)","(1,)","(0,)","(2,)","(1,)"
"(67,)","(63,)","(124,)","(125,)","(27,)","(-25,)","(-12,)","(15,)","(3,)","(2,)","(4,)","(5,)","(-1,)","(-2,)","(0,)","(0,)","(3,)","(-3,)","(-4,)","(0,)"
"(65,)","(65,)","(125,)","(121,)","(22,)","(-21,)","(-12,)","(13,)","(2,)","(3,)","(5,)","(5,)","(-4,)","(-3,)","(0,)","(-1,)","(-2,)","(2,)","(1,)","(-4,)"
"(67,)","(66,)","(125,)","(121,)","(20,)","(-18,)","(-12,)","(12,)","(3,)","(2,)","(5,)","(4,)","(-2,)","(-3,)","(0,)","(-1,)","(2,)","(1,)","(0,)","(0,)"
"(70,)","(68,)","(121,)","(123,)","(18,)","(-16,)","(-10,)","(11,)","(2,)","(3,)","(5,)","(5,)","(-1,)","(-2,)","(-1,)","(-1,)","(2,)","(2,)","(-4,)","(2,)"
"(100,)","(144,)","(118,)","(113,)","(23,)","(-22,)","(-11,)","(12,)","(3,)","(4,)","(4,)","(4,)","(5,)","(5,)","(0,)","(1,)","(29,)","(75,)","(-2,)","(-9,)"
"(65,)","(76,)","(121,)","(119,)","(29,)","(-29,)","(-13,)","(14,)","(2,)","(2,)","(5,)","(5,)","(6,)","(7,)","(1,)","(1,)","(-34,)","(-67,)","(2,)","(5,)"
"(64,)","(67,)","(123,)","(121,)","(29,)","(-29,)","(-13,)","(14,)","(3,)","(3,)","(5,)","(4,)","(0,)","(0,)","(0,)","(0,)","(0,)","(-8,)","(2,)","(2,)"
"(62,)","(62,)","(124,)","(123,)","(29,)","(-28,)","(-13,)","(14,)","(2,)","(2,)","(4,)","(5,)","(0,)","(-1,)","(0,)","(0,)","(-2,)","(-5,)","(0,)","(2,)"
"(62,)","(68,)","(125,)","(119,)","(24,)","(-23,)","(-12,)","(13,)","(3,)","(3,)","(5,)","(5,)","(-5,)","(-5,)","(0,)","(0,)","(0,)","(6,)","(1,)","(-4,)"
"(70,)","(62,)","(121,)","(121,)","(18,)","(-17,)","(-11,)","(12,)","(2,)","(2,)","(5,)","(4,)","(-5,)","(-5,)","(0,)","(-1,)","(7,)","(-6,)","(-4,)","(2,)"
"(90,)","(95,)","(118,)","(116,)","(21,)","(-19,)","(-11,)","(12,)","(4,)","(4,)","(4,)","(5,)","(2,)","(1,)","(0,)","(0,)","(20,)","(33,)","(-2,)","(-4,)"
"(71,)","(74,)","(114,)","(115,)","(25,)","(-24,)","(-11,)","(12,)","(3,)","(3,)","(5,)","(4,)","(4,)","(5,)","(0,)","(0,)","(-18,)","(-21,)","(-3,)","(-1,)"
"(66,)","(72,)","(121,)","(116,)","(30,)","(-30,)","(-13,)","(14,)","(2,)","(2,)","(4,)","(5,)","(5,)","(6,)","(1,)","(1,)","(-4,)","(-2,)","(6,)","(1,)"
"(61,)","(68,)","(121,)","(121,)","(33,)","(-33,)","(-14,)","(15,)","(3,)","(3,)","(5,)","(4,)","(2,)","(2,)","(1,)","(0,)","(-5,)","(-3,)","(0,)","(4,)"
"(90,)","(76,)","(123,)","(121,)","(27,)","(-26,)","(-13,)","(13,)","(3,)","(2,)","(5,)","(5,)","(-6,)","(-6,)","(-1,)","(-1,)","(29,)","(7,)","(2,)","(0,)"
"(66,)","(60,)","(121,)","(119,)","(20,)","(-18,)","(-11,)","(12,)","(2,)","(3,)","(4,)","(5,)","(-7,)","(-8,)","(-1,)","(-1,)","(-24,)","(-15,)","(-2,)","(-2,)"
"(65,)","(93,)","(148,)","(144,)","(9,)","(-6,)","(-3,)","(4,)","(3,)","(3,)","(5,)","(4,)","(-10,)","(-11,)","(-7,)","(-8,)","(-1,)","(32,)","(26,)","(25,)"
"(70,)","(62,)","(113,)","(111,)","(-4,)","(6,)","(4,)","(-5,)","(3,)","(2,)","(4,)","(4,)","(-5,)","(0,)","(1,)","(1,)","(4,)","(-31,)","(-34,)","(-33,)"
"(70,)","(64,)","(151,)","(124,)","(-14,)","(14,)","(15,)","(-17,)","(2,)","(3,)","(5,)","(4,)","(10,)","(8,)","(10,)","(11,)","(0,)","(2,)","(38,)","(12,)"
"(76,)","(113,)","(90,)","(88,)","(-16,)","(14,)","(22,)","(-24,)","(3,)","(4,)","(3,)","(3,)","(1,)","(0,)","(6,)","(7,)","(6,)","(48,)","(-60,)","(-35,)"
"(88,)","(86,)","(125,)","(93,)","(-14,)","(12,)","(28,)","(-30,)","(4,)","(3,)","(5,)","(3,)","(-1,)","(-2,)","(6,)","(5,)","(11,)","(-26,)","(34,)","(4,)"
"(97,)","(95,)","(62,)","(64,)","(-14,)","(13,)","(33,)","(-34,)","(3,)","(4,)","(2,)","(3,)","(0,)","(0,)","(5,)","(4,)","(8,)","(8,)","(-63,)","(-28,)"
"(98,)","(102,)","(86,)","(53,)","(-14,)","(14,)","(32,)","(-33,)","(4,)","(4,)","(3,)","(2,)","(0,)","(1,)","(-1,)","(-1,)","(1,)","(7,)","(24,)","(-11,)"
"(106,)","(106,)","(54,)","(53,)","(-14,)","(14,)","(29,)","(-30,)","(4,)","(4,)","(3,)","(2,)","(0,)","(0,)","(-3,)","(-2,)","(7,)","(4,)","(-32,)","(0,)"
"(102,)","(102,)","(59,)","(56,)","(-14,)","(14,)","(28,)","(-29,)","(4,)","(4,)","(2,)","(2,)","(0,)","(0,)","(0,)","(0,)","(-4,)","(-4,)","(4,)","(3,)"
"(102,)","(106,)","(59,)","(60,)","(-14,)","(14,)","(29,)","(-30,)","(4,)","(4,)","(2,)","(2,)","(0,)","(0,)","(1,)","(1,)","(0,)","(4,)","(0,)","(3,)"
"(104,)","(104,)","(59,)","(59,)","(-14,)","(14,)","(30,)","(-31,)","(4,)","(4,)","(2,)","(3,)","(0,)","(0,)","(0,)","(0,)","(2,)","(-2,)","(0,)","(0,)"
"(106,)","(104,)","(60,)","(60,)","(-14,)","(14,)","(30,)","(-31,)","(4,)","(4,)","(3,)","(2,)","(0,)","(0,)","(0,)","(0,)","(2,)","(0,)","(1,)","(0,)"
"(104,)","(111,)","(106,)","(117,)","(-9,)","(8,)","(22,)","(-22,)","(4,)","(4,)","(2,)","(3,)","(-5,)","(-5,)","(-8,)","(-8,)","(-2,)","(6,)","(46,)","(57,)"
"(102,)","(108,)","(59,)","(60,)","(-4,)","(2,)","(5,)","(-6,)","(4,)","(4,)","(2,)","(2,)","(-5,)","(-6,)","(-16,)","(-16,)","(-2,)","(-2,)","(-47,)","(-57,)"
"(133,)","(124,)","(97,)","(100,)","(-6,)","(4,)","(1,)","(-2,)","(4,)","(4,)","(3,)","(3,)","(2,)","(1,)","(-4,)","(-3,)","(30,)","(15,)","(38,)","(39,)"
"(88,)","(93,)","(95,)","(144,)","(-11,)","(10,)","(12,)","(-14,)","(3,)","(4,)","(3,)","(4,)","(4,)","(6,)","(11,)","(11,)","(-44,)","(-30,)","(-2,)","(44,)"
"(98,)","(93,)","(80,)","(75,)","(-15,)","(15,)","(29,)","(-31,)","(4,)","(3,)","(3,)","(3,)","(3,)","(4,)","(16,)","(16,)","(9,)","(0,)","(-15,)","(-68,)"
"(113,)","(111,)","(121,)","(160,)","(-15,)","(15,)","(36,)","(-37,)","(4,)","(3,)","(2,)","(3,)","(0,)","(0,)","(6,)","(6,)","(14,)","(18,)","(41,)","(84,)"
"(104,)","(104,)","(80,)","(95,)","(-12,)","(12,)","(27,)","(-28,)","(4,)","(4,)","(2,)","(2,)","(-2,)","(-3,)","(-8,)","(-8,)","(-8,)","(-6,)","(-40,)","(-64,)"
"(104,)","(107,)","(54,)","(52,)","(-10,)","(9,)","(14,)","(-15,)","(4,)","(5,)","(2,)","(2,)","(-1,)","(-2,)","(-12,)","(-12,)","(0,)","(2,)","(-26,)","(-42,)"
"(115,)","(137,)","(81,)","(90,)","(-12,)","(11,)","(14,)","(-16,)","(4,)","(3,)","(3,)","(3,)","(1,)","(2,)","(0,)","(0,)","(11,)","(30,)","(27,)","(38,)"
"(108,)","(95,)","(111,)","(97,)","(-14,)","(13,)","(25,)","(-27,)","(3,)","(4,)","(3,)","(3,)","(1,)","(2,)","(11,)","(11,)","(-7,)","(-42,)","(29,)","(6,)"
"(108,)","(96,)","(66,)","(65,)","(-14,)","(14,)","(31,)","(-33,)","(4,)","(4,)","(3,)","(3,)","(0,)","(0,)","(6,)","(5,)","(0,)","(1,)","(-44,)","(-31,)"
"(104,)","(106,)","(117,)","(97,)","(-14,)","(13,)","(29,)","(-29,)","(4,)","(4,)","(3,)","(3,)","(0,)","(-1,)","(-2,)","(-3,)","(-4,)","(9,)","(50,)","(31,)"
"(108,)","(108,)","(55,)","(56,)","(-14,)","(13,)","(26,)","(-26,)","(4,)","(4,)","(2,)","(2,)","(0,)","(0,)","(-2,)","(-2,)","(4,)","(2,)","(-62,)","(-40,)"
"(111,)","(108,)","(61,)","(57,)","(-14,)","(13,)","(27,)","(-28,)","(4,)","(4,)","(3,)","(2,)","(0,)","(0,)","(1,)","(1,)","(2,)","(0,)","(5,)","(1,)"
"(112,)","(111,)","(65,)","(61,)","(-14,)","(14,)","(28,)","(-29,)","(5,)","(5,)","(2,)","(3,)","(0,)","(0,)","(0,)","(1,)","(1,)","(2,)","(3,)","(3,)"
"(113,)","(108,)","(63,)","(63,)","(-14,)","(14,)","(28,)","(-29,)","(4,)","(4,)","(3,)","(2,)","(0,)","(0,)","(0,)","(0,)","(0,)","(-2,)","(-1,)","(1,)"
"(108,)","(115,)","(83,)","(100,)","(-14,)","(12,)","(25,)","(-25,)","(4,)","(4,)","(2,)","(3,)","(0,)","(-1,)","(-2,)","(-4,)","(-4,)","(7,)","(19,)","(36,)"
"(115,)","(113,)","(63,)","(63,)","(-14,)","(11,)","(22,)","(-21,)","(4,)","(4,)","(2,)","(3,)","(0,)","(-1,)","(-3,)","(-4,)","(7,)","(-2,)","(-19,)","(-36,)"
"(111,)","(111,)","(65,)","(65,)","(-13,)","(11,)","(21,)","(-22,)","(5,)","(5,)","(3,)","(2,)","(0,)","(0,)","(0,)","(0,)","(-4,)","(-2,)","(2,)","(1,)"
"(115,)","(111,)","(67,)","(67,)","(-12,)","(11,)","(22,)","(-24,)","(4,)","(4,)","(3,)","(3,)","(0,)","(0,)","(0,)","(1,)","(4,)","(0,)","(2,)","(2,)"
"(113,)","(108,)","(111,)","(88,)","(-11,)","(10,)","(18,)","(-20,)","(4,)","(4,)","(2,)","(2,)","(-1,)","(0,)","(-3,)","(-4,)","(-2,)","(-2,)","(43,)","(21,)"
"(116,)","(113,)","(64,)","(65,)","(-10,)","(10,)","(13,)","(-14,)","(5,)","(4,)","(3,)","(3,)","(-1,)","(0,)","(-5,)","(-5,)","(3,)","(4,)","(-46,)","(-23,)"
"(123,)","(111,)","(68,)","(66,)","(-10,)","(9,)","(12,)","(-13,)","(5,)","(5,)","(2,)","(2,)","(0,)","(0,)","(0,)","(0,)","(6,)","(-2,)","(3,)","(1,)"
"(121,)","(111,)","(74,)","(72,)","(-10,)","(9,)","(14,)","(-15,)","(4,)","(4,)","(3,)","(3,)","(0,)","(0,)","(1,)","(2,)","(-2,)","(0,)","(5,)","(6,)"
"(113,)","(106,)","(74,)","(72,)","(-11,)","(10,)","(18,)","(-19,)","(4,)","(4,)","(3,)","(3,)","(1,)","(0,)","(4,)","(3,)","(-7,)","(-4,)","(0,)","(0,)"
"(112,)","(108,)","(70,)","(70,)","(-12,)","(11,)","(21,)","(-21,)","(5,)","(4,)","(3,)","(3,)","(1,)","(0,)","(2,)","(2,)","(0,)","(2,)","(-3,)","(-2,)"
"(113,)","(111,)","(68,)","(68,)","(-12,)","(11,)","(20,)","(-20,)","(4,)","(4,)","(2,)","(2,)","(0,)","(0,)","(0,)","(0,)","(0,)","(2,)","(-1,)","(-1,)"
"(113,)","(111,)","(65,)","(66,)","(-10,)","(9,)","(15,)","(-16,)","(4,)","(4,)","(3,)","(3,)","(-1,)","(-1,)","(-4,)","(-4,)","(0,)","(0,)","(-2,)","(-1,)"
"(112,)","(111,)","(68,)","(70,)","(-9,)","(8,)","(12,)","(-13,)","(5,)","(5,)","(2,)","(3,)","(-1,)","(-1,)","(-3,)","(-3,)","(0,)","(0,)","(2,)","(3,)"
"(106,)","(106,)","(72,)","(70,)","(-7,)","(7,)","(8,)","(-10,)","(4,)","(4,)","(3,)","(2,)","(-1,)","(-1,)","(-3,)","(-3,)","(-6,)","(-4,)","(4,)","(0,)"
"(106,)","(104,)","(75,)","(76,)","(-6,)","(7,)","(7,)","(-8,)","(4,)","(4,)","(3,)","(3,)","(-1,)","(0,)","(-1,)","(-2,)","(0,)","(-2,)","(2,)","(6,)"
"(102,)","(128,)","(148,)","(126,)","(-10,)","(9,)","(14,)","(-15,)","(4,)","(5,)","(3,)","(4,)","(3,)","(2,)","(6,)","(6,)","(-4,)","(23,)","(72,)","(50,)"
"(106,)","(105,)","(81,)","(95,)","(-13,)","(12,)","(23,)","(-24,)","(4,)","(3,)","(3,)","(3,)","(3,)","(2,)","(9,)","(9,)","(4,)","(-22,)","(-66,)","(-31,)"
"(108,)","(108,)","(72,)","(70,)","(-15,)","(14,)","(30,)","(-31,)","(4,)","(4,)","(3,)","(3,)","(1,)","(1,)","(6,)","(6,)","(2,)","(3,)","(-8,)","(-25,)"
"(113,)","(112,)","(66,)","(63,)","(-15,)","(14,)","(31,)","(-32,)","(4,)","(5,)","(2,)","(2,)","(0,)","(0,)","(1,)","(0,)","(4,)","(4,)","(-6,)","(-6,)"
"(114,)","(124,)","(63,)","(60,)","(-15,)","(14,)","(30,)","(-30,)","(5,)","(4,)","(3,)","(2,)","(0,)","(0,)","(-1,)","(-1,)","(1,)","(11,)","(-3,)","(-2,)"
"(115,)","(116,)","(62,)","(57,)","(-15,)","(14,)","(29,)","(-30,)","(4,)","(5,)","(2,)","(3,)","(0,)","(0,)","(0,)","(0,)","(0,)","(-7,)","(-1,)","(-2,)"
"(123,)","(115,)","(64,)","(59,)","(-15,)","(14,)","(29,)","(-30,)","(5,)","(4,)","(3,)","(2,)","(0,)","(0,)","(0,)","(0,)","(7,)","(-1,)","(2,)","(1,)"
"(130,)","(112,)","(66,)","(62,)","(-15,)","(14,)","(29,)","(-30,)","(5,)","(5,)","(2,)","(2,)","(0,)","(0,)","(0,)","(0,)","(7,)","(-2,)","(2,)","(2,)"
"(113,)","(115,)","(65,)","(62,)","(-15,)","(14,)","(29,)","(-30,)","(4,)","(4,)","(3,)","(3,)","(0,)","(0,)","(0,)","(0,)","(-17,)","(2,)","(-1,)","(0,)"
"(119,)","(119,)","(66,)","(62,)","(-15,)","(14,)","(29,)","(-30,)","(5,)","(5,)","(2,)","(2,)","(0,)","(0,)","(0,)","(0,)","(5,)","(3,)","(1,)","(0,)"
"(118,)","(115,)","(66,)","(62,)","(-15,)","(14,)","(29,)","(-30,)","(4,)","(4,)","(3,)","(3,)","(0,)","(0,)","(0,)","(0,)","(0,)","(-3,)","(0,)","(0,)"
"(119,)","(121,)","(66,)","(63,)","(-15,)","(14,)","(29,)","(-30,)","(5,)","(4,)","(2,)","(2,)","(0,)","(0,)","(0,)","(0,)","(0,)","(5,)","(0,)","(0,)"
"(115,)","(119,)","(66,)","(65,)","(-15,)","(14,)","(29,)","(-30,)","(4,)","(5,)","(3,)","(2,)","(0,)","(0,)","(0,)","(0,)","(-3,)","(-2,)","(0,)","(1,)"
"(123,)","(121,)","(68,)","(64,)","(-15,)","(14,)","(29,)","(-30,)","(5,)","(5,)","(2,)","(3,)","(0,)","(0,)","(0,)","(0,)","(7,)","(2,)","(1,)","(0,)"
"(119,)","(124,)","(66,)","(63,)","(-15,)","(14,)","(29,)","(-30,)","(5,)","(4,)","(3,)","(2,)","(0,)","(0,)","(0,)","(0,)","(-4,)","(2,)","(-1,)","(-1,)"
"(124,)","(121,)","(66,)","(64,)","(-15,)","(14,)","(29,)","(-30,)","(4,)","(5,)","(3,)","(3,)","(0,)","(0,)","(0,)","(0,)","(4,)","(-2,)","(0,)","(1,)"
"(123,)","(128,)","(66,)","(66,)","(-15,)","(14,)","(29,)","(-30,)","(5,)","(5,)","(2,)","(2,)","(0,)","(0,)","(0,)","(0,)","(0,)","(6,)","(0,)","(2,)"
"(123,)","(124,)","(67,)","(65,)","(-15,)","(14,)","(29,)","(-30,)","(5,)","(4,)","(3,)","(3,)","(0,)","(0,)","(0,)","(0,)","(0,)","(-4,)","(1,)","(-1,)"
"(136,)","(130,)","(70,)","(63,)","(-15,)","(14,)","(29,)","(-30,)","(4,)","(5,)","(2,)","(2,)","(0,)","(0,)","(0,)","(0,)","(13,)","(6,)","(2,)","(-2,)"
"(123,)","(123,)","(71,)","(66,)","(-15,)","(14,)","(29,)","(-30,)","(5,)","(5,)","(3,)","(3,)","(0,)","(0,)","(0,)","(0,)","(-13,)","(-7,)","(1,)","(3,)"
"(125,)","(125,)","(70,)","(66,)","(-15,)","(14,)","(29,)","(-30,)","(5,)","(5,)","(3,)","(2,)","(0,)","(0,)","(0,)","(0,)","(2,)","(2,)","(-1,)","(0,)"
"(123,)","(124,)","(70,)","(66,)","(-15,)","(14,)","(29,)","(-30,)","(5,)","(4,)","(3,)","(3,)","(0,)","(0,)","(0,)","(0,)","(-2,)","(-1,)","(0,)","(0,)"
"(125,)","(138,)","(68,)","(66,)","(-15,)","(14,)","(29,)","(-30,)","(5,)","(5,)","(2,)","(3,)","(0,)","(0,)","(0,)","(0,)","(2,)","(14,)","(-1,)","(0,)"
"(126,)","(130,)","(71,)","(66,)","(-15,)","(14,)","(29,)","(-30,)","(4,)","(5,)","(3,)","(2,)","(0,)","(0,)","(0,)","(0,)","(1,)","(-8,)","(3,)","(0,)"
"(123,)","(133,)","(72,)","(67,)","(-15,)","(14,)","(29,)","(-30,)","(5,)","(5,)","(3,)","(3,)","(0,)","(0,)","(0,)","(0,)","(-3,)","(2,)","(1,)","(1,)"
"(128,)","(125,)","(72,)","(68,)","(-15,)","(14,)","(29,)","(-30,)","(5,)","(5,)","(2,)","(2,)","(0,)","(0,)","(0,)","(0,)","(4,)","(-7,)","(0,)","(0,)"
"(136,)","(128,)","(72,)","(67,)","(-15,)","(14,)","(29,)","(-30,)","(5,)","(5,)","(3,)","(3,)","(0,)","(0,)","(0,)","(0,)","(7,)","(2,)","(0,)","(0,)"
"(128,)","(126,)","(70,)","(68,)","(-15,)","(14,)","(29,)","(-30,)","(5,)","(4,)","(3,)","(2,)","(0,)","(0,)","(0,)","(0,)","(-7,)","(-1,)","(-2,)","(0,)"
"(128,)","(125,)","(71,)","(67,)","(-15,)","(14,)","(29,)","(-30,)","(5,)","(5,)","(3,)","(3,)","(0,)","(0,)","(0,)","(0,)","(0,)","(-1,)","(1,)","(0,)"
"(130,)","(130,)","(70,)","(68,)","(-15,)","(14,)","(29,)","(-30,)","(5,)","(5,)","(2,)","(3,)","(0,)","(0,)","(0,)","(0,)","(2,)","(4,)","(-1,)","(1,)"
"(126,)","(128,)","(71,)","(68,)","(-15,)","(14,)","(29,)","(-30,)","(4,)","(5,)","(3,)","(2,)","(0,)","(0,)","(0,)","(0,)","(-3,)","(-2,)","(1,)","(0,)"
"(131,)","(128,)","(70,)","(68,)","(-15,)","(14,)","(29,)","(-30,)","(6,)","(5,)","(3,)","(3,)","(0,)","(0,)","(0,)","(0,)","(4,)","(0,)","(-1,)","(0,)"
"(126,)","(130,)","(70,)","(68,)","(-15,)","(14,)","(29,)","(-30,)","(4,)","(5,)","(2,)","(3,)","(0,)","(0,)","(0,)","(0,)","(-4,)","(2,)","(0,)","(0,)"
"(133,)","(128,)","(71,)","(68,)","(-15,)","(14,)","(29,)","(-30,)","(5,)","(5,)","(3,)","(2,)","(0,)","(0,)","(0,)","(0,)","(6,)","(-2,)","(1,)","(0,)"
"(131,)","(130,)","(68,)","(70,)","(-15,)","(14,)","(29,)","(-30,)","(6,)","(5,)","(3,)","(3,)","(0,)","(0,)","(0,)","(0,)","(-2,)","(2,)","(-2,)","(1,)"
"(130,)","(128,)","(70,)","(67,)","(-15,)","(14,)","(29,)","(-30,)","(5,)","(5,)","(2,)","(3,)","(0,)","(0,)","(0,)","(0,)","(0,)","(-2,)","(1,)","(-2,)"
"(130,)","(138,)","(97,)","(121,)","(-12,)","(12,)","(23,)","(-24,)","(5,)","(5,)","(3,)","(2,)","(-2,)","(-2,)","(-6,)","(-6,)","(0,)","(10,)","(27,)","(53,)"
"(130,)","(128,)","(66,)","(68,)","(-11,)","(10,)","(14,)","(-15,)","(5,)","(5,)","(3,)","(3,)","(-1,)","(-2,)","(-9,)","(-8,)","(0,)","(-10,)","(-30,)","(-52,)"
"(140,)","(140,)","(137,)","(133,)","(-12,)","(11,)","(16,)","(-18,)","(4,)","(4,)","(3,)","(3,)","(1,)","(1,)","(2,)","(3,)","(9,)","(12,)","(71,)","(64,)"
"(121,)","(140,)","(80,)","(78,)","(-14,)","(13,)","(26,)","(-27,)","(5,)","(6,)","(2,)","(3,)","(1,)","(2,)","(9,)","(9,)","(-19,)","(0,)","(-57,)","(-54,)"
"(125,)","(123,)","(76,)","(72,)","(-15,)","(14,)","(34,)","(-34,)","(5,)","(5,)","(3,)","(2,)","(0,)","(0,)","(7,)","(6,)","(4,)","(-16,)","(-3,)","(-6,)"
"(128,)","(128,)","(72,)","(65,)","(-15,)","(14,)","(34,)","(-34,)","(5,)","(5,)","(3,)","(3,)","(0,)","(0,)","(0,)","(0,)","(2,)","(4,)","(-4,)","(-6,)"
"(133,)","(130,)","(62,)","(62,)","(-15,)","(14,)","(29,)","(-30,)","(5,)","(4,)","(2,)","(2,)","(0,)","(0,)","(-4,)","(-3,)","(5,)","(1,)","(-10,)","(-3,)"
"(106,)","(104,)","(57,)","(56,)","(-15,)","(14,)","(30,)","(-31,)","(4,)","(4,)","(2,)","(2,)","(0,)","(0,)","(0,)","(0,)","(2,)","(-2,)","(0,)","(-1,)"
