"(0,)","(0,)","(0,)","(0,)","(0,)","(0,)","(0,)","(0,)","(0.0,)","(0.0,)","(0.0,)","(0.0,)","(0,)","(0,)","(0,)","(0,)","(0,)","(0,)","(0,)","(0,)"
"(0,)","(0,)","(0,)","(0,)","(0,)","(0,)","(0,)","(0,)","(0.0,)","(0.0,)","(0.0,)","(0.0,)","(0,)","(0,)","(0,)","(0,)","(0,)","(0,)","(0,)","(0,)"
"(0,)","(0,)","(0,)","(0,)","(0,)","(0,)","(0,)","(0,)","(0.0,)","(0.0,)","(0.0,)","(0.0,)","(0,)","(0,)","(0,)","(0,)","(0,)","(0,)","(0,)","(0,)"
"(0,)","(0,)","(0,)","(0,)","(0,)","(0,)","(0,)","(0,)","(0.0,)","(0.0,)","(0.0,)","(0.0,)","(0,)","(0,)","(0,)","(0,)","(0,)","(0,)","(0,)","(0,)"
"(0,)","(0,)","(0,)","(0,)","(0,)","(0,)","(0,)","(0,)","(0.0,)","(0.0,)","(0.0,)","(0.0,)","(0,)","(0,)","(0,)","(0,)","(0,)","(0,)","(0,)","(0,)"
"(0,)","(0,)","(0,)","(0,)","(0,)","(0,)","(0,)","(0,)","(0.0,)","(0.0,)","(0.0,)","(0.0,)","(0,)","(0,)","(0,)","(0,)","(0,)","(0,)","(0,)","(0,)"
"(0,)","(0,)","(0,)","(0,)","(0,)","(0,)","(0,)","(0,)","(0.0,)","(0.0,)","(0.0,)","(0.0,)","(0,)","(0,)","(0,)","(0,)","(0,)","(0,)","(0,)","(0,)"
"(0,)","(0,)","(0,)","(0,)","(0,)","(0,)","(0,)","(0,)","(0.0,)","(0.0,)","(0.0,)","(0.0,)","(0,)","(0,)","(0,)","(0,)","(0,)","(0,)","(0,)","(0,)"
"(0,)","(0,)","(0,)","(0,)","(0,)","(0,)","(0,)","(0,)","(0.0,)","(0.0,)","(0.0,)","(0.0,)","(0,)","(0,)","(0,)","(0,)","(0,)","(0,)","(0,)","(0,)"
"(0,)","(0,)","(0,)","(0,)","(0,)","(0,)","(0,)","(0,)","(0.0,)","(0.0,)","(0.0,)","(0.0,)","(0,)","(0,)","(0,)","(0,)","(0,)","(0,)","(0,)","(0,)"
"(0,)","(0,)","(0,)","(0,)","(0,)","(0,)","(0,)","(0,)","(0.0,)","(0.0,)","(0.0,)","(0.0,)","(0,)","(0,)","(0,)","(0,)","(0,)","(0,)","(0,)","(0,)"
"(0,)","(0,)","(0,)","(0,)","(0,)","(0,)","(0,)","(0,)","(0.0,)","(0.0,)","(0.0,)","(0.0,)","(0,)","(0,)","(0,)","(0,)","(0,)","(0,)","(0,)","(0,)"
"(0,)","(0,)","(0,)","(0,)","(0,)","(0,)","(0,)","(0,)","(0.0,)","(0.0,)","(0.0,)","(0.0,)","(0,)","(0,)","(0,)","(0,)","(0,)","(0,)","(0,)","(0,)"
"(0,)","(0,)","(0,)","(0,)","(0,)","(0,)","(0,)","(0,)","(0.0,)","(0.0,)","(0.0,)","(0.0,)","(0,)","(0,)","(0,)","(0,)","(0,)","(0,)","(0,)","(0,)"
"(0,)","(0,)","(0,)","(0,)","(0,)","(0,)","(0,)","(0,)","(0.0,)","(0.0,)","(0.0,)","(0.0,)","(0,)","(0,)","(0,)","(0,)","(0,)","(0,)","(0,)","(0,)"
"(0,)","(0,)","(0,)","(0,)","(0,)","(0,)","(0,)","(0,)","(0.0,)","(0.0,)","(0.0,)","(0.0,)","(0,)","(0,)","(0,)","(0,)","(0,)","(0,)","(0,)","(0,)"
"(0,)","(0,)","(0,)","(0,)","(0,)","(0,)","(0,)","(0,)","(0.0,)","(0.0,)","(0.0,)","(0.0,)","(0,)","(0,)","(0,)","(0,)","(0,)","(0,)","(0,)","(0,)"
"(0,)","(0,)","(0,)","(0,)","(0,)","(0,)","(0,)","(0,)","(0.0,)","(0.0,)","(0.0,)","(0.0,)","(0,)","(0,)","(0,)","(0,)","(0,)","(0,)","(0,)","(0,)"
"(0,)","(0,)","(0,)","(0,)","(0,)","(0,)","(0,)","(0,)","(0.0,)","(0.0,)","(0.0,)","(0.0,)","(0,)","(0,)","(0,)","(0,)","(0,)","(0,)","(0,)","(0,)"
"(0,)","(0,)","(0,)","(0,)","(0,)","(0,)","(0,)","(0,)","(0.0,)","(0.0,)","(0.0,)","(0.0,)","(0,)","(0,)","(0,)","(0,)","(0,)","(0,)","(0,)","(0,)"
"(0,)","(0,)","(0,)","(0,)","(0,)","(0,)","(0,)","(0,)","(0.0,)","(0.0,)","(0.0,)","(0.0,)","(0,)","(0,)","(0,)","(0,)","(0,)","(0,)","(0,)","(0,)"
"(0,)","(0,)","(0,)","(0,)","(0,)","(0,)","(0,)","(0,)","(0.0,)","(0.0,)","(0.0,)","(0.0,)","(0,)","(0,)","(0,)","(0,)","(0,)","(0,)","(0,)","(0,)"
"(0,)","(0,)","(0,)","(0,)","(0,)","(0,)","(0,)","(0,)","(0.0,)","(0.0,)","(0.0,)","(0.0,)","(0,)","(0,)","(0,)","(0,)","(0,)","(0,)","(0,)","(0,)"
"(0,)","(0,)","(0,)","(0,)","(0,)","(0,)","(0,)","(0,)","(0.0,)","(0.0,)","(0.0,)","(0.0,)","(0,)","(0,)","(0,)","(0,)","(0,)","(0,)","(0,)","(0,)"
"(0,)","(0,)","(0,)","(0,)","(0,)","(0,)","(0,)","(0,)","(0.0,)","(0.0,)","(0.0,)","(0.0,)","(0,)","(0,)","(0,)","(0,)","(0,)","(0,)","(0,)","(0,)"
"(0,)","(0,)","(0,)","(0,)","(0,)","(0,)","(0,)","(0,)","(0.0,)","(0.0,)","(0.11,)","(0.05,)","(0,)","(0,)","(0,)","(0,)","(0,)","(0,)","(0,)","(0,)"
"(0,)","(0,)","(0,)","(25,)","(0,)","(0,)","(0,)","(0,)","(0.0,)","(0.01,)","(0.0,)","(25.59,)","(0,)","(0,)","(0,)","('null',)","(0,)","(0,)","(0,)","(0,)"
"(0,)","(0,)","(0,)","(25,)","(0,)","(0,)","(0,)","(0,)","(0.0,)","(0.0,)","(-0.11,)","(0.0,)","(0,)","(0,)","(0,)","(25,)","(0,)","(0,)","(0,)","(5,)"
"(0,)","(0,)","(0,)","(0,)","(0,)","(0,)","(0,)","(0,)","(0.0,)","(-0.01,)","(0.0,)","(-25.64,)","(0,)","(0,)","(0,)","(0,)","(0,)","(0,)","(0,)","(5,)"
"(0,)","(0,)","(0,)","(0,)","(0,)","(0,)","(0,)","(0,)","(0.0,)","(0.0,)","(0.0,)","(0.0,)","(0,)","(0,)","(0,)","(0,)","(0,)","(0,)","(0,)","(5,)"
"(0,)","(0,)","(0,)","(0,)","(0,)","(0,)","(0,)","(0,)","(0.01,)","(0.0,)","(0.0,)","(0.0,)","(0,)","(0,)","(0,)","(0,)","(0,)","(0,)","(0,)","(5,)"
"(0,)","(0,)","(0,)","(0,)","(0,)","(0,)","(0,)","(0,)","(0.0,)","(0.0,)","(0.0,)","(0.0,)","(0,)","(0,)","(0,)","(0,)","(0,)","(0,)","(0,)","(5,)"
"(0,)","(4,)","(3,)","(4,)","(0,)","(0,)","(0,)","(0,)","(-0.01,)","(4.17,)","(3.97,)","(4.71,)","(0,)","(4,)","(3,)","(4,)","(0,)","(0,)","(0,)","(4,)"
"(0,)","(19,)","(3,)","(19,)","(0,)","(0,)","(0,)","(0,)","(0.0,)","(15.44,)","(0.0,)","(14.9,)","(0,)","('null',)","(3,)","('null',)","(0,)","(0,)","(1,)","(0,)"
"(0,)","(28,)","(0,)","(28,)","(0,)","(0,)","(0,)","(0,)","(0.0,)","(8.76,)","(-3.97,)","(8.76,)","(0,)","(28,)","(0,)","(28,)","(0,)","(6,)","(1,)","(6,)"
"(0,)","(27,)","(0,)","(35,)","(0,)","(0,)","(0,)","(0,)","(0.0,)","(-0.59,)","(0.0,)","(6.72,)","(0,)","(27,)","(0,)","(35,)","(0,)","(11,)","(1,)","(13,)"
"(0,)","(21,)","(0,)","(38,)","(0,)","(0,)","(0,)","(0,)","(0.0,)","(-5.92,)","(0.0,)","(3.56,)","(0,)","(21,)","(0,)","(38,)","(0,)","(16,)","(1,)","(21,)"
"(0,)","(43,)","(0,)","(45,)","(0,)","(0,)","(0,)","(0,)","(0.0,)","(21.15,)","(0.0,)","(6.55,)","(0,)","('null',)","(0,)","(45,)","(0,)","(20,)","(1,)","(30,)"
"(0,)","(81,)","(0,)","(50,)","(0,)","(0,)","(0,)","(0,)","(0.0,)","(38.62,)","(0.0,)","(5.12,)","(0,)","('null',)","(0,)","(50,)","(0,)","(25,)","(0,)","(39,)"
"(2,)","(81,)","(0,)","(52,)","(0,)","(0,)","(0,)","(0,)","(2.75,)","(0.0,)","(0.0,)","(1.97,)","(2,)","(81,)","(0,)","(52,)","(0,)","(39,)","(0,)","(41,)"
"(2,)","(38,)","(0,)","(56,)","(0,)","(0,)","(0,)","(0,)","(0.0,)","(-43.17,)","(0.0,)","(4.45,)","(2,)","(38,)","(0,)","(56,)","(0,)","(41,)","(0,)","(46,)"
"(2,)","(38,)","(0,)","(57,)","(0,)","(0,)","(0,)","(0,)","(0.0,)","(0.0,)","(0.0,)","(1.23,)","(2,)","(38,)","(0,)","(57,)","(1,)","(44,)","(0,)","(49,)"
"(2,)","(0,)","(0,)","(60,)","(0,)","(0,)","(0,)","(0,)","(0.0,)","(-38.46,)","(0.0,)","(2.64,)","(2,)","(0,)","(0,)","(60,)","(1,)","(39,)","(0,)","(53,)"
"(2,)","(0,)","(0,)","(60,)","(0,)","(0,)","(0,)","(0,)","(0.0,)","(0.0,)","(0.0,)","(0.0,)","(2,)","(0,)","(0,)","(60,)","(1,)","(31,)","(0,)","(55,)"
"(2,)","(0,)","(4,)","(133,)","(-3,)","(2,)","(3,)","(-4,)","(0.0,)","(0.0,)","(4.31,)","(72.73,)","(2,)","(0,)","(4,)","('null',)","(2,)","(26,)","(0,)","(57,)"
"(2,)","(0,)","(4,)","(62,)","(-5,)","(6,)","(6,)","(-9,)","(0.0,)","(0.0,)","(0.0,)","(-70.83,)","(2,)","(0,)","(4,)","(62,)","(2,)","(12,)","(1,)","(59,)"
"(2,)","(0,)","(22,)","(125,)","(-11,)","(11,)","(13,)","(-19,)","(0.0,)","(0.0,)","(18.28,)","(62.5,)","(2,)","(0,)","('null',)","('null',)","(2,)","(6,)","(1,)","(59,)"
"(2,)","(3,)","(66,)","(59,)","(-16,)","(16,)","(27,)","(-34,)","(0.0,)","(3.73,)","(44.07,)","(-65.74,)","(2,)","(3,)","('null',)","(59,)","(2,)","(0,)","(2,)","(60,)"
"(0,)","(3,)","(25,)","(75,)","(-16,)","(15,)","(35,)","(-39,)","(-2.75,)","(0.0,)","(-41.51,)","(16.21,)","(0,)","(3,)","(25,)","('null',)","(1,)","(1,)","(8,)","(60,)"
"(27,)","(88,)","(83,)","(76,)","(-14,)","(13,)","(33,)","(-33,)","(27.21,)","(85.15,)","(58.18,)","(0.72,)","('null',)","('null',)","('null',)","(76,)","(1,)","(1,)","(11,)","(65,)"
"(32,)","(32,)","(20,)","(60,)","(-14,)","(13,)","(28,)","(-27,)","(5.31,)","(-56.37,)","(-63.13,)","(-15.58,)","(32,)","(32,)","(20,)","(60,)","(7,)","(7,)","(16,)","(64,)"
"(55,)","(49,)","(43,)","(65,)","(-14,)","(13,)","(27,)","(-28,)","(23.04,)","(16.86,)","(23.51,)","(4.97,)","('null',)","('null',)","('null',)","(65,)","(9,)","(9,)","(22,)","(65,)"
"(45,)","(102,)","(43,)","(74,)","(-12,)","(11,)","(23,)","(-25,)","(-9.58,)","(53.18,)","(0.0,)","(8.5,)","(45,)","('null',)","(43,)","(74,)","(19,)","(12,)","(29,)","(66,)"
"(63,)","(53,)","(11,)","(56,)","(-11,)","(10,)","(17,)","(-18,)","(17.52,)","(-49.23,)","(-32.02,)","(-17.34,)","('null',)","(53,)","(11,)","(56,)","(25,)","(29,)","(24,)","(66,)"
"(70,)","(63,)","(11,)","(27,)","(-10,)","(8,)","(13,)","(-13,)","(6.68,)","(10.16,)","(0.0,)","(-29.53,)","(70,)","('null',)","(11,)","(27,)","(49,)","(42,)","(21,)","(59,)"
"(52,)","(95,)","(20,)","(27,)","(-9,)","(8,)","(11,)","(-12,)","(-17.89,)","(31.75,)","(8.51,)","(0.0,)","(52,)","('null',)","(20,)","(27,)","(49,)","(42,)","(21,)","(51,)"
"(111,)","(70,)","(28,)","(28,)","(-9,)","(8,)","(11,)","(-12,)","(58.82,)","(-25.06,)","(8.17,)","(1.16,)","('null',)","(70,)","(28,)","(28,)","(55,)","(61,)","(22,)","(46,)"
"(83,)","(56,)","(30,)","(31,)","(-9,)","(8,)","(11,)","(-12,)","(-27.78,)","(-13.44,)","(2.28,)","(3.38,)","(83,)","(56,)","(30,)","(31,)","(62,)","(59,)","(23,)","(40,)"
"(86,)","(60,)","(37,)","(37,)","(-9,)","(8,)","(11,)","(-12,)","(2.69,)","(3.87,)","(6.39,)","(5.29,)","(86,)","(60,)","(37,)","(37,)","(72,)","(59,)","(22,)","(34,)"
"(83,)","(74,)","(45,)","(39,)","(-9,)","(8,)","(11,)","(-12,)","(-2.69,)","(13.47,)","(8.16,)","(2.18,)","(83,)","('null',)","(45,)","(39,)","(74,)","(62,)","(28,)","(31,)"
"(93,)","(68,)","(56,)","(38,)","(-8,)","(7,)","(11,)","(-11,)","(9.69,)","(-5.7,)","(11.54,)","(-1.12,)","(93,)","(68,)","('null',)","(38,)","(79,)","(63,)","(32,)","(33,)"
"(100,)","(55,)","(91,)","(38,)","(-5,)","(4,)","(6,)","(-7,)","(7.61,)","(-12.82,)","(35.22,)","(0.0,)","(100,)","(55,)","('null',)","(38,)","(89,)","(61,)","(35,)","(35,)"
"(111,)","(76,)","(59,)","(42,)","(-2,)","(2,)","(2,)","(-2,)","(10.48,)","(20.63,)","(-32.69,)","(4.23,)","('null',)","('null',)","(59,)","(42,)","(89,)","(59,)","(42,)","(37,)"
"(104,)","(102,)","(88,)","(88,)","(-5,)","(5,)","(5,)","(-6,)","(-6.54,)","(26.37,)","(29.63,)","(46.56,)","(104,)","('null',)","('null',)","('null',)","(93,)","(61,)","(47,)","(38,)"
"(104,)","(60,)","(43,)","(43,)","(-8,)","(7,)","(10,)","(-12,)","(0.0,)","(-41.96,)","(-45.17,)","(-45.17,)","(104,)","(60,)","(43,)","(43,)","(96,)","(61,)","(49,)","(40,)"
"(97,)","(97,)","(49,)","(45,)","(-11,)","(9,)","(17,)","(-18,)","(-7.01,)","(36.95,)","(5.67,)","(2.26,)","(97,)","('null',)","(49,)","(45,)","(99,)","(61,)","(50,)","(41,)"
"(90,)","(95,)","(54,)","(43,)","(-12,)","(10,)","(20,)","(-21,)","(-6.65,)","(-2.32,)","(5.04,)","(-2.97,)","(90,)","(95,)","(54,)","(43,)","(99,)","(70,)","(51,)","(42,)"
"(106,)","(62,)","(83,)","(83,)","(-9,)","(9,)","(14,)","(-15,)","(15.76,)","(-33.22,)","(28.91,)","(40.32,)","('null',)","(62,)","('null',)","('null',)","(98,)","(72,)","(51,)","(43,)"
"(108,)","(68,)","(51,)","(43,)","(-6,)","(7,)","(7,)","(-8,)","(2.18,)","(6.95,)","(-32.05,)","(-39.62,)","(108,)","(68,)","(51,)","(43,)","(100,)","(71,)","(49,)","(43,)"
"(118,)","(78,)","(100,)","(63,)","(-8,)","(8,)","(10,)","(-10,)","(9.67,)","(9.47,)","(48.72,)","(19.78,)","(118,)","(78,)","('null',)","('null',)","(103,)","(72,)","(49,)","(43,)"
"(80,)","(95,)","(80,)","(50,)","(-12,)","(10,)","(19,)","(-18,)","(-37.71,)","(16.81,)","(-19.19,)","(-13.18,)","(80,)","('null',)","(80,)","(50,)","(98,)","(75,)","(58,)","(45,)"
"(83,)","(95,)","(47,)","(54,)","(-14,)","(12,)","(27,)","(-28,)","(2.53,)","(0.0,)","(-33.19,)","(4.11,)","(83,)","(95,)","(47,)","(54,)","(95,)","(79,)","(58,)","(47,)"
"(97,)","(68,)","(65,)","(57,)","(-14,)","(13,)","(29,)","(-31,)","(14.23,)","(-26.27,)","(17.95,)","(3.55,)","('null',)","(68,)","('null',)","(57,)","(97,)","(74,)","(59,)","(51,)"
"(106,)","(83,)","(86,)","(49,)","(-13,)","(12,)","(24,)","(-25,)","(9.11,)","(14.37,)","(20.45,)","(-8.59,)","(106,)","('null',)","('null',)","(49,)","(99,)","(77,)","(59,)","(50,)"
"(102,)","(100,)","(63,)","(54,)","(-12,)","(11,)","(18,)","(-19,)","(-4.1,)","(17.3,)","(-22.53,)","(5.04,)","(102,)","('null',)","(63,)","(54,)","(97,)","(80,)","(63,)","(52,)"
"(102,)","(78,)","(52,)","(59,)","(-12,)","(11,)","(19,)","(-19,)","(0.0,)","(-22.2,)","(-11.2,)","(4.84,)","(102,)","(78,)","(52,)","(59,)","(94,)","(80,)","(60,)","(53,)"
"(126,)","(102,)","(43,)","(57,)","(-12,)","(11,)","(22,)","(-21,)","(24.42,)","(24.13,)","(-8.57,)","(-1.29,)","('null',)","('null',)","(43,)","(57,)","(98,)","(80,)","(51,)","(55,)"
"(105,)","(102,)","(53,)","(56,)","(-12,)","(11,)","(21,)","(-22,)","(-21.72,)","(0.0,)","(9.62,)","(-1.63,)","(105,)","(102,)","(53,)","(56,)","(103,)","(82,)","(52,)","(55,)"
"(95,)","(105,)","(55,)","(57,)","(-12,)","(11,)","(18,)","(-20,)","(-10.03,)","(2.7,)","(2.22,)","(1.63,)","(95,)","(105,)","(55,)","(57,)","(102,)","(95,)","(53,)","(55,)"
"(100,)","(91,)","(62,)","(72,)","(-9,)","(8,)","(13,)","(-14,)","(4.76,)","(-13.31,)","(6.46,)","(14.1,)","(100,)","(91,)","(62,)","('null',)","(100,)","(94,)","(54,)","(56,)"
"(117,)","(88,)","(54,)","(56,)","(-8,)","(7,)","(8,)","(-9,)","(17.65,)","(-3.07,)","(-7.59,)","(-15.33,)","('null',)","(88,)","(54,)","(56,)","(100,)","(92,)","(53,)","(57,)"
"(100,)","(86,)","(54,)","(56,)","(-5,)","(4,)","(6,)","(-6,)","(-17.02,)","(-1.93,)","(0.0,)","(0.0,)","(100,)","(86,)","(54,)","(56,)","(100,)","(94,)","(53,)","(56,)"
"(100,)","(106,)","(58,)","(59,)","(-4,)","(2,)","(4,)","(-4,)","(-0.63,)","(19.71,)","(4.4,)","(2.96,)","(100,)","('null',)","(58,)","(59,)","(100,)","(94,)","(56,)","(56,)"
"(98,)","(71,)","(62,)","(62,)","(-1,)","(0,)","(1,)","(-1,)","(-1.23,)","(-35.24,)","(3.19,)","(2.31,)","(98,)","(71,)","(62,)","(62,)","(98,)","(88,)","(57,)","(58,)"
"(100,)","(74,)","(72,)","(72,)","(1,)","(0,)","(-1,)","(1,)","(1.23,)","(2.65,)","(10.71,)","(10.71,)","(100,)","(74,)","('null',)","('null',)","(99,)","(82,)","(58,)","(58,)"
"(86,)","(76,)","(129,)","(148,)","(-2,)","(2,)","(2,)","(-2,)","(-13.04,)","(2.85,)","(56.3,)","(75.42,)","(86,)","(76,)","('null',)","('null',)","(96,)","(79,)","(57,)","(58,)"
"(91,)","(74,)","(64,)","(63,)","(-6,)","(5,)","(8,)","(-8,)","(5.0,)","(-2.85,)","(-64.52,)","(-84.66,)","(91,)","(74,)","(64,)","(63,)","(95,)","(76,)","(59,)","(60,)"
"(97,)","(64,)","(71,)","(63,)","(-8,)","(6,)","(11,)","(-11,)","(5.61,)","(-9.56,)","(6.91,)","(0.0,)","(97,)","(64,)","(71,)","(63,)","(95,)","(71,)","(63,)","(61,)"
"(104,)","(63,)","(68,)","(54,)","(-7,)","(6,)","(10,)","(-10,)","(7.01,)","(-1.02,)","(-3.05,)","(-9.07,)","(104,)","(63,)","(68,)","(54,)","(96,)","(70,)","(66,)","(60,)"
"(108,)","(71,)","(65,)","(52,)","(-6,)","(6,)","(7,)","(-7,)","(4.27,)","(7.94,)","(-3.34,)","(-2.13,)","(108,)","(71,)","(65,)","(52,)","(97,)","(70,)","(67,)","(58,)"
"(100,)","(67,)","(49,)","(55,)","(-5,)","(6,)","(6,)","(-7,)","(-8.21,)","(-3.63,)","(-15.66,)","(3.27,)","(100,)","(67,)","(49,)","(55,)","(97,)","(69,)","(63,)","(57,)"
"(91,)","(108,)","(83,)","(60,)","(-2,)","(2,)","(3,)","(-3,)","(-8.67,)","(40.31,)","(33.95,)","(5.05,)","(91,)","('null',)","('null',)","(60,)","(98,)","(67,)","(63,)","(57,)"
"(144,)","(71,)","(57,)","(60,)","(0,)","(-1,)","(-1,)","(1,)","(52.19,)","(-36.68,)","(-26.19,)","(0.0,)","('null',)","(71,)","(57,)","(60,)","(100,)","(67,)","(62,)","(57,)"
"(129,)","(74,)","(57,)","(65,)","(0,)","(-1,)","(-1,)","(1,)","(-15.11,)","(2.65,)","(0.83,)","(4.43,)","(129,)","(74,)","(57,)","(65,)","(106,)","(69,)","(59,)","(57,)"
"(85,)","(66,)","(60,)","(67,)","(0,)","(0,)","(0,)","(0,)","(-43.93,)","(-7.41,)","(2.64,)","(2.76,)","(85,)","(66,)","(60,)","(67,)","(102,)","(69,)","(57,)","(59,)"
"(68,)","(67,)","(62,)","(68,)","(0,)","(0,)","(0,)","(0,)","(-16.73,)","(1.13,)","(1.89,)","(0.58,)","(68,)","(67,)","(62,)","(68,)","(94,)","(69,)","(57,)","(62,)"
"(76,)","(104,)","(68,)","(68,)","(0,)","(0,)","(0,)","(0,)","(7.81,)","(36.78,)","(5.88,)","(0.59,)","(76,)","('null',)","(68,)","(68,)","(89,)","(69,)","(60,)","(64,)"
"(91,)","(97,)","(70,)","(74,)","(0,)","(0,)","(0,)","(0,)","(15.76,)","(-7.01,)","(1.8,)","(5.11,)","('null',)","(97,)","(70,)","(74,)","(89,)","(75,)","(62,)","(67,)"
"(75,)","(72,)","(72,)","(74,)","(0,)","(0,)","(0,)","(0,)","(-16.48,)","(-24.83,)","(2.55,)","(0.0,)","(75,)","(72,)","(72,)","(74,)","(86,)","(75,)","(64,)","(69,)"
"(74,)","(76,)","(63,)","(72,)","(0,)","(0,)","(0,)","(0,)","(-1.4,)","(4.2,)","(-9.24,)","(-2.0,)","(74,)","(76,)","(63,)","(72,)","(75,)","(75,)","(65,)","(70,)"
"(63,)","(81,)","(64,)","(67,)","(0,)","(0,)","(0,)","(0,)","(-10.58,)","(4.71,)","(1.02,)","(-4.28,)","(63,)","(81,)","(64,)","(67,)","(71,)","(78,)","(66,)","(70,)"
"(83,)","(66,)","(70,)","(67,)","(2,)","(-2,)","(-1,)","(2,)","(19.84,)","(-14.97,)","(5.66,)","(0.0,)","('null',)","(66,)","(70,)","(67,)","(72,)","(78,)","(67,)","(70,)"
"(80,)","(70,)","(71,)","(76,)","(5,)","(-5,)","(-3,)","(5,)","(-3.33,)","(3.51,)","(1.25,)","(8.39,)","(80,)","(70,)","(71,)","(76,)","(73,)","(77,)","(68,)","(71,)"
"(142,)","(128,)","(71,)","(76,)","(10,)","(-10,)","(-7,)","(7,)","(62.86,)","(58.03,)","(0.0,)","(0.73,)","('null',)","('null',)","(71,)","(76,)","(73,)","(73,)","(68,)","(72,)"
"(70,)","(55,)","(62,)","(80,)","(14,)","(-13,)","(-9,)","(8,)","(-72.68,)","(-72.65,)","(-9.41,)","(3.88,)","(70,)","(55,)","(62,)","(80,)","(71,)","(69,)","(66,)","(73,)"
"(53,)","(57,)","(66,)","(85,)","(15,)","(-15,)","(-10,)","(9,)","(-16.84,)","(2.42,)","(4.65,)","(4.3,)","(53,)","(57,)","(66,)","(85,)","(66,)","(65,)","(67,)","(75,)"
"(70,)","(59,)","(72,)","(88,)","(15,)","(-15,)","(-9,)","(9,)","(16.84,)","(1.29,)","(5.41,)","(3.78,)","('null',)","(59,)","(72,)","(88,)","(67,)","(61,)","(68,)","(78,)"
"(72,)","(44,)","(72,)","(88,)","(16,)","(-16,)","(-9,)","(10,)","(2.55,)","(-14.81,)","(0.66,)","(0.0,)","(72,)","(44,)","(72,)","(88,)","(68,)","(57,)","(69,)","(82,)"
"(65,)","(55,)","(75,)","(93,)","(16,)","(-16,)","(-9,)","(10,)","(-7.69,)","(11.11,)","(2.74,)","(4.13,)","(65,)","('null',)","(75,)","(93,)","(65,)","(53,)","(69,)","(85,)"
"(102,)","(100,)","(78,)","(90,)","(10,)","(-9,)","(-6,)","(7,)","(37.52,)","(45.07,)","(2.96,)","(-2.63,)","('null',)","('null',)","(78,)","(90,)","(65,)","(53,)","(70,)","(87,)"
"(53,)","(53,)","(80,)","(88,)","(2,)","(0,)","(-2,)","(2,)","(-49.23,)","(-47.3,)","(1.57,)","(-1.51,)","(53,)","(53,)","(80,)","(88,)","(60,)","(53,)","(73,)","(88,)"
"(136,)","(95,)","(78,)","(86,)","(7,)","(-3,)","(-4,)","(5,)","(83.42,)","(41.9,)","(-1.57,)","(-1.93,)","('null',)","('null',)","(78,)","(86,)","(63,)","(52,)","(75,)","(88,)"
"(72,)","(60,)","(72,)","(84,)","(15,)","(-14,)","(-9,)","(10,)","(-64.68,)","(-34.63,)","(-5.7,)","(-2.3,)","(72,)","(60,)","(72,)","(84,)","(65,)","(52,)","(75,)","(88,)"
"(62,)","(118,)","(72,)","(72,)","(27,)","(-29,)","(-14,)","(15,)","(-10.06,)","(57.91,)","(0.0,)","(-12.58,)","(62,)","('null',)","(72,)","(72,)","(63,)","(56,)","(75,)","(85,)"
"(88,)","(86,)","(74,)","(93,)","(36,)","(-38,)","(-16,)","(17,)","(26.87,)","(-32.5,)","(1.35,)","(21.5,)","('null',)","(86,)","(74,)","('null',)","(62,)","(66,)","(75,)","(84,)"
"(44,)","(52,)","(72,)","(96,)","(35,)","(-34,)","(-14,)","(15,)","(-44.44,)","(-33.73,)","(-1.35,)","(3.4,)","(44,)","(52,)","(72,)","(96,)","(57,)","(62,)","(74,)","(85,)"
"(45,)","(67,)","(75,)","(93,)","(30,)","(-26,)","(-13,)","(14,)","(0.75,)","(15.51,)","(2.74,)","(-3.95,)","(45,)","('null',)","(75,)","(93,)","(55,)","(66,)","(73,)","(86,)"
"(29,)","(51,)","(78,)","(88,)","(29,)","(-26,)","(-13,)","(14,)","(-15.57,)","(-16.51,)","(2.96,)","(-4.13,)","(29,)","(51,)","(78,)","(88,)","(50,)","(62,)","(73,)","(86,)"
"(46,)","(63,)","(98,)","(100,)","(30,)","(-29,)","(-13,)","(14,)","(17.15,)","(12.21,)","(20.33,)","(11.74,)","('null',)","('null',)","('null',)","('null',)","(45,)","(63,)","(74,)","(87,)"
"(38,)","(50,)","(80,)","(111,)","(30,)","(-31,)","(-13,)","(14,)","(-8.69,)","(-13.18,)","(-18.77,)","(10.48,)","(38,)","(50,)","(80,)","('null',)","(39,)","(59,)","(75,)","(92,)"
"(54,)","(39,)","(85,)","(111,)","(30,)","(-30,)","(-13,)","(14,)","(16.33,)","(-10.51,)","(5.11,)","(0.0,)","('null',)","(39,)","(85,)","(111,)","(39,)","(48,)","(78,)","(97,)"
"(68,)","(43,)","(90,)","(88,)","(30,)","(-29,)","(-13,)","(14,)","(13.95,)","(3.21,)","(5.8,)","(-22.22,)","('null',)","(43,)","(90,)","(88,)","(37,)","(45,)","(81,)","(95,)"
"(39,)","(45,)","(91,)","(93,)","(30,)","(-29,)","(-13,)","(14,)","(-28.58,)","(2.19,)","(1.04,)","(4.68,)","(39,)","(45,)","(91,)","(93,)","(35,)","(45,)","(84,)","(95,)"
"(40,)","(44,)","(88,)","(86,)","(30,)","(-29,)","(-13,)","(14,)","(0.6,)","(-0.75,)","(-3.07,)","(-6.61,)","(40,)","(44,)","(88,)","(86,)","(39,)","(44,)","(86,)","(94,)"
"(64,)","(45,)","(87,)","(88,)","(27,)","(-27,)","(-13,)","(14,)","(24.11,)","(1.53,)","(-1.46,)","(1.93,)","('null',)","(45,)","(87,)","(88,)","(39,)","(44,)","(86,)","(93,)"
"(45,)","(44,)","(88,)","(93,)","(25,)","(-26,)","(-13,)","(13,)","(-18.54,)","(-1.53,)","(1.46,)","(4.13,)","(45,)","(44,)","(88,)","(93,)","(41,)","(43,)","(88,)","(93,)"
"(45,)","(53,)","(91,)","(93,)","(19,)","(-20,)","(-11,)","(11,)","(-0.78,)","(8.89,)","(3.07,)","(0.54,)","(45,)","(53,)","(91,)","(93,)","(42,)","(45,)","(89,)","(90,)"
"(47,)","(46,)","(93,)","(111,)","(13,)","(-13,)","(-9,)","(10,)","(2.42,)","(-6.55,)","(1.07,)","(17.54,)","(47,)","(46,)","(93,)","('null',)","(43,)","(46,)","(89,)","(90,)"
"(70,)","(80,)","(83,)","(112,)","(20,)","(-19,)","(-11,)","(12,)","(22.56,)","(34.02,)","(-9.69,)","(1.88,)","('null',)","('null',)","(83,)","(112,)","(44,)","(46,)","(88,)","(94,)"
"(53,)","(50,)","(115,)","(105,)","(30,)","(-31,)","(-13,)","(14,)","(-16.84,)","(-30.49,)","(32.61,)","(-7.73,)","(53,)","(50,)","('null',)","(105,)","(47,)","(47,)","(88,)","(98,)"
"(46,)","(55,)","(90,)","(95,)","(34,)","(-35,)","(-14,)","(15,)","(-6.55,)","(5.24,)","(-25.55,)","(-10.03,)","(46,)","(55,)","(90,)","(95,)","(47,)","(49,)","(89,)","(99,)"
"(78,)","(41,)","(88,)","(86,)","(31,)","(-31,)","(-14,)","(15,)","(31.65,)","(-13.89,)","(-1.51,)","(-8.28,)","('null',)","(41,)","(88,)","(86,)","(47,)","(49,)","(89,)","(98,)"
"(45,)","(45,)","(96,)","(95,)","(24,)","(-23,)","(-12,)","(14,)","(-33.23,)","(3.53,)","(8.08,)","(8.28,)","(45,)","(45,)","(96,)","(95,)","(47,)","(47,)","(90,)","(98,)"
"(50,)","(45,)","(98,)","(95,)","(20,)","(-19,)","(-11,)","(14,)","(5.12,)","(0.0,)","(1.8,)","(0.0,)","(50,)","(45,)","(98,)","(95,)","(48,)","(47,)","(91,)","(98,)"
"(91,)","(121,)","(93,)","(93,)","(25,)","(-25,)","(-12,)","(14,)","(41.64,)","(76.01,)","(-5.74,)","(-2.21,)","('null',)","('null',)","(93,)","(93,)","(48,)","(47,)","(93,)","(94,)"
"(42,)","(43,)","(86,)","(90,)","(31,)","(-31,)","(-14,)","(14,)","(-49.63,)","(-78.2,)","(-7.0,)","(-2.63,)","(42,)","(43,)","(86,)","(90,)","(45,)","(45,)","(91,)","(92,)"
"(57,)","(52,)","(93,)","(108,)","(32,)","(-32,)","(-14,)","(14,)","(15.64,)","(9.28,)","(7.0,)","(18.45,)","('null',)","(52,)","(93,)","('null',)","(45,)","(45,)","(92,)","(91,)"
"(42,)","(48,)","(91,)","(113,)","(31,)","(-30,)","(-14,)","(14,)","(-15.64,)","(-3.8,)","(-1.07,)","(4.63,)","(42,)","(48,)","(91,)","(113,)","(44,)","(46,)","(92,)","(97,)"
"(54,)","(51,)","(88,)","(93,)","(22,)","(-21,)","(-11,)","(12,)","(12.09,)","(2.8,)","(-3.07,)","(-19.91,)","('null',)","(51,)","(88,)","(93,)","(44,)","(47,)","(91,)","(96,)"
"(46,)","(47,)","(93,)","(90,)","(12,)","(-10,)","(-8,)","(9,)","(-7.64,)","(-3.66,)","(4.68,)","(-2.66,)","(46,)","(47,)","(93,)","(90,)","(43,)","(48,)","(90,)","(95,)"
"(54,)","(48,)","(100,)","(130,)","(2,)","(0,)","(-3,)","(3,)","(7.64,)","(0.87,)","(6.43,)","(39.81,)","(54,)","(48,)","(100,)","('null',)","(46,)","(48,)","(91,)","(96,)"
"(51,)","(75,)","(81,)","(104,)","(-2,)","(2,)","(0,)","(-1,)","(-3.14,)","(26.99,)","(-18.37,)","(-26.14,)","(51,)","('null',)","(81,)","(104,)","(48,)","(49,)","(91,)","(100,)"
"(54,)","(55,)","(80,)","(102,)","(-1,)","(0,)","(1,)","(-1,)","(3.14,)","(-19.92,)","(-1.63,)","(-2.01,)","(54,)","(55,)","(80,)","(102,)","(49,)","(49,)","(88,)","(100,)"
"(57,)","(52,)","(62,)","(68,)","(0,)","(0,)","(0,)","(0,)","(3.55,)","(-3.27,)","(-17.98,)","(-33.6,)","(57,)","(52,)","(62,)","(68,)","(52,)","(50,)","(84,)","(91,)"
"(53,)","(50,)","(64,)","(55,)","(0,)","(0,)","(0,)","(0,)","(-4.64,)","(-1.97,)","(2.5,)","(-13.41,)","(53,)","(50,)","(64,)","(55,)","(52,)","(50,)","(80,)","(83,)"
"(57,)","(59,)","(63,)","(63,)","(0,)","(0,)","(0,)","(0,)","(4.64,)","(8.94,)","(-1.02,)","(7.94,)","(57,)","(59,)","(63,)","(63,)","(54,)","(52,)","(75,)","(78,)"
"(59,)","(60,)","(68,)","(67,)","(0,)","(0,)","(0,)","(0,)","(1.29,)","(1.35,)","(5.47,)","(4.3,)","(59,)","(60,)","(68,)","(67,)","(55,)","(55,)","(69,)","(76,)"
"(61,)","(61,)","(68,)","(71,)","(0,)","(0,)","(0,)","(0,)","(2.28,)","(0.93,)","(-0.59,)","(3.63,)","(61,)","(61,)","(68,)","(71,)","(56,)","(56,)","(67,)","(71,)"
"(60,)","(57,)","(67,)","(68,)","(-2,)","(2,)","(2,)","(-3,)","(-0.93,)","(-3.57,)","(-0.58,)","(-3.05,)","(60,)","(57,)","(67,)","(68,)","(57,)","(56,)","(65,)","(65,)"
"(65,)","(57,)","(74,)","(68,)","(-5,)","(5,)","(6,)","(-6,)","(4.43,)","(0.0,)","(6.28,)","(0.59,)","(65,)","(57,)","(74,)","(68,)","(59,)","(57,)","(67,)","(65,)"
"(65,)","(60,)","(95,)","(90,)","(-9,)","(8,)","(12,)","(-12,)","(0.53,)","(2.64,)","(21.16,)","(21.94,)","(65,)","(60,)","('null',)","('null',)","(61,)","(59,)","(68,)","(67,)"
"(65,)","(62,)","(60,)","(66,)","(-11,)","(10,)","(17,)","(-17,)","(-0.53,)","(1.89,)","(-34.63,)","(-24.24,)","(65,)","(62,)","(60,)","(66,)","(62,)","(59,)","(67,)","(68,)"
"(65,)","(57,)","(46,)","(48,)","(-11,)","(10,)","(16,)","(-18,)","(0.0,)","(-4.53,)","(-13.82,)","(-18.18,)","(65,)","(57,)","(46,)","(48,)","(63,)","(59,)","(63,)","(64,)"
"(70,)","(68,)","(50,)","(47,)","(-11,)","(10,)","(16,)","(-17,)","(5.13,)","(10.99,)","(3.53,)","(-0.87,)","(70,)","('null',)","(50,)","(47,)","(65,)","(58,)","(59,)","(59,)"
"(80,)","(72,)","(111,)","(140,)","(-8,)","(7,)","(10,)","(-11,)","(9.82,)","(3.11,)","(60.8,)","(92.73,)","(80,)","(72,)","('null',)","('null',)","(68,)","(61,)","(57,)","(57,)"
"(88,)","(64,)","(44,)","(46,)","(-5,)","(4,)","(4,)","(-5,)","(8.89,)","(-7.56,)","(-66.67,)","(-93.57,)","(88,)","(64,)","(44,)","(46,)","(72,)","(63,)","(50,)","(51,)"
"(80,)","(85,)","(83,)","(53,)","(-6,)","(5,)","(6,)","(-7,)","(-8.89,)","(20.59,)","(38.89,)","(6.55,)","(80,)","('null',)","('null',)","(53,)","(74,)","(63,)","(50,)","(52,)"
"(86,)","(60,)","(54,)","(56,)","(-8,)","(7,)","(12,)","(-12,)","(6.02,)","(-24.5,)","(-28.91,)","(3.4,)","(86,)","(60,)","(54,)","(56,)","(78,)","(63,)","(48,)","(50,)"
"(102,)","(64,)","(74,)","(102,)","(-11,)","(10,)","(20,)","(-19,)","(16.54,)","(3.91,)","(19.65,)","(45.83,)","('null',)","(64,)","('null',)","('null',)","(80,)","(65,)","(49,)","(50,)"
"(85,)","(152,)","(52,)","(50,)","(-12,)","(12,)","(24,)","(-25,)","(-17.46,)","(87.86,)","(-21.79,)","(-52.25,)","(85,)","('null',)","(52,)","(50,)","(83,)","(65,)","(50,)","(51,)"
"(70,)","(95,)","(88,)","(95,)","(-9,)","(9,)","(17,)","(-18,)","(-14.93,)","(-57.14,)","(36.6,)","(44.92,)","(70,)","(95,)","('null',)","('null',)","(81,)","(70,)","(50,)","(51,)"
"(93,)","(76,)","(38,)","(44,)","(-5,)","(5,)","(5,)","(-6,)","(23.39,)","(-18.32,)","(-50.79,)","(-50.79,)","('null',)","(76,)","(38,)","(44,)","(80,)","(73,)","(48,)","(50,)"
"(68,)","(71,)","(64,)","(40,)","(-4,)","(4,)","(3,)","(-1,)","(-25.19,)","(-5.49,)","(26.42,)","(-4.04,)","(68,)","(71,)","('null',)","(40,)","(77,)","(73,)","(48,)","(47,)"
"(95,)","(105,)","(97,)","(72,)","(-8,)","(7,)","(9,)","(-9,)","(26.86,)","(33.83,)","(33.04,)","(31.67,)","('null',)","('null',)","('null',)","('null',)","(74,)","(76,)","(45,)","(44,)"
"(80,)","(65,)","(56,)","(57,)","(-11,)","(10,)","(18,)","(-19,)","(-15.24,)","(-39.69,)","(-40.82,)","(-14.93,)","(80,)","(65,)","(56,)","(57,)","(75,)","(76,)","(48,)","(47,)"
"(98,)","(63,)","(49,)","(54,)","(-13,)","(12,)","(24,)","(-26,)","(18.77,)","(-2.08,)","(-7.35,)","(-2.72,)","('null',)","(63,)","(49,)","(54,)","(72,)","(74,)","(47,)","(48,)"
"(83,)","(72,)","(49,)","(51,)","(-13,)","(12,)","(25,)","(-27,)","(-15.43,)","(9.24,)","(0.0,)","(-3.14,)","(83,)","(72,)","(49,)","(51,)","(77,)","(69,)","(48,)","(49,)"
"(90,)","(74,)","(40,)","(40,)","(-14,)","(12,)","(27,)","(-27,)","(7.58,)","(1.35,)","(-8.98,)","(-10.88,)","(90,)","(74,)","(40,)","(40,)","(80,)","(69,)","(48,)","(48,)"
"(97,)","(71,)","(44,)","(40,)","(-14,)","(13,)","(28,)","(-29,)","(6.65,)","(-2.65,)","(4.04,)","(0.0,)","(97,)","(71,)","(44,)","(40,)","(87,)","(69,)","(47,)","(48,)"
"(90,)","(68,)","(88,)","(78,)","(-13,)","(11,)","(22,)","(-23,)","(-6.65,)","(-3.05,)","(44.44,)","(38.03,)","(90,)","(68,)","('null',)","('null',)","(88,)","(68,)","(47,)","(48,)"
"(95,)","(86,)","(43,)","(43,)","(-11,)","(10,)","(14,)","(-15,)","(4.33,)","(18.58,)","(-45.88,)","(-35.42,)","(95,)","('null',)","(43,)","(43,)","(91,)","(69,)","(45,)","(45,)"
"(108,)","(80,)","(48,)","(45,)","(-8,)","(7,)","(7,)","(-8,)","(12.87,)","(-6.96,)","(5.47,)","(2.19,)","('null',)","(80,)","(48,)","(45,)","(91,)","(73,)","(44,)","(43,)"
"(105,)","(75,)","(47,)","(44,)","(-5,)","(5,)","(5,)","(-6,)","(-2.84,)","(-4.53,)","(-0.87,)","(-0.75,)","(105,)","(75,)","(47,)","(44,)","(95,)","(73,)","(44,)","(42,)"
"(88,)","(72,)","(49,)","(51,)","(-6,)","(6,)","(8,)","(-10,)","(-16.37,)","(-3.4,)","(1.76,)","(6.84,)","(88,)","(72,)","(49,)","(51,)","(95,)","(73,)","(46,)","(44,)"
"(90,)","(102,)","(50,)","(50,)","(-8,)","(7,)","(10,)","(-12,)","(2.02,)","(30.49,)","(0.93,)","(-0.97,)","(90,)","('null',)","(50,)","(50,)","(93,)","(73,)","(47,)","(46,)"
"(86,)","(70,)","(72,)","(66,)","(-12,)","(11,)","(19,)","(-21,)","(-4.89,)","(-32.39,)","(22.41,)","(16.35,)","(86,)","(70,)","('null',)","('null',)","(92,)","(74,)","(47,)","(46,)"
"(105,)","(80,)","(78,)","(52,)","(-15,)","(15,)","(31,)","(-32,)","(19.24,)","(9.82,)","(5.7,)","(-14.38,)","('null',)","(80,)","(78,)","(52,)","(92,)","(75,)","(54,)","(48,)"
"(105,)","(100,)","(45,)","(49,)","(-15,)","(15,)","(35,)","(-35,)","(0.0,)","(20.63,)","(-32.45,)","(-2.9,)","(105,)","('null',)","(45,)","(49,)","(94,)","(74,)","(53,)","(49,)"
"(102,)","(113,)","(44,)","(41,)","(-15,)","(13,)","(31,)","(-32,)","(-2.7,)","(12.85,)","(-1.53,)","(-7.72,)","(102,)","('null',)","(44,)","(41,)","(94,)","(74,)","(53,)","(48,)"
"(115,)","(88,)","(47,)","(36,)","(-15,)","(13,)","(27,)","(-29,)","(13.38,)","(-24.59,)","(3.17,)","(-5.63,)","('null',)","(88,)","(47,)","(36,)","(95,)","(79,)","(52,)","(45,)"
"(105,)","(93,)","(41,)","(43,)","(-15,)","(13,)","(27,)","(-29,)","(-10.68,)","(4.68,)","(-5.95,)","(7.68,)","(105,)","(93,)","(41,)","(43,)","(99,)","(82,)","(51,)","(44,)"
"(108,)","(93,)","(42,)","(47,)","(-15,)","(13,)","(30,)","(-31,)","(2.84,)","(-0.54,)","(0.66,)","(3.9,)","(108,)","(93,)","(42,)","(47,)","(105,)","(88,)","(49,)","(44,)"
"(121,)","(88,)","(49,)","(54,)","(-15,)","(13,)","(30,)","(-31,)","(13.1,)","(-4.13,)","(7.05,)","(6.8,)","('null',)","(88,)","(49,)","(54,)","(105,)","(90,)","(44,)","(45,)"
"(114,)","(90,)","(47,)","(49,)","(-15,)","(13,)","(30,)","(-31,)","(-6.93,)","(2.02,)","(-1.76,)","(-5.04,)","(114,)","(90,)","(47,)","(49,)","(107,)","(90,)","(45,)","(45,)"
"(117,)","(96,)","(45,)","(45,)","(-15,)","(13,)","(30,)","(-31,)","(3.36,)","(6.06,)","(-1.64,)","(-4.18,)","(117,)","(96,)","(45,)","(45,)","(111,)","(91,)","(45,)","(45,)"
"(125,)","(90,)","(47,)","(47,)","(-15,)","(13,)","(29,)","(-31,)","(7.35,)","(-6.06,)","(1.64,)","(2.42,)","(125,)","(90,)","(47,)","(47,)","(113,)","(91,)","(45,)","(47,)"
"(113,)","(100,)","(50,)","(51,)","(-15,)","(13,)","(29,)","(-31,)","(-11.52,)","(9.72,)","(2.7,)","(3.66,)","(113,)","(100,)","(50,)","(51,)","(115,)","(92,)","(46,)","(48,)"
"(121,)","(111,)","(47,)","(52,)","(-15,)","(13,)","(29,)","(-31,)","(7.74,)","(10.48,)","(-2.7,)","(1.01,)","(121,)","('null',)","(47,)","(52,)","(118,)","(92,)","(47,)","(49,)"
"(136,)","(100,)","(51,)","(45,)","(-15,)","(13,)","(29,)","(-31,)","(15.54,)","(-11.11,)","(3.66,)","(-7.09,)","('null',)","(100,)","(51,)","(45,)","(118,)","(95,)","(47,)","(48,)"
"(129,)","(100,)","(54,)","(52,)","(-15,)","(13,)","(29,)","(-31,)","(-7.72,)","(0.0,)","(3.14,)","(7.09,)","(129,)","(100,)","(54,)","(52,)","(121,)","(97,)","(49,)","(48,)"
"(111,)","(104,)","(54,)","(54,)","(-14,)","(13,)","(29,)","(-31,)","(-17.92,)","(4.58,)","(0.0,)","(2.13,)","(111,)","(104,)","(54,)","(54,)","(119,)","(98,)","(50,)","(50,)"
"(115,)","(93,)","(111,)","(121,)","(-13,)","(11,)","(24,)","(-24,)","(4.83,)","(-11.01,)","(56.69,)","(66.79,)","(115,)","(93,)","('null',)","('null',)","(117,)","(99,)","(51,)","(50,)"
"(144,)","(121,)","(49,)","(49,)","(-11,)","(10,)","(16,)","(-16,)","(28.2,)","(27.64,)","(-61.73,)","(-71.83,)","('null',)","('null',)","(49,)","(49,)","(119,)","(99,)","(51,)","(50,)"
"(125,)","(95,)","(76,)","(70,)","(-11,)","(10,)","(15,)","(-16,)","(-19.14,)","(-25.97,)","(26.81,)","(20.79,)","(125,)","(95,)","('null',)","('null',)","(120,)","(98,)","(52,)","(50,)"
"(129,)","(100,)","(51,)","(52,)","(-11,)","(10,)","(20,)","(-21,)","(4.03,)","(4.76,)","(-24.91,)","(-17.89,)","(129,)","(100,)","(51,)","(52,)","(121,)","(98,)","(52,)","(51,)"
"(108,)","(97,)","(88,)","(85,)","(-14,)","(13,)","(27,)","(-28,)","(-20.19,)","(-2.44,)","(37.61,)","(32.82,)","(108,)","(97,)","('null',)","('null',)","(117,)","(97,)","(51,)","(51,)"
"(123,)","(102,)","(54,)","(59,)","(-15,)","(14,)","(32,)","(-32,)","(14.61,)","(5.0,)","(-34.47,)","(-25.85,)","('null',)","(102,)","(54,)","(59,)","(119,)","(97,)","(51,)","(53,)"
"(118,)","(86,)","(80,)","(90,)","(-14,)","(13,)","(27,)","(-27,)","(-4.94,)","(-15.61,)","(26.39,)","(31.65,)","(118,)","(86,)","('null',)","('null',)","(120,)","(96,)","(51,)","(53,)"
"(124,)","(91,)","(42,)","(43,)","(-12,)","(11,)","(19,)","(-21,)","(5.51,)","(5.0,)","(-38.48,)","(-47.9,)","(124,)","(91,)","(42,)","(43,)","(120,)","(95,)","(49,)","(51,)"
"(126,)","(100,)","(47,)","(45,)","(-11,)","(10,)","(13,)","(-15,)","(2.95,)","(8.05,)","(5.29,)","(2.97,)","(126,)","(100,)","(47,)","(45,)","(121,)","(96,)","(48,)","(49,)"
"(117,)","(93,)","(48,)","(51,)","(-10,)","(9,)","(13,)","(-14,)","(-9.34,)","(-6.43,)","(0.87,)","(5.31,)","(117,)","(93,)","(48,)","(51,)","(118,)","(94,)","(47,)","(49,)"
"(108,)","(111,)","(65,)","(91,)","(-13,)","(12,)","(21,)","(-22,)","(-9.54,)","(17.54,)","(16.56,)","(40.67,)","(108,)","('null',)","('null',)","('null',)","(118,)","(94,)","(47,)","(49,)"
"(125,)","(115,)","(57,)","(56,)","(-16,)","(15,)","(33,)","(-35,)","(16.89,)","(4.83,)","(-7.07,)","(-35.22,)","('null',)","(115,)","(57,)","(56,)","(118,)","(97,)","(48,)","(48,)"
"(114,)","(111,)","(68,)","(72,)","(-15,)","(15,)","(35,)","(-37,)","(-10.71,)","(-4.83,)","(10.41,)","(15.33,)","(114,)","(111,)","('null',)","('null',)","(117,)","(102,)","(48,)","(48,)"
"(117,)","(100,)","(46,)","(86,)","(-15,)","(14,)","(31,)","(-31,)","(3.36,)","(-11.11,)","(-21.59,)","(14.88,)","(117,)","(100,)","(46,)","('null',)","(116,)","(103,)","(49,)","(50,)"
"(121,)","(102,)","(50,)","(52,)","(-14,)","(13,)","(28,)","(-27,)","(3.57,)","(2.56,)","(3.53,)","(-34.67,)","(121,)","(102,)","(50,)","(52,)","(115,)","(104,)","(50,)","(53,)"
"(113,)","(111,)","(48,)","(52,)","(-14,)","(13,)","(29,)","(-29,)","(-7.74,)","(8.55,)","(-1.83,)","(0.0,)","(113,)","(111,)","(48,)","(52,)","(114,)","(107,)","(50,)","(53,)"
"(125,)","(105,)","(49,)","(54,)","(-14,)","(13,)","(30,)","(-31,)","(11.52,)","(-5.29,)","(0.9,)","(2.13,)","('null',)","(105,)","(49,)","(54,)","(116,)","(107,)","(50,)","(53,)"
"(115,)","(108,)","(46,)","(52,)","(-14,)","(13,)","(30,)","(-32,)","(-9.06,)","(2.29,)","(-2.6,)","(-2.13,)","(115,)","(108,)","(46,)","(52,)","(116,)","(106,)","(47,)","(52,)"
"(126,)","(104,)","(53,)","(49,)","(-14,)","(13,)","(30,)","(-31,)","(11.04,)","(-3.53,)","(6.55,)","(-2.9,)","('null',)","(104,)","(53,)","(49,)","(116,)","(105,)","(48,)","(51,)"
"(133,)","(121,)","(59,)","(55,)","(-14,)","(13,)","(30,)","(-30,)","(6.35,)","(16.64,)","(5.93,)","(6.17,)","(133,)","('null',)","(59,)","(55,)","(120,)","(106,)","(50,)","(52,)"
"(130,)","(125,)","(52,)","(55,)","(-14,)","(13,)","(30,)","(-30,)","(-3.25,)","(4.57,)","(-6.97,)","(0.0,)","(130,)","(125,)","(52,)","(55,)","(122,)","(110,)","(51,)","(52,)"
"(129,)","(108,)","(46,)","(54,)","(-14,)","(13,)","(30,)","(-30,)","(-1.05,)","(-17.68,)","(-5.5,)","(-1.13,)","(129,)","(108,)","(46,)","(54,)","(126,)","(110,)","(50,)","(53,)"
"(121,)","(97,)","(66,)","(57,)","(-13,)","(11,)","(23,)","(-24,)","(-7.82,)","(-10.55,)","(19.88,)","(3.55,)","(121,)","(97,)","('null',)","(57,)","(125,)","(108,)","(51,)","(53,)"
"(119,)","(88,)","(55,)","(57,)","(-13,)","(12,)","(21,)","(-22,)","(-2.16,)","(-8.67,)","(-11.11,)","(0.0,)","(119,)","(88,)","(55,)","(57,)","(126,)","(104,)","(53,)","(54,)"
"(121,)","(114,)","(70,)","(47,)","(-15,)","(14,)","(26,)","(-28,)","(2.16,)","(25.4,)","(14.62,)","(-10.35,)","(121,)","('null',)","('null',)","(47,)","(125,)","(104,)","(53,)","(54,)"
"(133,)","(97,)","(46,)","(43,)","(-15,)","(14,)","(32,)","(-33,)","(12.12,)","(-16.72,)","(-23.39,)","(-4.61,)","('null',)","(97,)","(46,)","(43,)","(124,)","(103,)","(49,)","(52,)"
"(121,)","(111,)","(51,)","(48,)","(-15,)","(14,)","(33,)","(-33,)","(-12.12,)","(13.55,)","(4.5,)","(5.47,)","(121,)","('null',)","(51,)","(48,)","(122,)","(97,)","(49,)","(51,)"
"(128,)","(108,)","(38,)","(43,)","(-15,)","(14,)","(30,)","(-31,)","(6.99,)","(-3.0,)","(-13.19,)","(-4.77,)","(128,)","(108,)","(38,)","(43,)","(122,)","(97,)","(47,)","(49,)"
"(124,)","(111,)","(44,)","(48,)","(-15,)","(14,)","(28,)","(-30,)","(-4.17,)","(3.0,)","(6.35,)","(4.77,)","(124,)","(111,)","(44,)","(48,)","(122,)","(101,)","(46,)","(47,)"
"(166,)","(105,)","(45,)","(41,)","(-14,)","(13,)","(27,)","(-28,)","(42.64,)","(-5.85,)","(0.75,)","(-6.82,)","('null',)","(105,)","(45,)","(41,)","(123,)","(105,)","(44,)","(45,)"
"(133,)","(100,)","(45,)","(48,)","(-13,)","(12,)","(26,)","(-26,)","(-33.33,)","(-4.63,)","(0.78,)","(6.82,)","(133,)","(100,)","(45,)","(48,)","(126,)","(104,)","(44,)","(45,)"
"(135,)","(86,)","(63,)","(111,)","(-10,)","(10,)","(18,)","(-18,)","(2.26,)","(-13.67,)","(17.52,)","(62.63,)","(135,)","(86,)","('null',)","('null',)","(128,)","(102,)","(44,)","(45,)"
"(133,)","(97,)","(45,)","(43,)","(-7,)","(7,)","(7,)","(-8,)","(-2.26,)","(10.6,)","(-18.29,)","(-68.1,)","(133,)","('null',)","(45,)","(43,)","(130,)","(102,)","(43,)","(44,)"
"(133,)","(102,)","(105,)","(88,)","(-8,)","(8,)","(8,)","(-10,)","(0.0,)","(5.0,)","(60.07,)","(45.88,)","(133,)","(102,)","('null',)","('null',)","(131,)","(100,)","(44,)","(45,)"
"(98,)","(106,)","(55,)","(49,)","(-10,)","(9,)","(16,)","(-17,)","(-34.57,)","(4.1,)","(-49.71,)","(-39.51,)","(98,)","(106,)","(55,)","(49,)","(126,)","(99,)","(47,)","(45,)"
"(118,)","(97,)","(74,)","(53,)","(-14,)","(12,)","(29,)","(-29,)","(19.75,)","(-9.11,)","(18.52,)","(3.95,)","('null',)","(97,)","('null',)","(53,)","(126,)","(98,)","(48,)","(48,)"
"(163,)","(125,)","(55,)","(52,)","(-16,)","(15,)","(36,)","(-37,)","(44.75,)","(27.44,)","(-18.52,)","(-1.05,)","('null',)","('null',)","(55,)","(52,)","(124,)","(97,)","(51,)","(49,)"
"(133,)","(105,)","(46,)","(48,)","(-15,)","(15,)","(33,)","(-34,)","(-29.93,)","(-19.74,)","(-8.77,)","(-3.8,)","(133,)","(105,)","(46,)","(48,)","(124,)","(102,)","(50,)","(49,)"
"(133,)","(105,)","(40,)","(45,)","(-14,)","(13,)","(27,)","(-29,)","(0.0,)","(0.0,)","(-6.38,)","(-3.29,)","(133,)","(105,)","(40,)","(45,)","(124,)","(103,)","(49,)","(49,)"
"(133,)","(98,)","(43,)","(40,)","(-14,)","(13,)","(26,)","(-28,)","(0.0,)","(-6.5,)","(3.31,)","(-4.79,)","(133,)","(98,)","(43,)","(40,)","(124,)","(102,)","(47,)","(47,)"
"(136,)","(111,)","(48,)","(44,)","(-14,)","(13,)","(29,)","(-30,)","(2.72,)","(12.35,)","(4.77,)","(4.04,)","(136,)","('null',)","(48,)","(44,)","(133,)","(101,)","(46,)","(47,)"
"(108,)","(111,)","(53,)","(52,)","(-14,)","(13,)","(31,)","(-32,)","(-27.95,)","(0.0,)","(4.85,)","(7.84,)","(108,)","(111,)","(53,)","(52,)","(128,)","(104,)","(47,)","(46,)"
"(128,)","(102,)","(52,)","(43,)","(-14,)","(13,)","(30,)","(-31,)","(20.1,)","(-8.55,)","(-1.05,)","(-9.28,)","('null',)","(102,)","(52,)","(43,)","(128,)","(104,)","(47,)","(45,)"
"(140,)","(102,)","(48,)","(51,)","(-14,)","(13,)","(29,)","(-30,)","(12.15,)","(0.0,)","(-3.8,)","(8.27,)","('null',)","(102,)","(48,)","(51,)","(127,)","(103,)","(47,)","(45,)"
"(138,)","(105,)","(46,)","(44,)","(-14,)","(13,)","(29,)","(-30,)","(-1.46,)","(2.7,)","(-1.7,)","(-6.84,)","(138,)","(105,)","(46,)","(44,)","(128,)","(103,)","(48,)","(45,)"
"(128,)","(121,)","(91,)","(85,)","(-8,)","(8,)","(22,)","(-22,)","(-10.68,)","(15.95,)","(45.17,)","(40.66,)","(128,)","('null',)","('null',)","('null',)","(127,)","(105,)","(49,)","(46,)"
"(121,)","(108,)","(63,)","(56,)","(-1,)","(1,)","(6,)","(-7,)","(-6.99,)","(-12.37,)","(-28.46,)","(-28.37,)","(121,)","(108,)","(63,)","(56,)","(123,)","(105,)","(52,)","(49,)"
"(125,)","(133,)","(46,)","(47,)","(1,)","(-1,)","(-7,)","(6,)","(3.79,)","(24.49,)","(-16.71,)","(-9.12,)","(125,)","('null',)","(46,)","(47,)","(128,)","(104,)","(51,)","(48,)"
"(111,)","(136,)","(80,)","(80,)","(1,)","(-1,)","(-9,)","(8,)","(-13.89,)","(3.42,)","(34.02,)","(33.19,)","(111,)","(136,)","('null',)","('null',)","(124,)","(112,)","(50,)","(49,)"
"(102,)","(144,)","(85,)","(83,)","(8,)","(-8,)","(-10,)","(9,)","(-8.55,)","(7.39,)","(4.3,)","(2.53,)","(102,)","(144,)","(85,)","(83,)","(120,)","(123,)","(60,)","(57,)"
"(111,)","(111,)","(64,)","(63,)","(23,)","(-25,)","(-15,)","(16,)","(8.55,)","(-33.03,)","(-20.59,)","(-19.84,)","(111,)","(111,)","(64,)","(63,)","(116,)","(124,)","(64,)","(62,)"
"(93,)","(63,)","(65,)","(70,)","(35,)","(-38,)","(-16,)","(18,)","(-18.09,)","(-47.62,)","(0.52,)","(6.68,)","(93,)","(63,)","(65,)","(70,)","(110,)","(112,)","(64,)","(63,)"
"(88,)","(78,)","(78,)","(74,)","(36,)","(-37,)","(-14,)","(16,)","(-4.13,)","(14.94,)","(13.39,)","(3.9,)","(88,)","('null',)","('null',)","(74,)","(105,)","(113,)","(65,)","(67,)"
"(52,)","(41,)","(83,)","(80,)","(30,)","(-28,)","(-13,)","(14,)","(-36.6,)","(-36.76,)","(4.9,)","(5.93,)","(52,)","(41,)","(83,)","(80,)","(92,)","(99,)","(74,)","(74,)"
"(65,)","(67,)","(81,)","(84,)","(28,)","(-25,)","(-13,)","(14,)","(12.75,)","(26.13,)","(-1.7,)","(4.66,)","('null',)","('null',)","(81,)","(84,)","(89,)","(89,)","(75,)","(75,)"
"(76,)","(70,)","(76,)","(81,)","(30,)","(-28,)","(-13,)","(14,)","(11.15,)","(2.38,)","(-4.71,)","(-3.02,)","('null',)","(70,)","(76,)","(81,)","(86,)","(71,)","(73,)","(75,)"
"(49,)","(53,)","(85,)","(95,)","(31,)","(-31,)","(-13,)","(14,)","(-26.81,)","(-16.84,)","(8.18,)","(13.61,)","(49,)","(53,)","(85,)","('null',)","(70,)","(56,)","(78,)","(77,)"
"(74,)","(48,)","(83,)","(96,)","(31,)","(-31,)","(-13,)","(14,)","(24.69,)","(-4.85,)","(-1.77,)","(1.73,)","('null',)","(48,)","(83,)","(96,)","(63,)","(53,)","(81,)","(83,)"
"(44,)","(45,)","(85,)","(98,)","(31,)","(-29,)","(-13,)","(14,)","(-29.63,)","(-2.51,)","(1.77,)","(1.8,)","(44,)","(45,)","(85,)","(98,)","(48,)","(51,)","(82,)","(87,)"
"(57,)","(43,)","(83,)","(88,)","(31,)","(-29,)","(-13,)","(14,)","(13.53,)","(-2.97,)","(-1.77,)","(-9.88,)","('null',)","(43,)","(83,)","(88,)","(46,)","(51,)","(82,)","(89,)"
"(46,)","(48,)","(90,)","(91,)","(31,)","(-29,)","(-13,)","(14,)","(-11.19,)","(5.47,)","(7.58,)","(3.07,)","(46,)","(48,)","(90,)","(91,)","(46,)","(51,)","(83,)","(90,)"
"(80,)","(66,)","(96,)","(104,)","(26,)","(-26,)","(-12,)","(14,)","(33.22,)","(18.18,)","(6.06,)","(12.62,)","('null',)","('null',)","(96,)","('null',)","(46,)","(47,)","(87,)","(93,)"
"(63,)","(45,)","(95,)","(106,)","(21,)","(-22,)","(-11,)","(14,)","(-16.51,)","(-20.69,)","(-1.73,)","(2.09,)","(63,)","(45,)","(95,)","(106,)","(51,)","(45,)","(88,)","(95,)"
"(40,)","(74,)","(91,)","(88,)","(16,)","(-16,)","(-10,)","(11,)","(-23.09,)","(28.1,)","(-3.28,)","(-17.78,)","(40,)","('null',)","(91,)","(88,)","(48,)","(45,)","(90,)","(94,)"
"(54,)","(51,)","(95,)","(107,)","(13,)","(-13,)","(-9,)","(8,)","(14.02,)","(-22.79,)","(3.28,)","(18.64,)","('null',)","(51,)","(95,)","('null',)","(49,)","(46,)","(91,)","(93,)"
"(95,)","(91,)","(90,)","(113,)","(21,)","(-20,)","(-12,)","(11,)","(40.82,)","(40.67,)","(-4.33,)","(5.95,)","('null',)","('null',)","(90,)","(113,)","(49,)","(48,)","(92,)","(99,)"
"(60,)","(76,)","(88,)","(108,)","(34,)","(-34,)","(-15,)","(17,)","(-34.63,)","(-15.76,)","(-2.02,)","(-4.63,)","(60,)","(76,)","(88,)","(108,)","(54,)","(57,)","(92,)","(103,)"
"(90,)","(129,)","(91,)","(102,)","(31,)","(-33,)","(-13,)","(15,)","(30.3,)","(52.84,)","(3.07,)","(-6.28,)","('null',)","('null',)","(91,)","(102,)","(54,)","(57,)","(91,)","(103,)"
"(57,)","(78,)","(90,)","(102,)","(16,)","(-19,)","(-9,)","(9,)","(-32.94,)","(-50.6,)","(-1.04,)","(0.0,)","(57,)","(78,)","(90,)","(102,)","(52,)","(68,)","(90,)","(102,)"
"(86,)","(70,)","(96,)","(108,)","(16,)","(-16,)","(-9,)","(10,)","(28.05,)","(-8.26,)","(6.06,)","(6.28,)","('null',)","(70,)","(96,)","(108,)","(58,)","(68,)","(91,)","(106,)"
"(53,)","(106,)","(91,)","(93,)","(30,)","(-28,)","(-14,)","(15,)","(-32.69,)","(36.49,)","(-5.02,)","(-15.82,)","(53,)","('null',)","(91,)","(93,)","(56,)","(74,)","(91,)","(104,)"
"(52,)","(57,)","(93,)","(93,)","(37,)","(-36,)","(-16,)","(17,)","(-1.05,)","(-48.7,)","(1.07,)","(0.54,)","(52,)","(57,)","(93,)","(93,)","(55,)","(70,)","(91,)","(101,)"
"(47,)","(75,)","(95,)","(93,)","(33,)","(-34,)","(-15,)","(15,)","(-4.67,)","(17.5,)","(2.21,)","(-0.54,)","(47,)","('null',)","(95,)","(93,)","(52,)","(68,)","(92,)","(98,)"
"(48,)","(49,)","(102,)","(104,)","(28,)","(-28,)","(-13,)","(14,)","(0.87,)","(-26.09,)","(7.33,)","(11.55,)","(48,)","(49,)","(102,)","('null',)","(51,)","(63,)","(94,)","(97,)"
"(50,)","(54,)","(104,)","(107,)","(28,)","(-26,)","(-13,)","(14,)","(1.83,)","(5.04,)","(2.01,)","(2.95,)","(50,)","(54,)","(104,)","(107,)","(50,)","(57,)","(96,)","(98,)"
"(51,)","(59,)","(102,)","(100,)","(31,)","(-29,)","(-13,)","(14,)","(0.97,)","(4.84,)","(-2.01,)","(-7.53,)","(51,)","(59,)","(102,)","(100,)","(50,)","(54,)","(97,)","(97,)"
"(49,)","(57,)","(102,)","(116,)","(31,)","(-31,)","(-14,)","(14,)","(-1.9,)","(-1.29,)","(0.0,)","(16.96,)","(49,)","(57,)","(102,)","('null',)","(49,)","(55,)","(99,)","(98,)"
"(59,)","(49,)","(111,)","(108,)","(31,)","(-30,)","(-14,)","(14,)","(9.88,)","(-8.59,)","(8.55,)","(-8.12,)","(59,)","(49,)","(111,)","(108,)","(50,)","(53,)","(102,)","(102,)"
"(61,)","(62,)","(125,)","(119,)","(29,)","(-28,)","(-14,)","(14,)","(2.28,)","(12.63,)","(14.68,)","(10.2,)","(61,)","('null',)","('null',)","('null',)","(53,)","(53,)","(104,)","(105,)"
"(60,)","(50,)","(100,)","(108,)","(28,)","(-27,)","(-14,)","(14,)","(-0.93,)","(-11.7,)","(-25.16,)","(-10.2,)","(60,)","(50,)","(100,)","(108,)","(55,)","(53,)","(103,)","(105,)"
"(57,)","(49,)","(105,)","(88,)","(28,)","(-27,)","(-13,)","(14,)","(-2.64,)","(-0.93,)","(4.63,)","(-19.95,)","(57,)","(49,)","(105,)","(88,)","(56,)","(52,)","(104,)","(101,)"
"(57,)","(41,)","(93,)","(100,)","(28,)","(-26,)","(-12,)","(14,)","(0.0,)","(-8.36,)","(-11.7,)","(11.74,)","(57,)","(41,)","(93,)","('null',)","(57,)","(49,)","(102,)","(101,)"
"(55,)","(53,)","(108,)","(102,)","(30,)","(-28,)","(-13,)","(14,)","(-2.42,)","(12.31,)","(15.28,)","(1.94,)","(55,)","('null',)","('null',)","(102,)","(58,)","(47,)","(102,)","(101,)"
"(62,)","(52,)","(123,)","(104,)","(31,)","(-30,)","(-14,)","(14,)","(6.46,)","(-1.05,)","(14.61,)","(2.01,)","(62,)","(52,)","('null',)","(104,)","(58,)","(48,)","(99,)","(100,)"
"(56,)","(54,)","(108,)","(104,)","(31,)","(-30,)","(-14,)","(14,)","(-5.28,)","(2.13,)","(-14.61,)","(0.0,)","(56,)","(54,)","(108,)","(104,)","(57,)","(49,)","(101,)","(101,)"
"(61,)","(52,)","(108,)","(100,)","(31,)","(-30,)","(-14,)","(14,)","(4.8,)","(-2.13,)","(0.0,)","(-3.95,)","(61,)","(52,)","(108,)","(100,)","(58,)","(49,)","(103,)","(99,)"
"(60,)","(63,)","(112,)","(115,)","(31,)","(-29,)","(-14,)","(14,)","(-0.93,)","(11.2,)","(4.15,)","(15.31,)","(60,)","('null',)","(112,)","('null',)","(58,)","(49,)","(105,)","(102,)"
"(57,)","(54,)","(102,)","(102,)","(31,)","(-29,)","(-14,)","(14,)","(-2.64,)","(-9.07,)","(-10.43,)","(-13.38,)","(57,)","(54,)","(102,)","(102,)","(58,)","(53,)","(107,)","(102,)"
"(56,)","(51,)","(108,)","(98,)","(31,)","(-29,)","(-14,)","(14,)","(-1.23,)","(-3.14,)","(6.28,)","(-3.8,)","(56,)","(51,)","(108,)","(98,)","(58,)","(52,)","(107,)","(101,)"
"(56,)","(53,)","(104,)","(104,)","(31,)","(-29,)","(-14,)","(14,)","(0.0,)","(2.05,)","(-4.27,)","(5.81,)","(56,)","(53,)","(104,)","(104,)","(57,)","(52,)","(107,)","(101,)"
"(49,)","(52,)","(108,)","(106,)","(31,)","(-29,)","(-14,)","(14,)","(-7.35,)","(-1.05,)","(4.27,)","(2.09,)","(49,)","(52,)","(108,)","(106,)","(56,)","(52,)","(107,)","(102,)"
"(51,)","(59,)","(113,)","(111,)","(31,)","(-29,)","(-14,)","(14,)","(1.9,)","(7.41,)","(4.63,)","(4.44,)","(51,)","(59,)","(113,)","(111,)","(54,)","(53,)","(107,)","(104,)"
"(66,)","(70,)","(108,)","(111,)","(23,)","(-23,)","(-12,)","(12,)","(15.38,)","(10.47,)","(-4.63,)","(0.0,)","('null',)","('null',)","(108,)","(111,)","(53,)","(53,)","(107,)","(105,)"
"(46,)","(50,)","(119,)","(104,)","(14,)","(-14,)","(-10,)","(11,)","(-19.88,)","(-19.86,)","(10.2,)","(-6.54,)","(46,)","(50,)","('null',)","(104,)","(51,)","(53,)","(108,)","(105,)"
"(55,)","(50,)","(106,)","(102,)","(11,)","(-10,)","(-7,)","(9,)","(8.77,)","(0.0,)","(-12.38,)","(-2.01,)","(55,)","(50,)","(106,)","(102,)","(51,)","(52,)","(107,)","(106,)"
"(55,)","(51,)","(113,)","(100,)","(13,)","(-11,)","(-7,)","(8,)","(0.0,)","(0.97,)","(6.81,)","(-1.94,)","(55,)","(51,)","(113,)","(100,)","(51,)","(52,)","(109,)","(105,)"
"(60,)","(63,)","(106,)","(96,)","(14,)","(-13,)","(-7,)","(8,)","(5.05,)","(12.21,)","(-6.81,)","(-3.66,)","(60,)","('null',)","(106,)","(96,)","(53,)","(52,)","(109,)","(104,)"
"(65,)","(70,)","(98,)","(100,)","(14,)","(-13,)","(-8,)","(8,)","(4.97,)","(6.68,)","(-7.9,)","(3.66,)","(65,)","(70,)","(98,)","(100,)","(56,)","(55,)","(106,)","(102,)"
"(56,)","(59,)","(88,)","(90,)","(14,)","(-13,)","(-8,)","(8,)","(-8.84,)","(-10.92,)","(-9.88,)","(-9.72,)","(56,)","(59,)","(88,)","(90,)","(56,)","(56,)","(102,)","(98,)"
"(65,)","(68,)","(93,)","(95,)","(14,)","(-13,)","(-8,)","(8,)","(8.3,)","(9.12,)","(4.68,)","(4.33,)","(65,)","(68,)","(93,)","(95,)","(59,)","(59,)","(100,)","(97,)"
"(102,)","(100,)","(100,)","(106,)","(22,)","(-21,)","(-10,)","(12,)","(37.52,)","(32.25,)","(7.06,)","(11.43,)","('null',)","('null',)","(100,)","('null',)","(60,)","(62,)","(99,)","(96,)"
"(59,)","(83,)","(100,)","(111,)","(31,)","(-31,)","(-14,)","(15,)","(-43.3,)","(-17.3,)","(0.0,)","(4.44,)","(59,)","(83,)","(100,)","(111,)","(61,)","(70,)","(97,)","(98,)"
"(66,)","(70,)","(95,)","(107,)","(28,)","(-29,)","(-14,)","(15,)","(7.41,)","(-13.16,)","(-5.39,)","(-3.58,)","(66,)","(70,)","(95,)","(107,)","(62,)","(70,)","(95,)","(100,)"
"(51,)","(52,)","(106,)","(102,)","(19,)","(-18,)","(-12,)","(12,)","(-15.38,)","(-17.89,)","(11.43,)","(-4.96,)","(51,)","(52,)","('null',)","(102,)","(59,)","(66,)","(95,)","(101,)"
"(54,)","(47,)","(95,)","(95,)","(11,)","(-9,)","(-8,)","(9,)","(3.14,)","(-4.67,)","(-11.43,)","(-7.33,)","(54,)","(47,)","(95,)","(95,)","(59,)","(64,)","(96,)","(102,)"
"(53,)","(50,)","(90,)","(93,)","(9,)","(-7,)","(-6,)","(7,)","(-1.09,)","(2.7,)","(-4.33,)","(-2.21,)","(53,)","(50,)","(90,)","(93,)","(56,)","(60,)","(96,)","(101,)"
"(85,)","(78,)","(84,)","(84,)","(4,)","(-4,)","(-3,)","(3,)","(31.77,)","(28.12,)","(-6.25,)","(-8.37,)","('null',)","('null',)","(84,)","(84,)","(56,)","(60,)","(92,)","(98,)"
"(65,)","(58,)","(113,)","(86,)","(0,)","(0,)","(0,)","(0,)","(-20.07,)","(-19.61,)","(28.82,)","(2.3,)","(65,)","(58,)","('null',)","(86,)","(57,)","(55,)","(91,)","(94,)"
"(64,)","(63,)","(86,)","(81,)","(-1,)","(1,)","(0,)","(-1,)","(-0.52,)","(4.67,)","(-26.52,)","(-5.32,)","(64,)","(63,)","(86,)","(81,)","(57,)","(54,)","(88,)","(90,)"
"(68,)","(66,)","(80,)","(80,)","(0,)","(1,)","(0,)","(0,)","(4.45,)","(3.17,)","(-6.96,)","(-1.63,)","(68,)","(66,)","(80,)","(80,)","(60,)","(56,)","(87,)","(86,)"
"(66,)","(60,)","(74,)","(74,)","(0,)","(0,)","(0,)","(0,)","(-2.3,)","(-6.06,)","(-5.93,)","(-5.93,)","(66,)","(60,)","(74,)","(74,)","(63,)","(59,)","(82,)","(83,)"
"(65,)","(67,)","(76,)","(72,)","(0,)","(0,)","(0,)","(0,)","(-1.09,)","(7.19,)","(2.85,)","(-1.35,)","(65,)","(67,)","(76,)","(72,)","(65,)","(62,)","(80,)","(79,)"
"(68,)","(66,)","(72,)","(78,)","(0,)","(0,)","(0,)","(0,)","(2.8,)","(-1.13,)","(-4.2,)","(5.7,)","(68,)","(66,)","(72,)","(78,)","(66,)","(63,)","(77,)","(78,)"
"(66,)","(65,)","(76,)","(75,)","(0,)","(0,)","(0,)","(0,)","(-1.71,)","(-1.09,)","(4.2,)","(-2.96,)","(66,)","(65,)","(76,)","(75,)","(66,)","(64,)","(77,)","(76,)"
"(68,)","(68,)","(76,)","(76,)","(0,)","(0,)","(0,)","(0,)","(2.3,)","(2.8,)","(-0.73,)","(1.45,)","(68,)","(68,)","(76,)","(76,)","(66,)","(65,)","(75,)","(75,)"
"(68,)","(66,)","(72,)","(68,)","(0,)","(0,)","(0,)","(0,)","(-0.59,)","(-1.71,)","(-3.46,)","(-8.55,)","(68,)","(66,)","(72,)","(68,)","(66,)","(65,)","(74,)","(73,)"
"(71,)","(68,)","(75,)","(74,)","(0,)","(0,)","(0,)","(0,)","(3.05,)","(2.3,)","(2.74,)","(5.7,)","(71,)","(68,)","(75,)","(74,)","(67,)","(66,)","(74,)","(73,)"
"(76,)","(70,)","(81,)","(75,)","(0,)","(-1,)","(-1,)","(0,)","(5.49,)","(1.21,)","(6.16,)","(1.4,)","(76,)","(70,)","(81,)","(75,)","(69,)","(67,)","(75,)","(74,)"
"(90,)","(111,)","(65,)","(68,)","(5,)","(-5,)","(-3,)","(4,)","(13.99,)","(40.94,)","(-16.06,)","(-6.51,)","('null',)","('null',)","(65,)","(68,)","(69,)","(67,)","(74,)","(72,)"
"(66,)","(57,)","(68,)","(66,)","(9,)","(-9,)","(-6,)","(7,)","(-24.24,)","(-53.14,)","(2.8,)","(-2.3,)","(66,)","(57,)","(68,)","(66,)","(69,)","(65,)","(72,)","(71,)"
"(71,)","(60,)","(68,)","(71,)","(9,)","(-8,)","(-6,)","(7,)","(4.76,)","(2.64,)","(0.59,)","(4.76,)","(71,)","(60,)","(68,)","(71,)","(70,)","(64,)","(71,)","(70,)"
"(83,)","(49,)","(85,)","(70,)","(7,)","(-6,)","(-5,)","(6,)","(11.9,)","(-11.22,)","(16.14,)","(-1.25,)","('null',)","(49,)","('null',)","(70,)","(71,)","(60,)","(71,)","(70,)"
"(74,)","(74,)","(80,)","(74,)","(3,)","(-3,)","(-3,)","(3,)","(-9.26,)","(24.69,)","(-5.11,)","(3.9,)","(74,)","('null',)","(80,)","(74,)","(71,)","(59,)","(72,)","(70,)"
"(68,)","(78,)","(63,)","(68,)","(-1,)","(0,)","(0,)","(0,)","(-5.7,)","(4.36,)","(-16.51,)","(-5.11,)","(68,)","(78,)","(63,)","(68,)","(69,)","(61,)","(68,)","(69,)"
"(56,)","(53,)","(70,)","(76,)","(-1,)","(1,)","(1,)","(-1,)","(-11.64,)","(-25.1,)","(6.68,)","(7.96,)","(56,)","(53,)","(70,)","(76,)","(67,)","(59,)","(69,)","(70,)"
"(93,)","(83,)","(100,)","(129,)","(6,)","(-6,)","(-5,)","(6,)","(36.29,)","(30.0,)","(29.82,)","(52.11,)","('null',)","('null',)","('null',)","('null',)","(67,)","(60,)","(70,)","(71,)"
"(62,)","(144,)","(85,)","(66,)","(21,)","(-22,)","(-15,)","(16,)","(-31.01,)","(61.59,)","(-14.89,)","(-62.37,)","(62,)","('null',)","(85,)","(66,)","(65,)","(60,)","(74,)","(70,)"
"(95,)","(115,)","(102,)","(118,)","(20,)","(-23,)","(-12,)","(14,)","(33.22,)","(-28.99,)","(17.46,)","(51.85,)","('null',)","(115,)","('null',)","('null',)","(65,)","(82,)","(74,)","(71,)"
"(106,)","(80,)","(137,)","(133,)","(7,)","(-10,)","(0,)","(0,)","(11.43,)","(-35.13,)","(35.37,)","(14.81,)","('null',)","(80,)","('null',)","('null',)","(62,)","(81,)","(72,)","(70,)"
"(93,)","(102,)","(66,)","(121,)","(-4,)","(4,)","(6,)","(-8,)","(-13.64,)","(21.76,)","(-71.26,)","(-12.12,)","(93,)","('null',)","(66,)","(121,)","(70,)","(82,)","(73,)","(87,)"
"(88,)","(44,)","(130,)","(111,)","(-6,)","(9,)","(3,)","(-4,)","(-4.13,)","(-58.12,)","(63.41,)","(-10.1,)","(88,)","(44,)","('null',)","(111,)","(81,)","(79,)","(75,)","(99,)"
"(76,)","(83,)","(74,)","(66,)","(0,)","(1,)","(-2,)","(2,)","(-12.7,)","(38.89,)","(-56.01,)","(-44.44,)","(76,)","('null',)","(74,)","(66,)","(79,)","(79,)","(75,)","(91,)"
"(60,)","(65,)","(57,)","(68,)","(2,)","(-4,)","(-3,)","(3,)","(-15.58,)","(-17.76,)","(-16.1,)","(1.71,)","(60,)","(65,)","(57,)","(68,)","(79,)","(76,)","(65,)","(91,)"
"(66,)","(62,)","(133,)","(124,)","(-3,)","(0,)","(3,)","(-3,)","(6.06,)","(-3.56,)","(75.36,)","(55.65,)","(66,)","(62,)","('null',)","('null',)","(76,)","(62,)","(65,)","(91,)"
"(78,)","(56,)","(66,)","(75,)","(-10,)","(9,)","(12,)","(-14,)","(11.76,)","(-5.28,)","(-66.67,)","(-48.56,)","('null',)","(56,)","(66,)","(75,)","(76,)","(56,)","(65,)","(88,)"
"(67,)","(65,)","(76,)","(75,)","(-12,)","(13,)","(18,)","(-20,)","(-10.63,)","(8.84,)","(9.52,)","(0.0,)","(67,)","(65,)","(76,)","(75,)","(71,)","(58,)","(68,)","(79,)"
"(65,)","(76,)","(47,)","(75,)","(-11,)","(11,)","(20,)","(-19,)","(-2.76,)","(10.62,)","(-28.57,)","(0.0,)","(65,)","('null',)","(47,)","(75,)","(66,)","(62,)","(64,)","(71,)"
"(78,)","(68,)","(72,)","(114,)","(-13,)","(11,)","(26,)","(-25,)","(13.39,)","(-7.22,)","(24.45,)","(38.81,)","('null',)","(68,)","('null',)","('null',)","(64,)","(63,)","(61,)","(73,)"
"(83,)","(84,)","(47,)","(63,)","(-15,)","(14,)","(33,)","(-34,)","(4.9,)","(15.69,)","(-24.45,)","(-50.79,)","(83,)","('null',)","(47,)","(63,)","(70,)","(62,)","(59,)","(72,)"
"(80,)","(74,)","(53,)","(85,)","(-15,)","(14,)","(33,)","(-36,)","(-3.33,)","(-10.58,)","(5.71,)","(21.61,)","(80,)","(74,)","(53,)","('null',)","(73,)","(65,)","(57,)","(72,)"
"(91,)","(70,)","(41,)","(70,)","(-15,)","(14,)","(29,)","(-31,)","(11.95,)","(-3.9,)","(-11.67,)","(-14.93,)","('null',)","(70,)","(41,)","(70,)","(73,)","(69,)","(52,)","(70,)"
"(90,)","(74,)","(39,)","(63,)","(-15,)","(13,)","(28,)","(-28,)","(-1.04,)","(3.9,)","(-2.45,)","(-6.68,)","(90,)","(74,)","(39,)","(63,)","(79,)","(71,)","(45,)","(67,)"
"(102,)","(85,)","(47,)","(54,)","(-15,)","(13,)","(29,)","(-29,)","(11.66,)","(11.03,)","(8.4,)","(-9.44,)","('null',)","('null',)","(47,)","(54,)","(84,)","(71,)","(45,)","(62,)"
"(100,)","(76,)","(41,)","(56,)","(-15,)","(13,)","(30,)","(-31,)","(-2.56,)","(-8.18,)","(-5.95,)","(2.68,)","(100,)","(76,)","(41,)","(56,)","(88,)","(73,)","(44,)","(61,)"
"(97,)","(93,)","(42,)","(43,)","(-15,)","(13,)","(30,)","(-32,)","(-2.44,)","(16.64,)","(0.66,)","(-13.73,)","(97,)","('null',)","(42,)","(43,)","(91,)","(73,)","(43,)","(57,)"
"(95,)","(111,)","(88,)","(51,)","(-13,)","(12,)","(24,)","(-25,)","(-2.32,)","(17.54,)","(46.56,)","(8.27,)","(95,)","('null',)","('null',)","(51,)","(95,)","(73,)","(42,)","(56,)"
"(100,)","(111,)","(43,)","(52,)","(-12,)","(11,)","(17,)","(-17,)","(5.39,)","(0.0,)","(-45.88,)","(1.01,)","(100,)","(111,)","(43,)","(52,)","(96,)","(87,)","(42,)","(53,)"
"(102,)","(102,)","(83,)","(83,)","(-13,)","(12,)","(19,)","(-19,)","(1.94,)","(-8.55,)","(40.32,)","(31.05,)","(102,)","(102,)","('null',)","('null',)","(98,)","(96,)","(43,)","(51,)"
"(105,)","(86,)","(46,)","(57,)","(-14,)","(13,)","(25,)","(-26,)","(2.7,)","(-15.61,)","(-36.55,)","(-25.36,)","(105,)","(86,)","(46,)","(57,)","(99,)","(93,)","(43,)","(51,)"
"(113,)","(90,)","(51,)","(57,)","(-14,)","(13,)","(30,)","(-33,)","(8.21,)","(3.44,)","(4.5,)","(0.0,)","(113,)","(90,)","(51,)","(57,)","(102,)","(97,)","(45,)","(52,)"
"(111,)","(100,)","(48,)","(56,)","(-15,)","(13,)","(32,)","(-34,)","(-2.36,)","(9.6,)","(-2.8,)","(-1.23,)","(111,)","(100,)","(48,)","(56,)","(104,)","(97,)","(47,)","(54,)"
"(114,)","(93,)","(49,)","(52,)","(-15,)","(13,)","(29,)","(-30,)","(3.17,)","(-6.98,)","(0.9,)","(-4.45,)","(114,)","(93,)","(49,)","(52,)","(107,)","(97,)","(47,)","(54,)"
"(126,)","(95,)","(47,)","(56,)","(-15,)","(13,)","(26,)","(-26,)","(12.7,)","(2.21,)","(-1.76,)","(4.45,)","('null',)","(95,)","(47,)","(56,)","(109,)","(94,)","(48,)","(55,)"
"(100,)","(123,)","(45,)","(78,)","(-15,)","(13,)","(27,)","(-28,)","(-26.98,)","(28.22,)","(-1.64,)","(21.69,)","(100,)","('null',)","(45,)","('null',)","(108,)","(92,)","(47,)","(55,)"
"(121,)","(108,)","(52,)","(49,)","(-15,)","(13,)","(30,)","(-32,)","(21.21,)","(-15.35,)","(6.65,)","(-29.05,)","('null',)","(108,)","(52,)","(49,)","(109,)","(97,)","(48,)","(54,)"
"(117,)","(98,)","(53,)","(54,)","(-15,)","(13,)","(31,)","(-32,)","(-3.57,)","(-9.34,)","(0.7,)","(5.04,)","(117,)","(98,)","(53,)","(54,)","(110,)","(98,)","(49,)","(53,)"
"(121,)","(102,)","(52,)","(55,)","(-15,)","(13,)","(30,)","(-31,)","(3.57,)","(3.8,)","(-1.05,)","(1.13,)","(121,)","(102,)","(52,)","(55,)","(113,)","(99,)","(49,)","(53,)"
"(117,)","(104,)","(54,)","(50,)","(-15,)","(13,)","(29,)","(-30,)","(-3.57,)","(2.01,)","(2.13,)","(-5.24,)","(117,)","(104,)","(54,)","(50,)","(113,)","(101,)","(50,)","(52,)"
"(115,)","(106,)","(57,)","(56,)","(-15,)","(13,)","(29,)","(-30,)","(-1.71,)","(2.09,)","(3.55,)","(6.42,)","(115,)","(106,)","(57,)","(56,)","(114,)","(103,)","(52,)","(52,)"
"(106,)","(102,)","(133,)","(118,)","(-11,)","(9,)","(22,)","(-22,)","(-9.28,)","(-4.1,)","(75.36,)","(61.78,)","(106,)","(102,)","('null',)","('null',)","(115,)","(103,)","(53,)","(52,)"
"(121,)","(125,)","(52,)","(54,)","(-7,)","(5,)","(8,)","(-9,)","(14.55,)","(23.22,)","(-81.05,)","(-64.1,)","('null',)","('null',)","(52,)","(54,)","(115,)","(102,)","(53,)","(53,)"
"(108,)","(137,)","(102,)","(95,)","(-10,)","(8,)","(8,)","(-9,)","(-12.37,)","(12.14,)","(50.28,)","(40.82,)","(108,)","('null',)","('null',)","('null',)","(113,)","(103,)","(53,)","(53,)"
"(108,)","(93,)","(98,)","(60,)","(-15,)","(15,)","(21,)","(-23,)","(-0.74,)","(-44.91,)","(-3.8,)","(-34.63,)","(108,)","(93,)","(98,)","(60,)","(110,)","(101,)","(65,)","(55,)"
"(102,)","(100,)","(59,)","(62,)","(-16,)","(16,)","(35,)","(-37,)","(-5.54,)","(7.61,)","(-39.06,)","(1.41,)","(102,)","(100,)","(59,)","(62,)","(107,)","(100,)","(66,)","(58,)"
"(133,)","(121,)","(98,)","(102,)","(-15,)","(14,)","(38,)","(-39,)","(30.77,)","(20.58,)","(39.06,)","(40.55,)","('null',)","('null',)","('null',)","('null',)","(106,)","(98,)","(69,)","(58,)"
"(111,)","(118,)","(137,)","(56,)","(-11,)","(10,)","(29,)","(-28,)","(-22.22,)","(-2.69,)","(39.17,)","(-45.83,)","(111,)","(118,)","('null',)","(56,)","(107,)","(103,)","(69,)","(58,)"
"(136,)","(111,)","(45,)","(47,)","(-9,)","(7,)","(13,)","(-13,)","(24.94,)","(-7.41,)","(-91.95,)","(-9.12,)","('null',)","(111,)","(45,)","(47,)","(107,)","(105,)","(67,)","(56,)"
"(114,)","(115,)","(57,)","(56,)","(-6,)","(6,)","(0,)","(-1,)","(-21.77,)","(4.83,)","(11.17,)","(9.12,)","(114,)","(115,)","('null',)","(56,)","(108,)","(107,)","(67,)","(56,)"
"(111,)","(100,)","(105,)","(95,)","(-4,)","(5,)","(0,)","(0,)","(-3.17,)","(-15.31,)","(48.12,)","(38.5,)","(111,)","(100,)","('null',)","('null',)","(109,)","(108,)","(52,)","(55,)"
"(100,)","(83,)","(111,)","(105,)","(-11,)","(10,)","(11,)","(-11,)","(-11.11,)","(-17.3,)","(5.85,)","(10.03,)","(100,)","(83,)","(111,)","('null',)","(109,)","(105,)","(78,)","(53,)"
"(116,)","(105,)","(72,)","(67,)","(-18,)","(16,)","(28,)","(-27,)","(16.96,)","(21.93,)","(-38.38,)","(-37.47,)","('null',)","('null',)","(72,)","(67,)","(109,)","(105,)","(76,)","(56,)"
"(140,)","(133,)","(56,)","(52,)","(-17,)","(16,)","(38,)","(-39,)","(23.39,)","(28.07,)","(-15.99,)","(-15.51,)","('null',)","('null',)","(56,)","(52,)","(108,)","(102,)","(71,)","(55,)"
"(119,)","(83,)","(76,)","(95,)","(-14,)","(14,)","(36,)","(-37,)","(-21.3,)","(-50.0,)","(19.45,)","(42.95,)","(119,)","(83,)","('null',)","('null',)","(111,)","(95,)","(79,)","(58,)"
"(115,)","(108,)","(52,)","(40,)","(-13,)","(13,)","(28,)","(-29,)","(-3.11,)","(24.77,)","(-23.9,)","(-54.83,)","(115,)","('null',)","(52,)","(40,)","(111,)","(88,)","(72,)","(53,)"
"(118,)","(102,)","(53,)","(43,)","(-13,)","(12,)","(18,)","(-20,)","(2.58,)","(-5.54,)","(1.05,)","(2.61,)","(118,)","(102,)","(53,)","(43,)","(113,)","(89,)","(68,)","(50,)"
"(128,)","(102,)","(47,)","(49,)","(-13,)","(12,)","(15,)","(-17,)","(9.69,)","(0.0,)","(-5.71,)","(6.37,)","(128,)","(102,)","(47,)","(49,)","(120,)","(95,)","(56,)","(50,)"
"(104,)","(95,)","(74,)","(74,)","(-5,)","(5,)","(8,)","(-10,)","(-23.63,)","(-7.33,)","(26.46,)","(24.69,)","(104,)","(95,)","('null',)","('null',)","(116,)","(95,)","(52,)","(46,)"
"(117,)","(108,)","(56,)","(57,)","(4,)","(-4,)","(-3,)","(2,)","(13.07,)","(12.87,)","(-17.34,)","(-16.1,)","('null',)","('null',)","(56,)","(57,)","(116,)","(95,)","(52,)","(47,)"
"(105,)","(140,)","(63,)","(66,)","(4,)","(-5,)","(-7,)","(7,)","(-12.38,)","(32.24,)","(6.75,)","(8.7,)","(105,)","('null',)","(63,)","(66,)","(114,)","(99,)","(54,)","(51,)"
"(95,)","(98,)","(76,)","(100,)","(0,)","(0,)","(-1,)","(2,)","(-10.03,)","(-41.59,)","(13.43,)","(33.96,)","(95,)","(98,)","('null',)","('null',)","(110,)","(99,)","(54,)","(53,)"
"(111,)","(114,)","(76,)","(102,)","(4,)","(-4,)","(-2,)","(2,)","(15.87,)","(15.52,)","(0.0,)","(1.94,)","('null',)","('null',)","(76,)","(102,)","(108,)","(98,)","(60,)","(68,)"
"(124,)","(111,)","(74,)","(74,)","(14,)","(-13,)","(-8,)","(7,)","(12.92,)","(-3.17,)","(-2.85,)","(-28.49,)","('null',)","(111,)","(74,)","(74,)","(101,)","(101,)","(67,)","(74,)"
"(148,)","(141,)","(76,)","(78,)","(27,)","(-26,)","(-15,)","(15,)","(24.12,)","(30.73,)","(2.85,)","(4.36,)","('null',)","('null',)","(76,)","(78,)","(100,)","(104,)","(69,)","(75,)"
"(60,)","(60,)","(81,)","(85,)","(36,)","(-37,)","(-18,)","(18,)","(-87.54,)","(-81.24,)","(4.71,)","(6.68,)","(60,)","(60,)","(81,)","(85,)","(86,)","(89,)","(74,)","(81,)"
"(66,)","(81,)","(93,)","(85,)","(35,)","(-36,)","(-15,)","(16,)","(6.06,)","(21.03,)","(11.39,)","(0.0,)","(66,)","('null',)","('null',)","(85,)","(73,)","(89,)","(76,)","(84,)"
"(80,)","(45,)","(87,)","(91,)","(29,)","(-28,)","(-12,)","(13,)","(14.14,)","(-35.66,)","(-5.59,)","(6.85,)","('null',)","(45,)","(87,)","(91,)","(63,)","(72,)","(78,)","(85,)"
"(40,)","(80,)","(90,)","(83,)","(28,)","(-26,)","(-12,)","(13,)","(-40.4,)","(34.02,)","(3.48,)","(-8.62,)","(40,)","('null',)","(90,)","(83,)","(55,)","(72,)","(81,)","(82,)"
"(78,)","(46,)","(85,)","(83,)","(30,)","(-28,)","(-13,)","(14,)","(38.03,)","(-33.22,)","(-5.8,)","(0.0,)","('null',)","(46,)","(85,)","(83,)","(55,)","(50,)","(83,)","(84,)"
"(56,)","(47,)","(80,)","(84,)","(31,)","(-31,)","(-14,)","(15,)","(-21.69,)","(0.84,)","(-5.11,)","(1.32,)","(56,)","(47,)","(80,)","(84,)","(55,)","(49,)","(84,)","(85,)"
"(102,)","(53,)","(84,)","(90,)","(31,)","(-30,)","(-14,)","(15,)","(45.83,)","(5.71,)","(4.66,)","(6.25,)","('null',)","(53,)","(84,)","(90,)","(54,)","(47,)","(85,)","(86,)"
"(71,)","(51,)","(95,)","(95,)","(31,)","(-30,)","(-14,)","(15,)","(-31.14,)","(-2.05,)","(10.58,)","(4.33,)","(71,)","(51,)","('null',)","(95,)","(55,)","(48,)","(85,)","(87,)"
"(49,)","(44,)","(91,)","(93,)","(31,)","(-30,)","(-14,)","(15,)","(-22.05,)","(-6.84,)","(-3.28,)","(-2.21,)","(49,)","(44,)","(91,)","(93,)","(54,)","(48,)","(86,)","(88,)"
"(78,)","(74,)","(95,)","(90,)","(31,)","(-30,)","(-14,)","(15,)","(29.05,)","(29.63,)","(3.28,)","(-2.63,)","('null',)","('null',)","(95,)","(90,)","(58,)","(48,)","(87,)","(89,)"
"(55,)","(55,)","(109,)","(102,)","(31,)","(-30,)","(-14,)","(15,)","(-22.88,)","(-18.52,)","(14.05,)","(12.17,)","(55,)","(55,)","('null',)","('null',)","(57,)","(50,)","(87,)","(90,)"
"(66,)","(51,)","(90,)","(88,)","(26,)","(-26,)","(-13,)","(14,)","(11.11,)","(-4.27,)","(-18.38,)","(-13.68,)","('null',)","(51,)","(90,)","(88,)","(58,)","(50,)","(90,)","(91,)"
"(80,)","(45,)","(102,)","(95,)","(21,)","(-21,)","(-11,)","(14,)","(13.33,)","(-5.31,)","(11.66,)","(6.35,)","('null',)","(45,)","('null',)","(95,)","(58,)","(49,)","(92,)","(92,)"
"(74,)","(83,)","(93,)","(90,)","(26,)","(-26,)","(-12,)","(14,)","(-5.93,)","(37.36,)","(-9.0,)","(-4.33,)","(74,)","('null',)","(93,)","(90,)","(59,)","(48,)","(92,)","(91,)"
"(81,)","(76,)","(95,)","(98,)","(33,)","(-32,)","(-14,)","(14,)","(7.56,)","(-7.14,)","(1.67,)","(7.86,)","(81,)","(76,)","(95,)","(98,)","(70,)","(56,)","(93,)","(92,)"
"(85,)","(49,)","(96,)","(95,)","(32,)","(-31,)","(-14,)","(14,)","(3.47,)","(-26.81,)","(1.73,)","(-3.53,)","(85,)","(49,)","(96,)","(95,)","(73,)","(55,)","(93,)","(93,)"
"(54,)","(48,)","(106,)","(96,)","(26,)","(-26,)","(-13,)","(14,)","(-30.68,)","(-0.9,)","(9.7,)","(1.73,)","(54,)","(48,)","(106,)","(96,)","(73,)","(53,)","(96,)","(93,)"
"(71,)","(86,)","(100,)","(95,)","(27,)","(-26,)","(-13,)","(14,)","(17.01,)","(38.47,)","(-6.04,)","(-1.73,)","('null',)","('null',)","(100,)","(95,)","(73,)","(54,)","(98,)","(94,)"
"(45,)","(46,)","(93,)","(97,)","(31,)","(-29,)","(-13,)","(14,)","(-25.45,)","(-40.17,)","(-7.06,)","(2.32,)","(45,)","(46,)","(93,)","(97,)","(67,)","(54,)","(97,)","(95,)"
"(46,)","(55,)","(97,)","(91,)","(32,)","(-31,)","(-14,)","(14,)","(0.81,)","(8.77,)","(3.99,)","(-5.61,)","(46,)","(55,)","(97,)","(91,)","(62,)","(54,)","(97,)","(95,)"
"(53,)","(49,)","(95,)","(95,)","(31,)","(-30,)","(-14,)","(14,)","(6.55,)","(-6.17,)","(-2.32,)","(3.28,)","(53,)","(49,)","(95,)","(95,)","(56,)","(49,)","(97,)","(94,)"
"(47,)","(51,)","(95,)","(97,)","(30,)","(-30,)","(-14,)","(14,)","(-5.71,)","(1.9,)","(0.0,)","(2.32,)","(47,)","(51,)","(95,)","(97,)","(49,)","(49,)","(97,)","(95,)"
"(51,)","(48,)","(100,)","(98,)","(30,)","(-30,)","(-14,)","(14,)","(3.66,)","(-2.8,)","(4.76,)","(1.2,)","(51,)","(48,)","(100,)","(98,)","(48,)","(49,)","(96,)","(95,)"
"(46,)","(49,)","(102,)","(98,)","(30,)","(-30,)","(-14,)","(14,)","(-4.5,)","(0.9,)","(2.56,)","(0.0,)","(46,)","(49,)","(102,)","(98,)","(48,)","(49,)","(97,)","(96,)"
"(45,)","(49,)","(96,)","(104,)","(30,)","(-30,)","(-14,)","(14,)","(-1.59,)","(0.0,)","(-5.59,)","(5.81,)","(45,)","(49,)","(96,)","(104,)","(48,)","(50,)","(97,)","(97,)"
"(49,)","(50,)","(95,)","(100,)","(26,)","(-26,)","(-12,)","(14,)","(4.18,)","(0.93,)","(-1.73,)","(-3.95,)","(49,)","(50,)","(95,)","(100,)","(48,)","(49,)","(97,)","(98,)"
"(38,)","(49,)","(95,)","(115,)","(21,)","(-21,)","(-11,)","(14,)","(-11.29,)","(-0.93,)","(0.0,)","(15.31,)","(38,)","(49,)","(95,)","('null',)","(46,)","(49,)","(97,)","(99,)"
"(57,)","(53,)","(93,)","(121,)","(22,)","(-21,)","(-11,)","(13,)","(19.05,)","(3.95,)","(-1.67,)","(5.27,)","('null',)","(53,)","(93,)","(121,)","(45,)","(49,)","(96,)","(104,)"
"(72,)","(48,)","(95,)","(100,)","(24,)","(-22,)","(-11,)","(12,)","(14.93,)","(-4.85,)","(1.67,)","(-20.58,)","('null',)","(48,)","(95,)","(100,)","(44,)","(49,)","(96,)","(104,)"
"(70,)","(56,)","(90,)","(85,)","(29,)","(-28,)","(-13,)","(14,)","(-1.9,)","(8.25,)","(-4.84,)","(-15.52,)","(70,)","(56,)","(90,)","(85,)","(50,)","(50,)","(94,)","(102,)"
"(55,)","(53,)","(95,)","(95,)","(33,)","(-33,)","(-14,)","(15,)","(-14.62,)","(-3.4,)","(4.84,)","(10.13,)","(55,)","(53,)","(95,)","('null',)","(53,)","(51,)","(93,)","(101,)"
"(75,)","(121,)","(91,)","(90,)","(26,)","(-26,)","(-12,)","(12,)","(19.92,)","(67.88,)","(-3.28,)","(-4.33,)","('null',)","('null',)","(91,)","(90,)","(54,)","(51,)","(93,)","(99,)"
"(47,)","(43,)","(100,)","(93,)","(14,)","(-13,)","(-8,)","(9,)","(-27.85,)","(-77.5,)","(8.67,)","(2.66,)","(47,)","(43,)","(100,)","(93,)","(57,)","(50,)","(94,)","(97,)"
"(63,)","(80,)","(106,)","(85,)","(17,)","(-14,)","(-10,)","(11,)","(15.87,)","(37.09,)","(6.04,)","(-8.46,)","('null',)","('null',)","(106,)","(85,)","(57,)","(50,)","(96,)","(90,)"
"(52,)","(57,)","(86,)","(83,)","(31,)","(-29,)","(-14,)","(15,)","(-11.2,)","(-22.84,)","(-19.71,)","(-1.77,)","(52,)","(57,)","(86,)","(83,)","(56,)","(52,)","(94,)","(87,)"
"(52,)","(53,)","(90,)","(80,)","(36,)","(-37,)","(-16,)","(17,)","(0.0,)","(-4.64,)","(3.95,)","(-3.33,)","(52,)","(53,)","(90,)","(80,)","(51,)","(51,)","(94,)","(86,)"
"(49,)","(40,)","(95,)","(90,)","(31,)","(-32,)","(-14,)","(15,)","(-2.9,)","(-12.93,)","(4.33,)","(10.4,)","(49,)","(40,)","(95,)","('null',)","(50,)","(48,)","(94,)","(86,)"
"(38,)","(38,)","(86,)","(85,)","(25,)","(-24,)","(-12,)","(13,)","(-11.29,)","(-1.76,)","(-8.28,)","(-5.29,)","(38,)","(38,)","(86,)","(85,)","(47,)","(46,)","(93,)","(85,)"
"(41,)","(45,)","(95,)","(88,)","(24,)","(-21,)","(-12,)","(13,)","(2.93,)","(7.33,)","(8.28,)","(3.78,)","(41,)","(45,)","(95,)","(88,)","(46,)","(46,)","(93,)","(84,)"
"(56,)","(140,)","(85,)","(86,)","(16,)","(-15,)","(-9,)","(10,)","(15.71,)","(94.37,)","(-10.13,)","(-2.87,)","('null',)","('null',)","(85,)","(86,)","(46,)","(46,)","(89,)","(84,)"
"(72,)","(44,)","(97,)","(83,)","(0,)","(0,)","(-1,)","(1,)","(15.99,)","(-95.91,)","(12.45,)","(-2.69,)","('null',)","(44,)","('null',)","(83,)","(45,)","(44,)","(90,)","(84,)"
"(60,)","(67,)","(109,)","(106,)","(-7,)","(7,)","(5,)","(-5,)","(-12.12,)","(23.35,)","(11.73,)","(23.33,)","(60,)","('null',)","('null',)","('null',)","(47,)","(41,)","(90,)","(85,)"
"(114,)","(102,)","(62,)","(65,)","(-3,)","(4,)","(3,)","(-3,)","(53.68,)","(34.77,)","(-47.27,)","(-41.63,)","('null',)","('null',)","(62,)","(65,)","(46,)","(42,)","(82,)","(81,)"
"(66,)","(41,)","(49,)","(65,)","(1,)","(-1,)","(1,)","(0,)","(-47.62,)","(-60.9,)","(-12.63,)","(0.0,)","(66,)","(41,)","(49,)","(65,)","(55,)","(43,)","(72,)","(77,)"
"(62,)","(47,)","(70,)","(39,)","(2,)","(-3,)","(0,)","(2,)","(-4.65,)","(5.95,)","(20.79,)","(-25.82,)","(62,)","(47,)","('null',)","(39,)","(62,)","(44,)","(65,)","(67,)"
"(53,)","(64,)","(74,)","(49,)","(0,)","(0,)","(0,)","(0,)","(-8.68,)","(16.9,)","(3.9,)","(10.17,)","(53,)","('null',)","(74,)","('null',)","(60,)","(44,)","(61,)","(63,)"
"(48,)","(45,)","(68,)","(49,)","(0,)","(0,)","(0,)","(0,)","(-4.85,)","(-18.54,)","(-5.11,)","(0.0,)","(48,)","(45,)","(68,)","(49,)","(57,)","(44,)","(63,)","(54,)"
"(88,)","(46,)","(74,)","(53,)","(0,)","(0,)","(0,)","(0,)","(40.4,)","(0.81,)","(5.11,)","(3.95,)","('null',)","(46,)","(74,)","(53,)","(57,)","(44,)","(65,)","(54,)"
"(128,)","(98,)","(56,)","(59,)","(6,)","(-5,)","(-4,)","(4,)","(39.32,)","(51.98,)","(-17.34,)","(6.37,)","('null',)","('null',)","(56,)","(59,)","(57,)","(44,)","(64,)","(53,)"
"(68,)","(76,)","(95,)","(53,)","(13,)","(-12,)","(-9,)","(9,)","(-59.83,)","(-22.57,)","(38.5,)","(-6.37,)","(68,)","(76,)","('null',)","(53,)","(57,)","(53,)","(68,)","(50,)"
"(64,)","(64,)","(54,)","(54,)","(13,)","(-12,)","(-9,)","(9,)","(-3.86,)","(-11.67,)","(-40.82,)","(1.09,)","(64,)","(64,)","(54,)","(54,)","(58,)","(57,)","(65,)","(53,)"
"(51,)","(43,)","(72,)","(63,)","(9,)","(-8,)","(-7,)","(6,)","(-13.23,)","(-21.51,)","(18.31,)","(9.07,)","(51,)","(43,)","('null',)","(63,)","(57,)","(54,)","(63,)","(55,)"
"(57,)","(44,)","(66,)","(66,)","(8,)","(-7,)","(-5,)","(5,)","(5.86,)","(1.43,)","(-6.06,)","(3.17,)","(57,)","(44,)","(66,)","(66,)","(60,)","(54,)","(62,)","(58,)"
"(63,)","(40,)","(61,)","(57,)","(9,)","(-8,)","(-6,)","(6,)","(6.35,)","(-4.04,)","(-5.13,)","(-8.7,)","(63,)","(40,)","(61,)","(57,)","(60,)","(53,)","(59,)","(58,)"
"(58,)","(32,)","(59,)","(54,)","(10,)","(-9,)","(-6,)","(7,)","(-4.67,)","(-7.48,)","(-2.28,)","(-3.55,)","(58,)","(32,)","(59,)","(54,)","(60,)","(49,)","(60,)","(57,)"
"(45,)","(40,)","(78,)","(56,)","(10,)","(-9,)","(-6,)","(7,)","(-12.85,)","(7.48,)","(19.17,)","(2.32,)","(45,)","(40,)","('null',)","(56,)","(56,)","(43,)","(60,)","(58,)"
"(53,)","(45,)","(95,)","(56,)","(7,)","(-6,)","(-4,)","(5,)","(7.36,)","(5.57,)","(16.81,)","(0.0,)","(53,)","(45,)","('null',)","(56,)","(54,)","(40,)","(62,)","(58,)"
"(65,)","(47,)","(66,)","(62,)","(4,)","(-3,)","(-3,)","(4,)","(11.71,)","(1.64,)","(-28.57,)","(5.76,)","('null',)","(47,)","(66,)","(62,)","(55,)","(41,)","(63,)","(58,)"
"(66,)","(72,)","(58,)","(50,)","(0,)","(0,)","(0,)","(1,)","(1.63,)","(24.45,)","(-7.84,)","(-12.19,)","(66,)","('null',)","(58,)","(50,)","(57,)","(40,)","(61,)","(55,)"
"(57,)","(42,)","(86,)","(53,)","(-1,)","(1,)","(1,)","(-1,)","(-8.7,)","(-29.74,)","(27.2,)","(3.02,)","(57,)","(42,)","('null',)","(53,)","(55,)","(41,)","(61,)","(55,)"
"(57,)","(47,)","(55,)","(52,)","(0,)","(0,)","(1,)","(-1,)","(0.0,)","(5.29,)","(-30.47,)","(-1.05,)","(57,)","(47,)","(55,)","(52,)","(55,)","(44,)","(59,)","(54,)"
"(49,)","(45,)","(52,)","(51,)","(0,)","(0,)","(0,)","(0,)","(-8.59,)","(-1.64,)","(-3.27,)","(-1.01,)","(49,)","(45,)","(52,)","(51,)","(56,)","(45,)","(57,)","(54,)"
"(65,)","(48,)","(53,)","(51,)","(0,)","(0,)","(0,)","(0,)","(15.66,)","(2.51,)","(1.05,)","(0.0,)","('null',)","(48,)","(53,)","(51,)","(57,)","(45,)","(56,)","(53,)"
"(48,)","(50,)","(54,)","(53,)","(0,)","(0,)","(0,)","(0,)","(-16.56,)","(1.83,)","(1.09,)","(2.05,)","(48,)","(50,)","(54,)","(53,)","(55,)","(46,)","(54,)","(51,)"
"(121,)","(91,)","(55,)","(81,)","(7,)","(-7,)","(-4,)","(5,)","(72.73,)","(41.64,)","(1.13,)","(28.3,)","('null',)","('null',)","(55,)","('null',)","(52,)","(46,)","(53,)","(52,)"
"(62,)","(88,)","(54,)","(57,)","(16,)","(-15,)","(-10,)","(11,)","(-59.2,)","(-3.07,)","(-1.5,)","(-23.66,)","(62,)","(88,)","(54,)","(57,)","(54,)","(55,)","(53,)","(52,)"
"(75,)","(43,)","(59,)","(60,)","(20,)","(-20,)","(-12,)","(13,)","(13.46,)","(-45.17,)","(5.21,)","(2.64,)","('null',)","(43,)","(59,)","(60,)","(53,)","(54,)","(54,)","(54,)"
"(95,)","(41,)","(63,)","(62,)","(20,)","(-20,)","(-12,)","(12,)","(19.77,)","(-2.05,)","(4.23,)","(1.89,)","('null',)","(41,)","(63,)","(62,)","(55,)","(54,)","(56,)","(56,)"
"(43,)","(37,)","(71,)","(68,)","(18,)","(-18,)","(-10,)","(11,)","(-52.23,)","(-4.11,)","(7.94,)","(5.88,)","(43,)","(37,)","(71,)","(68,)","(51,)","(51,)","(59,)","(60,)"
"(55,)","(38,)","(63,)","(66,)","(18,)","(-17,)","(-10,)","(11,)","(12.54,)","(0.54,)","(-7.94,)","(-1.71,)","('null',)","(38,)","(63,)","(66,)","(52,)","(49,)","(60,)","(62,)"
"(60,)","(65,)","(61,)","(62,)","(25,)","(-24,)","(-12,)","(13,)","(5.05,)","(26.95,)","(-1.95,)","(-4.65,)","(60,)","('null',)","(61,)","(62,)","(55,)","(49,)","(61,)","(62,)"
"(102,)","(76,)","(62,)","(63,)","(33,)","(-33,)","(-14,)","(15,)","(41.96,)","(11.15,)","(0.48,)","(1.48,)","('null',)","('null',)","(62,)","(63,)","(51,)","(39,)","(63,)","(63,)"
"(38,)","(36,)","(65,)","(66,)","(33,)","(-34,)","(-15,)","(15,)","(-64.47,)","(-40.15,)","(3.56,)","(3.17,)","(38,)","(36,)","(65,)","(66,)","(47,)","(38,)","(64,)","(64,)"
"(44,)","(35,)","(74,)","(71,)","(30,)","(-30,)","(-14,)","(15,)","(6.35,)","(-0.48,)","(8.5,)","(4.76,)","(44,)","(35,)","(74,)","(71,)","(46,)","(36,)","(66,)","(66,)"
"(34,)","(30,)","(91,)","(78,)","(29,)","(-28,)","(-14,)","(14,)","(-10.26,)","(-5.25,)","(17.88,)","(7.0,)","(34,)","(30,)","('null',)","(78,)","(44,)","(34,)","(65,)","(67,)"
"(31,)","(37,)","(78,)","(83,)","(30,)","(-29,)","(-14,)","(14,)","(-3.18,)","(6.73,)","(-13.52,)","(4.9,)","(31,)","(37,)","(78,)","(83,)","(41,)","(34,)","(68,)","(70,)"
"(54,)","(38,)","(78,)","(80,)","(30,)","(-30,)","(-14,)","(14,)","(23.41,)","(1.06,)","(0.0,)","(-3.33,)","('null',)","(38,)","(78,)","(80,)","(36,)","(35,)","(71,)","(73,)"
"(34,)","(37,)","(78,)","(81,)","(30,)","(-30,)","(-14,)","(14,)","(-20.23,)","(-1.06,)","(0.0,)","(1.63,)","(34,)","(37,)","(78,)","(81,)","(36,)","(35,)","(74,)","(76,)"
"(67,)","(39,)","(83,)","(78,)","(30,)","(-30,)","(-14,)","(14,)","(33.61,)","(2.18,)","(4.9,)","(-3.2,)","('null',)","(39,)","(83,)","(78,)","(35,)","(36,)","(78,)","(78,)"
"(34,)","(39,)","(80,)","(80,)","(30,)","(-30,)","(-14,)","(14,)","(-33.61,)","(0.0,)","(-3.33,)","(1.57,)","(34,)","(39,)","(80,)","(80,)","(33,)","(36,)","(79,)","(80,)"
"(102,)","(35,)","(74,)","(80,)","(30,)","(-30,)","(-14,)","(14,)","(68.38,)","(-3.66,)","(-5.93,)","(0.0,)","('null',)","(35,)","(74,)","(80,)","(33,)","(37,)","(78,)","(80,)"
"(41,)","(40,)","(95,)","(78,)","(30,)","(-30,)","(-14,)","(14,)","(-61.54,)","(4.85,)","(21.16,)","(-1.57,)","(41,)","(40,)","('null',)","(78,)","(36,)","(38,)","(78,)","(79,)"
"(52,)","(38,)","(97,)","(81,)","(30,)","(-30,)","(-14,)","(14,)","(11.26,)","(-2.31,)","(2.32,)","(3.2,)","('null',)","(38,)","(97,)","(81,)","(36,)","(38,)","(82,)","(79,)"
"(38,)","(37,)","(85,)","(70,)","(30,)","(-30,)","(-14,)","(14,)","(-14.19,)","(-0.54,)","(-12.45,)","(-11.46,)","(38,)","(37,)","(85,)","(70,)","(37,)","(38,)","(83,)","(77,)"
"(48,)","(42,)","(91,)","(87,)","(30,)","(-30,)","(-14,)","(14,)","(10.39,)","(4.77,)","(6.85,)","(17.26,)","('null',)","(42,)","(91,)","('null',)","(37,)","(38,)","(85,)","(77,)"
"(98,)","(32,)","(88,)","(83,)","(30,)","(-30,)","(-14,)","(14,)","(50.28,)","(-9.81,)","(-3.07,)","(-4.1,)","('null',)","(32,)","(88,)","(83,)","(39,)","(37,)","(87,)","(78,)"
"(36,)","(34,)","(97,)","(78,)","(30,)","(-30,)","(-14,)","(14,)","(-62.73,)","(1.67,)","(8.67,)","(-4.9,)","(36,)","(34,)","(97,)","(78,)","(38,)","(37,)","(91,)","(78,)"
"(43,)","(43,)","(86,)","(81,)","(30,)","(-30,)","(-14,)","(14,)","(7.68,)","(8.82,)","(-11.54,)","(3.2,)","(43,)","(43,)","(86,)","(81,)","(39,)","(37,)","(90,)","(78,)"
"(45,)","(44,)","(90,)","(86,)","(30,)","(-30,)","(-14,)","(14,)","(1.48,)","(1.43,)","(4.89,)","(5.32,)","(45,)","(44,)","(90,)","(86,)","(40,)","(38,)","(89,)","(79,)"
"(62,)","(47,)","(93,)","(90,)","(28,)","(-28,)","(-13,)","(14,)","(16.82,)","(3.17,)","(2.11,)","(3.44,)","('null',)","(47,)","(93,)","(90,)","(41,)","(40,)","(90,)","(83,)"
"(57,)","(43,)","(91,)","(86,)","(27,)","(-26,)","(-13,)","(14,)","(-4.04,)","(-4.61,)","(-1.07,)","(-3.44,)","(57,)","(43,)","(91,)","(86,)","(45,)","(40,)","(90,)","(84,)"
"(52,)","(44,)","(93,)","(91,)","(27,)","(-26,)","(-13,)","(14,)","(-5.68,)","(1.43,)","(1.07,)","(5.0,)","(52,)","(44,)","(93,)","(91,)","(46,)","(42,)","(91,)","(85,)"
"(46,)","(40,)","(87,)","(86,)","(27,)","(-26,)","(-13,)","(14,)","(-5.5,)","(-4.04,)","(-5.59,)","(-5.0,)","(46,)","(40,)","(87,)","(86,)","(48,)","(43,)","(90,)","(86,)"
"(67,)","(48,)","(86,)","(87,)","(21,)","(-21,)","(-11,)","(12,)","(21.01,)","(8.08,)","(-0.48,)","(0.48,)","('null',)","(48,)","(86,)","(87,)","(50,)","(44,)","(90,)","(87,)"
"(91,)","(43,)","(100,)","(115,)","(14,)","(-13,)","(-9,)","(9,)","(24.16,)","(-5.47,)","(13.04,)","(28.51,)","('null',)","(43,)","('null',)","('null',)","(51,)","(44,)","(90,)","(88,)"
"(48,)","(49,)","(93,)","(88,)","(14,)","(-13,)","(-9,)","(9,)","(-43.47,)","(6.37,)","(-6.43,)","(-27.05,)","(48,)","(49,)","(93,)","(88,)","(50,)","(44,)","(90,)","(87,)"
"(56,)","(51,)","(78,)","(83,)","(16,)","(-17,)","(-9,)","(10,)","(8.25,)","(1.9,)","(-15.14,)","(-5.56,)","(56,)","(51,)","(78,)","(83,)","(50,)","(45,)","(87,)","(87,)"
"(67,)","(102,)","(85,)","(75,)","(26,)","(-27,)","(-12,)","(13,)","(11.06,)","(51.28,)","(6.68,)","(-7.86,)","('null',)","('null',)","(85,)","(75,)","(50,)","(46,)","(85,)","(83,)"
"(55,)","(51,)","(86,)","(86,)","(35,)","(-35,)","(-15,)","(16,)","(-12.24,)","(-51.28,)","(1.85,)","(10.55,)","(55,)","(51,)","(86,)","('null',)","(53,)","(48,)","(85,)","(83,)"
"(45,)","(115,)","(81,)","(81,)","(34,)","(-34,)","(-15,)","(15,)","(-10.36,)","(64.66,)","(-5.32,)","(-4.39,)","(45,)","('null',)","(81,)","(81,)","(51,)","(48,)","(84,)","(81,)"
"(61,)","(37,)","(88,)","(86,)","(30,)","(-29,)","(-14,)","(14,)","(16.34,)","(-78.9,)","(7.26,)","(5.32,)","('null',)","(37,)","(88,)","(86,)","(51,)","(47,)","(85,)","(82,)"
"(43,)","(37,)","(90,)","(86,)","(22,)","(-21,)","(-11,)","(12,)","(-18.53,)","(0.0,)","(2.02,)","(0.0,)","(43,)","(37,)","(90,)","(86,)","(49,)","(44,)","(84,)","(82,)"
"(43,)","(54,)","(90,)","(87,)","(16,)","(-15,)","(-9,)","(10,)","(0.0,)","(17.76,)","(-0.51,)","(0.48,)","(43,)","('null',)","(90,)","(87,)","(46,)","(41,)","(86,)","(83,)"
"(97,)","(78,)","(85,)","(85,)","(22,)","(-20,)","(-11,)","(12,)","(54.55,)","(23.64,)","(-5.29,)","(-2.33,)","('null',)","('null',)","(85,)","(85,)","(46,)","(41,)","(86,)","(85,)"
"(53,)","(72,)","(85,)","(80,)","(30,)","(-29,)","(-14,)","(14,)","(-44.23,)","(-6.36,)","(0.0,)","(-5.11,)","(53,)","(72,)","(85,)","(80,)","(46,)","(48,)","(86,)","(84,)"
"(47,)","(50,)","(86,)","(76,)","(33,)","(-33,)","(-14,)","(14,)","(-5.71,)","(-21.76,)","(1.85,)","(-3.08,)","(47,)","(50,)","(86,)","(76,)","(46,)","(49,)","(87,)","(83,)"
"(47,)","(45,)","(88,)","(86,)","(31,)","(-31,)","(-14,)","(14,)","(0.0,)","(-5.12,)","(1.93,)","(10.03,)","(47,)","(45,)","(88,)","('null',)","(46,)","(51,)","(87,)","(82,)"
"(49,)","(44,)","(95,)","(93,)","(30,)","(-29,)","(-14,)","(14,)","(1.76,)","(-0.75,)","(6.35,)","(6.61,)","(49,)","(44,)","(95,)","(93,)","(47,)","(52,)","(88,)","(84,)"
"(44,)","(43,)","(95,)","(90,)","(30,)","(-29,)","(-14,)","(14,)","(-4.94,)","(-1.43,)","(0.0,)","(-2.66,)","(44,)","(43,)","(95,)","(90,)","(48,)","(50,)","(89,)","(84,)"
"(80,)","(44,)","(95,)","(83,)","(30,)","(-29,)","(-14,)","(14,)","(35.56,)","(1.43,)","(0.0,)","(-7.58,)","('null',)","(44,)","(95,)","(83,)","(48,)","(49,)","(90,)","(84,)"
"(53,)","(47,)","(90,)","(90,)","(30,)","(-29,)","(-14,)","(14,)","(-26.67,)","(3.17,)","(-4.33,)","(7.58,)","(53,)","(47,)","(90,)","(90,)","(48,)","(45,)","(91,)","(86,)"
"(53,)","(43,)","(90,)","(86,)","(30,)","(-29,)","(-14,)","(14,)","(0.0,)","(-4.61,)","(-0.51,)","(-3.95,)","(53,)","(43,)","(90,)","(86,)","(49,)","(44,)","(92,)","(88,)"
"(48,)","(45,)","(121,)","(91,)","(30,)","(-29,)","(-14,)","(14,)","(-4.85,)","(2.97,)","(30.82,)","(5.0,)","(48,)","(45,)","('null',)","(91,)","(49,)","(44,)","(93,)","(88,)"
"(43,)","(55,)","(90,)","(93,)","(25,)","(-24,)","(-13,)","(13,)","(-4.77,)","(9.58,)","(-30.3,)","(1.07,)","(43,)","(55,)","(90,)","(93,)","(48,)","(46,)","(92,)","(88,)"
"(49,)","(46,)","(95,)","(95,)","(18,)","(-18,)","(-11,)","(12,)","(5.67,)","(-8.77,)","(4.33,)","(2.21,)","(49,)","(46,)","(95,)","(95,)","(49,)","(46,)","(92,)","(89,)"
"(51,)","(49,)","(97,)","(96,)","(14,)","(-13,)","(-9,)","(10,)","(1.9,)","(2.6,)","(2.32,)","(1.73,)","(51,)","(49,)","(97,)","(96,)","(49,)","(47,)","(92,)","(91,)"
"(45,)","(46,)","(90,)","(97,)","(13,)","(-11,)","(-8,)","(9,)","(-6.08,)","(-2.6,)","(-7.17,)","(0.59,)","(45,)","(46,)","(90,)","(97,)","(48,)","(47,)","(92,)","(93,)"
"(56,)","(52,)","(86,)","(93,)","(10,)","(-9,)","(-7,)","(7,)","(11.54,)","(5.5,)","(-3.44,)","(-3.99,)","('null',)","(52,)","(86,)","(93,)","(47,)","(48,)","(91,)","(94,)"
"(55,)","(54,)","(85,)","(106,)","(9,)","(-8,)","(-7,)","(6,)","(-1.18,)","(2.13,)","(-1.85,)","(13.1,)","(55,)","(54,)","(85,)","('null',)","(48,)","(50,)","(90,)","(94,)"
"(54,)","(62,)","(80,)","(91,)","(3,)","(-2,)","(-3,)","(2,)","(-1.13,)","(8.08,)","(-5.11,)","(-14.71,)","(54,)","(62,)","(80,)","(91,)","(50,)","(51,)","(88,)","(94,)"
"(62,)","(57,)","(93,)","(86,)","(-2,)","(3,)","(2,)","(-2,)","(7.59,)","(-4.53,)","(13.02,)","(-5.0,)","(62,)","(57,)","('null',)","(86,)","(53,)","(53,)","(87,)","(92,)"
"(55,)","(55,)","(72,)","(85,)","(-2,)","(2,)","(2,)","(-2,)","(-6.46,)","(-2.42,)","(-20.3,)","(-1.85,)","(55,)","(55,)","(72,)","(85,)","(54,)","(54,)","(82,)","(90,)"
"(57,)","(56,)","(70,)","(83,)","(0,)","(0,)","(0,)","(0,)","(2.42,)","(1.18,)","(-2.55,)","(-1.77,)","(57,)","(56,)","(70,)","(83,)","(56,)","(56,)","(78,)","(87,)"
"(65,)","(67,)","(70,)","(70,)","(0,)","(-1,)","(0,)","(0,)","(7.07,)","(11.06,)","(0.0,)","(-13.16,)","(65,)","('null',)","(70,)","(70,)","(58,)","(56,)","(75,)","(83,)"
"(66,)","(62,)","(68,)","(81,)","(0,)","(0,)","(0,)","(0,)","(1.63,)","(-5.78,)","(-1.8,)","(11.46,)","(66,)","(62,)","(68,)","('null',)","(59,)","(58,)","(72,)","(83,)"
"(57,)","(65,)","(64,)","(90,)","(0,)","(0,)","(0,)","(0,)","(-8.7,)","(3.03,)","(-3.86,)","(8.76,)","(57,)","(65,)","(64,)","(90,)","(60,)","(59,)","(68,)","(82,)"
"(55,)","(54,)","(57,)","(76,)","(0,)","(0,)","(0,)","(0,)","(-2.42,)","(-10.62,)","(-6.55,)","(-13.47,)","(55,)","(54,)","(57,)","(76,)","(59,)","(58,)","(66,)","(80,)"
