"(0,)","(0,)","(0,)","(0,)","(0,)","(0,)","(0,)","(0,)","(0,)","(0,)","(0,)","(0,)","(0,)","(0,)","(0,)","(0,)","(0,)","(0,)","(0,)","(0,)"
"(0,)","(0,)","(0,)","(0,)","(0,)","(0,)","(0,)","(0,)","(0,)","(0,)","(0,)","(0,)","(0,)","(0,)","(0,)","(0,)","(0,)","(0,)","(0,)","(0,)"
"(0,)","(0,)","(0,)","(0,)","(0,)","(0,)","(0,)","(0,)","(0,)","(0,)","(0,)","(0,)","(0,)","(0,)","(0,)","(0,)","(0,)","(0,)","(0,)","(0,)"
"(0,)","(0,)","(0,)","(0,)","(0,)","(0,)","(0,)","(0,)","(0,)","(0,)","(0,)","(0,)","(0,)","(0,)","(0,)","(0,)","(0,)","(0,)","(0,)","(0,)"
"(0,)","(0,)","(0,)","(0,)","(0,)","(0,)","(0,)","(0,)","(0,)","(0,)","(0,)","(0,)","(0,)","(0,)","(0,)","(0,)","(0,)","(0,)","(0,)","(0,)"
"(0,)","(0,)","(0,)","(0,)","(0,)","(0,)","(0,)","(0,)","(0,)","(0,)","(0,)","(0,)","(0,)","(0,)","(0,)","(0,)","(0,)","(0,)","(0,)","(0,)"
"(0,)","(0,)","(0,)","(0,)","(0,)","(0,)","(0,)","(0,)","(0,)","(0,)","(0,)","(0,)","(0,)","(0,)","(0,)","(0,)","(0,)","(0,)","(0,)","(0,)"
"(0,)","(0,)","(0,)","(0,)","(0,)","(0,)","(0,)","(0,)","(0,)","(0,)","(0,)","(0,)","(0,)","(0,)","(0,)","(0,)","(0,)","(0,)","(0,)","(0,)"
"(0,)","(0,)","(0,)","(0,)","(0,)","(0,)","(0,)","(0,)","(0,)","(0,)","(0,)","(0,)","(0,)","(0,)","(0,)","(0,)","(0,)","(0,)","(0,)","(0,)"
"(0,)","(0,)","(0,)","(0,)","(0,)","(0,)","(0,)","(0,)","(0,)","(0,)","(0,)","(0,)","(0,)","(0,)","(0,)","(0,)","(0,)","(0,)","(0,)","(0,)"
"(0,)","(0,)","(0,)","(0,)","(0,)","(0,)","(0,)","(0,)","(0,)","(0,)","(0,)","(0,)","(0,)","(0,)","(0,)","(0,)","(0,)","(0,)","(0,)","(0,)"
"(0,)","(0,)","(0,)","(0,)","(0,)","(0,)","(0,)","(0,)","(0,)","(0,)","(0,)","(0,)","(0,)","(0,)","(0,)","(0,)","(0,)","(0,)","(0,)","(0,)"
"(0,)","(0,)","(0,)","(0,)","(0,)","(0,)","(0,)","(0,)","(0,)","(0,)","(0,)","(0,)","(0,)","(0,)","(0,)","(0,)","(0,)","(0,)","(0,)","(0,)"
"(0,)","(0,)","(0,)","(0,)","(0,)","(0,)","(0,)","(0,)","(0,)","(0,)","(0,)","(0,)","(0,)","(0,)","(0,)","(0,)","(0,)","(0,)","(0,)","(0,)"
"(0,)","(0,)","(0,)","(0,)","(0,)","(0,)","(0,)","(0,)","(0,)","(0,)","(0,)","(0,)","(0,)","(0,)","(0,)","(0,)","(0,)","(0,)","(0,)","(0,)"
"(0,)","(0,)","(0,)","(0,)","(0,)","(0,)","(0,)","(0,)","(0,)","(0,)","(0,)","(0,)","(0,)","(0,)","(0,)","(0,)","(0,)","(0,)","(0,)","(0,)"
"(0,)","(0,)","(0,)","(0,)","(0,)","(0,)","(0,)","(0,)","(0,)","(0,)","(0,)","(0,)","(0,)","(0,)","(0,)","(0,)","(0,)","(0,)","(0,)","(0,)"
"(0,)","(0,)","(0,)","(0,)","(0,)","(0,)","(0,)","(0,)","(0,)","(0,)","(0,)","(0,)","(0,)","(0,)","(0,)","(0,)","(0,)","(0,)","(0,)","(0,)"
"(0,)","(0,)","(0,)","(0,)","(0,)","(0,)","(0,)","(0,)","(0,)","(0,)","(0,)","(0,)","(0,)","(0,)","(0,)","(0,)","(0,)","(0,)","(0,)","(0,)"
"(0,)","(0,)","(0,)","(0,)","(0,)","(0,)","(0,)","(0,)","(0,)","(0,)","(0,)","(0,)","(0,)","(0,)","(0,)","(0,)","(0,)","(0,)","(0,)","(0,)"
"(0,)","(0,)","(0,)","(0,)","(0,)","(0,)","(0,)","(0,)","(0,)","(0,)","(0,)","(0,)","(0,)","(0,)","(0,)","(0,)","(0,)","(0,)","(0,)","(0,)"
"(0,)","(0,)","(0,)","(0,)","(0,)","(0,)","(0,)","(0,)","(0,)","(0,)","(0,)","(0,)","(0,)","(0,)","(0,)","(0,)","(0,)","(0,)","(0,)","(0,)"
"(0,)","(0,)","(0,)","(0,)","(0,)","(0,)","(0,)","(0,)","(0,)","(0,)","(0,)","(0,)","(0,)","(0,)","(0,)","(0,)","(0,)","(0,)","(0,)","(0,)"
"(0,)","(0,)","(0,)","(0,)","(0,)","(0,)","(0,)","(0,)","(0,)","(0,)","(0,)","(0,)","(0,)","(0,)","(0,)","(0,)","(0,)","(0,)","(0,)","(0,)"
"(0,)","(0,)","(0,)","(0,)","(0,)","(0,)","(0,)","(0,)","(0,)","(0,)","(0,)","(0,)","(0,)","(0,)","(0,)","(0,)","(0,)","(0,)","(0,)","(0,)"
"(0,)","(0,)","(0,)","(0,)","(0,)","(0,)","(0,)","(0,)","(0,)","(0,)","(0,)","(0,)","(0,)","(0,)","(0,)","(0,)","(0,)","(0,)","(0,)","(0,)"
"(0,)","(0,)","(1,)","(0,)","(0,)","(0,)","(1,)","(0,)","(0,)","(0,)","(0,)","(0,)","(0,)","(0,)","(1,)","(0,)","(0,)","(0,)","(0,)","(0,)"
"(0,)","(0,)","(25,)","(0,)","(0,)","(0,)","('null',)","(0,)","(0,)","(0,)","(0,)","(0,)","(0,)","(0,)","(1,)","(0,)","(0,)","(0,)","(1,)","(0,)"
"(0,)","(0,)","(25,)","(0,)","(0,)","(0,)","('null',)","(0,)","(0,)","(0,)","(0,)","(0,)","(0,)","(0,)","(1,)","(0,)","(0,)","(0,)","(2,)","(0,)"
"(0,)","(0,)","(0,)","(0,)","(0,)","(0,)","(0,)","(0,)","(0,)","(0,)","(0,)","(0,)","(0,)","(0,)","(0,)","(0,)","(0,)","(0,)","(0,)","(0,)"
"(0,)","(0,)","(0,)","(0,)","(0,)","(0,)","(0,)","(0,)","(0,)","(0,)","(0,)","(0,)","(0,)","(0,)","(0,)","(0,)","(0,)","(0,)","(0,)","(0,)"
"(0,)","(0,)","(0,)","(0,)","(0,)","(0,)","(0,)","(0,)","(0,)","(0,)","(0,)","(0,)","(0,)","(0,)","(0,)","(0,)","(0,)","(0,)","(0,)","(0,)"
"(0,)","(0,)","(0,)","(0,)","(0,)","(0,)","(0,)","(0,)","(0,)","(0,)","(0,)","(0,)","(0,)","(0,)","(0,)","(0,)","(0,)","(0,)","(0,)","(0,)"
"(0,)","(0,)","(0,)","(4,)","(0,)","(0,)","(0,)","(4,)","(0,)","(0,)","(0,)","(0,)","(0,)","(0,)","(0,)","(4,)","(0,)","(0,)","(0,)","(0,)"
"(0,)","(0,)","(0,)","(4,)","(0,)","(0,)","(0,)","(4,)","(0,)","(0,)","(0,)","(1,)","(0,)","(0,)","(0,)","(4,)","(0,)","(0,)","(0,)","(0,)"
"(13,)","(0,)","(0,)","(0,)","(13,)","(0,)","(0,)","(0,)","(2,)","(0,)","(0,)","(1,)","(13,)","(0,)","(0,)","(0,)","(0,)","(0,)","(0,)","(0,)"
"(13,)","(0,)","(3,)","(7,)","(13,)","(0,)","(3,)","(7,)","(4,)","(0,)","(0,)","(2,)","(13,)","(0,)","(3,)","(7,)","(0,)","(0,)","(0,)","(0,)"
"(13,)","(6,)","(3,)","(7,)","(13,)","(6,)","(3,)","(7,)","(6,)","(1,)","(1,)","(3,)","(13,)","(6,)","(3,)","(7,)","(0,)","(0,)","(0,)","(0,)"
"(13,)","(6,)","(11,)","(12,)","(13,)","(6,)","(11,)","(12,)","(8,)","(2,)","(2,)","(5,)","(13,)","(6,)","(11,)","(12,)","(0,)","(0,)","(0,)","(0,)"
"(13,)","(12,)","(11,)","(12,)","(13,)","(12,)","(11,)","(12,)","(10,)","(4,)","(4,)","(7,)","(13,)","(12,)","(11,)","(12,)","(0,)","(0,)","(0,)","(0,)"
"(16,)","(16,)","(15,)","(16,)","(16,)","(16,)","(15,)","(16,)","(13,)","(6,)","(7,)","(9,)","(16,)","(16,)","(15,)","(16,)","(0,)","(0,)","(0,)","(0,)"
"(43,)","(16,)","(19,)","(20,)","('null',)","(16,)","(19,)","(20,)","(13,)","(9,)","(10,)","(12,)","(16,)","(16,)","(19,)","(20,)","(1,)","(0,)","(0,)","(0,)"
"(43,)","(19,)","(22,)","(23,)","('null',)","(19,)","(22,)","(23,)","(13,)","(12,)","(13,)","(15,)","(16,)","(19,)","(22,)","(23,)","(2,)","(0,)","(0,)","(0,)"
"(23,)","(23,)","(24,)","(23,)","(23,)","(23,)","(24,)","(23,)","(16,)","(15,)","(17,)","(17,)","(23,)","(23,)","(24,)","(23,)","(0,)","(0,)","(0,)","(0,)"
"(32,)","(24,)","(27,)","(25,)","(32,)","(24,)","(27,)","(25,)","(21,)","(18,)","(19,)","(19,)","(32,)","(24,)","(27,)","(25,)","(0,)","(0,)","(0,)","(0,)"
"(32,)","(26,)","(28,)","(28,)","(32,)","(26,)","(28,)","(28,)","(25,)","(20,)","(22,)","(22,)","(32,)","(26,)","(28,)","(28,)","(0,)","(0,)","(0,)","(0,)"
"(29,)","(28,)","(28,)","(28,)","(29,)","(28,)","(28,)","(28,)","(29,)","(22,)","(24,)","(24,)","(29,)","(28,)","(28,)","(28,)","(0,)","(0,)","(0,)","(0,)"
"(30,)","(29,)","(31,)","(32,)","(30,)","(29,)","(31,)","(32,)","(29,)","(24,)","(26,)","(26,)","(30,)","(29,)","(31,)","(32,)","(0,)","(0,)","(0,)","(0,)"
"(33,)","(32,)","(32,)","(31,)","(33,)","(32,)","(32,)","(31,)","(29,)","(27,)","(28,)","(27,)","(33,)","(32,)","(32,)","(31,)","(0,)","(0,)","(0,)","(0,)"
"(31,)","(31,)","(34,)","(33,)","(31,)","(31,)","(34,)","(33,)","(31,)","(28,)","(30,)","(29,)","(31,)","(31,)","(34,)","(33,)","(0,)","(0,)","(0,)","(0,)"
"(35,)","(35,)","(34,)","(34,)","(35,)","(35,)","(34,)","(34,)","(31,)","(30,)","(31,)","(31,)","(35,)","(35,)","(34,)","(34,)","(0,)","(0,)","(0,)","(0,)"
"(33,)","(33,)","(36,)","(35,)","(33,)","(33,)","(36,)","(35,)","(31,)","(31,)","(32,)","(32,)","(33,)","(33,)","(36,)","(35,)","(0,)","(0,)","(0,)","(0,)"
"(37,)","(35,)","(34,)","(35,)","(37,)","(35,)","(34,)","(35,)","(33,)","(32,)","(33,)","(33,)","(37,)","(35,)","(34,)","(35,)","(0,)","(0,)","(0,)","(0,)"
"(35,)","(37,)","(39,)","(37,)","(35,)","(37,)","(39,)","(37,)","(34,)","(33,)","(34,)","(34,)","(35,)","(37,)","(39,)","(37,)","(0,)","(0,)","(0,)","(0,)"
"(36,)","(35,)","(36,)","(37,)","(36,)","(35,)","(36,)","(37,)","(34,)","(34,)","(35,)","(35,)","(36,)","(35,)","(36,)","(37,)","(0,)","(0,)","(0,)","(0,)"
"(66,)","(70,)","(74,)","(66,)","('null',)","('null',)","('null',)","('null',)","(35,)","(35,)","(35,)","(35,)","(36,)","(35,)","(36,)","(37,)","(1,)","(1,)","(1,)","(1,)"
"(40,)","(79,)","(58,)","(60,)","(40,)","('null',)","('null',)","('null',)","(36,)","(35,)","(36,)","(36,)","(40,)","(35,)","(36,)","(37,)","(0,)","(2,)","(2,)","(2,)"
"(37,)","(39,)","(93,)","(55,)","(37,)","(39,)","('null',)","(55,)","(37,)","(36,)","(36,)","(41,)","(37,)","(39,)","(36,)","(55,)","(0,)","(0,)","(3,)","(0,)"
"(37,)","(34,)","(93,)","(86,)","(37,)","(34,)","(93,)","('null',)","(37,)","(36,)","(56,)","(43,)","(37,)","(34,)","(93,)","(55,)","(0,)","(0,)","(0,)","(1,)"
"(34,)","(36,)","(36,)","(37,)","(34,)","(36,)","(36,)","(37,)","(36,)","(36,)","(55,)","(43,)","(34,)","(36,)","(36,)","(37,)","(0,)","(0,)","(0,)","(0,)"
"(34,)","(35,)","(36,)","(35,)","(34,)","(35,)","(36,)","(35,)","(36,)","(36,)","(55,)","(42,)","(34,)","(35,)","(36,)","(35,)","(0,)","(0,)","(0,)","(0,)"
"(37,)","(37,)","(38,)","(37,)","(37,)","(37,)","(38,)","(37,)","(36,)","(36,)","(50,)","(41,)","(37,)","(37,)","(38,)","(37,)","(0,)","(0,)","(0,)","(0,)"
"(38,)","(38,)","(37,)","(38,)","(38,)","(38,)","(37,)","(38,)","(36,)","(36,)","(48,)","(40,)","(38,)","(38,)","(37,)","(38,)","(0,)","(0,)","(0,)","(0,)"
"(39,)","(39,)","(41,)","(38,)","(39,)","(39,)","(41,)","(38,)","(36,)","(36,)","(46,)","(37,)","(39,)","(39,)","(41,)","(38,)","(0,)","(0,)","(0,)","(0,)"
"(37,)","(38,)","(39,)","(39,)","(37,)","(38,)","(39,)","(39,)","(36,)","(37,)","(37,)","(37,)","(37,)","(38,)","(39,)","(39,)","(0,)","(0,)","(0,)","(0,)"
"(41,)","(40,)","(40,)","(39,)","(41,)","(40,)","(40,)","(39,)","(37,)","(37,)","(38,)","(37,)","(41,)","(40,)","(40,)","(39,)","(0,)","(0,)","(0,)","(0,)"
"(37,)","(39,)","(41,)","(39,)","(37,)","(39,)","(41,)","(39,)","(38,)","(38,)","(39,)","(38,)","(37,)","(39,)","(41,)","(39,)","(0,)","(0,)","(0,)","(0,)"
"(41,)","(41,)","(41,)","(40,)","(41,)","(41,)","(41,)","(40,)","(38,)","(39,)","(39,)","(38,)","(41,)","(41,)","(41,)","(40,)","(0,)","(0,)","(0,)","(0,)"
"(38,)","(40,)","(40,)","(41,)","(38,)","(40,)","(40,)","(41,)","(38,)","(39,)","(40,)","(39,)","(38,)","(40,)","(40,)","(41,)","(0,)","(0,)","(0,)","(0,)"
"(41,)","(41,)","(43,)","(40,)","(41,)","(41,)","(43,)","(40,)","(39,)","(39,)","(40,)","(39,)","(41,)","(41,)","(43,)","(40,)","(0,)","(0,)","(0,)","(0,)"
"(40,)","(40,)","(41,)","(40,)","(40,)","(40,)","(41,)","(40,)","(39,)","(40,)","(41,)","(39,)","(40,)","(40,)","(41,)","(40,)","(0,)","(0,)","(0,)","(0,)"
"(43,)","(41,)","(43,)","(41,)","(43,)","(41,)","(43,)","(41,)","(40,)","(40,)","(41,)","(40,)","(43,)","(41,)","(43,)","(41,)","(0,)","(0,)","(0,)","(0,)"
"(61,)","(41,)","(42,)","(41,)","(61,)","(41,)","(42,)","(41,)","(44,)","(40,)","(41,)","(40,)","(61,)","(41,)","(42,)","(41,)","(0,)","(0,)","(0,)","(0,)"
"(41,)","(41,)","(41,)","(41,)","(41,)","(41,)","(41,)","(41,)","(44,)","(40,)","(41,)","(40,)","(41,)","(41,)","(41,)","(41,)","(0,)","(0,)","(0,)","(0,)"
"(40,)","(41,)","(43,)","(41,)","(40,)","(41,)","(43,)","(41,)","(44,)","(40,)","(42,)","(40,)","(40,)","(41,)","(43,)","(41,)","(0,)","(0,)","(0,)","(0,)"
"(43,)","(41,)","(42,)","(41,)","(43,)","(41,)","(42,)","(41,)","(44,)","(40,)","(42,)","(40,)","(43,)","(41,)","(42,)","(41,)","(0,)","(0,)","(0,)","(0,)"
"(41,)","(41,)","(41,)","(43,)","(41,)","(41,)","(41,)","(43,)","(44,)","(41,)","(42,)","(41,)","(41,)","(41,)","(41,)","(43,)","(0,)","(0,)","(0,)","(0,)"
"(65,)","(78,)","(88,)","(54,)","('null',)","('null',)","('null',)","(54,)","(45,)","(41,)","(41,)","(43,)","(41,)","(41,)","(41,)","(54,)","(1,)","(1,)","(1,)","(0,)"
"(66,)","(65,)","(41,)","(41,)","('null',)","('null',)","(41,)","(41,)","(41,)","(41,)","(41,)","(43,)","(41,)","(41,)","(41,)","(41,)","(2,)","(2,)","(0,)","(0,)"
"(37,)","(37,)","(43,)","(39,)","(37,)","(37,)","(43,)","(39,)","(40,)","(40,)","(42,)","(43,)","(37,)","(37,)","(43,)","(39,)","(0,)","(0,)","(0,)","(0,)"
"(40,)","(31,)","(40,)","(39,)","(40,)","(31,)","(40,)","(39,)","(40,)","(37,)","(41,)","(42,)","(40,)","(31,)","(40,)","(39,)","(0,)","(0,)","(0,)","(0,)"
"(37,)","(47,)","(37,)","(38,)","(37,)","(47,)","(37,)","(38,)","(38,)","(39,)","(40,)","(42,)","(37,)","(47,)","(37,)","(38,)","(0,)","(0,)","(0,)","(0,)"
"(63,)","(70,)","(54,)","(36,)","('null',)","('null',)","(54,)","(36,)","(38,)","(38,)","(43,)","(41,)","(37,)","(47,)","(54,)","(36,)","(1,)","(1,)","(0,)","(0,)"
"(36,)","(78,)","(36,)","(37,)","(36,)","('null',)","(36,)","(37,)","(37,)","(38,)","(41,)","(38,)","(36,)","(47,)","(36,)","(37,)","(0,)","(2,)","(0,)","(0,)"
"(34,)","(36,)","(66,)","(74,)","(34,)","(36,)","('null',)","('null',)","(36,)","(37,)","(42,)","(37,)","(34,)","(36,)","(36,)","(37,)","(0,)","(0,)","(1,)","(1,)"
"(41,)","(40,)","(36,)","(37,)","(41,)","(40,)","(36,)","(37,)","(37,)","(38,)","(40,)","(37,)","(41,)","(40,)","(36,)","(37,)","(0,)","(0,)","(0,)","(0,)"
"(39,)","(39,)","(37,)","(38,)","(39,)","(39,)","(37,)","(38,)","(37,)","(40,)","(40,)","(37,)","(39,)","(39,)","(37,)","(38,)","(0,)","(0,)","(0,)","(0,)"
"(41,)","(40,)","(39,)","(39,)","(41,)","(40,)","(39,)","(39,)","(38,)","(38,)","(40,)","(37,)","(41,)","(40,)","(39,)","(39,)","(0,)","(0,)","(0,)","(0,)"
"(37,)","(38,)","(41,)","(41,)","(37,)","(38,)","(41,)","(41,)","(38,)","(38,)","(37,)","(38,)","(37,)","(38,)","(41,)","(41,)","(0,)","(0,)","(0,)","(0,)"
"(42,)","(41,)","(39,)","(41,)","(42,)","(41,)","(39,)","(41,)","(39,)","(39,)","(38,)","(39,)","(42,)","(41,)","(39,)","(41,)","(0,)","(0,)","(0,)","(0,)"
"(70,)","(93,)","(81,)","(65,)","('null',)","('null',)","('null',)","('null',)","(40,)","(39,)","(38,)","(39,)","(42,)","(41,)","(39,)","(41,)","(1,)","(1,)","(1,)","(1,)"
"(42,)","(106,)","(37,)","(88,)","(42,)","('null',)","(37,)","('null',)","(40,)","(39,)","(38,)","(39,)","(42,)","(41,)","(37,)","(41,)","(0,)","(2,)","(0,)","(2,)"
"(39,)","(38,)","(37,)","(36,)","(39,)","(38,)","(37,)","(36,)","(40,)","(39,)","(38,)","(39,)","(39,)","(38,)","(37,)","(36,)","(0,)","(0,)","(0,)","(0,)"
"(57,)","(115,)","(53,)","(86,)","(57,)","('null',)","(53,)","('null',)","(43,)","(39,)","(41,)","(39,)","(57,)","(38,)","(53,)","(36,)","(0,)","(1,)","(0,)","(1,)"
"(35,)","(32,)","(59,)","(28,)","(35,)","(32,)","(59,)","(28,)","(43,)","(37,)","(45,)","(35,)","(35,)","(32,)","(59,)","(28,)","(0,)","(0,)","(0,)","(0,)"
"(31,)","(55,)","(26,)","(28,)","(31,)","('null',)","(26,)","(28,)","(40,)","(35,)","(42,)","(30,)","(31,)","(32,)","(26,)","(28,)","(0,)","(1,)","(0,)","(0,)"
"(28,)","(34,)","(26,)","(24,)","(28,)","(34,)","(26,)","(24,)","(38,)","(34,)","(39,)","(29,)","(28,)","(34,)","(26,)","(24,)","(0,)","(0,)","(0,)","(0,)"
"(24,)","(49,)","(21,)","(40,)","(24,)","(49,)","(21,)","(40,)","(35,)","(38,)","(37,)","(31,)","(24,)","(49,)","(21,)","(40,)","(0,)","(0,)","(0,)","(0,)"
"(23,)","(19,)","(16,)","(40,)","(23,)","(19,)","(16,)","(40,)","(33,)","(33,)","(33,)","(32,)","(23,)","(19,)","(16,)","(40,)","(0,)","(0,)","(0,)","(0,)"
"(21,)","(19,)","(16,)","(17,)","(21,)","(19,)","(16,)","(17,)","(27,)","(30,)","(27,)","(29,)","(21,)","(19,)","(16,)","(17,)","(0,)","(0,)","(0,)","(0,)"
"(21,)","(14,)","(14,)","(14,)","(21,)","(14,)","(14,)","(14,)","(24,)","(27,)","(19,)","(27,)","(21,)","(14,)","(14,)","(14,)","(0,)","(0,)","(0,)","(0,)"
"(12,)","(14,)","(14,)","(14,)","(12,)","(14,)","(14,)","(14,)","(21,)","(24,)","(17,)","(24,)","(12,)","(14,)","(14,)","(14,)","(0,)","(0,)","(0,)","(0,)"
"(12,)","(13,)","(13,)","(13,)","(12,)","(13,)","(13,)","(13,)","(18,)","(21,)","(15,)","(23,)","(12,)","(13,)","(13,)","(13,)","(0,)","(0,)","(0,)","(0,)"
"(21,)","(13,)","(13,)","(13,)","(21,)","(13,)","(13,)","(13,)","(18,)","(15,)","(14,)","(18,)","(21,)","(13,)","(13,)","(13,)","(0,)","(0,)","(0,)","(0,)"
"(22,)","(15,)","(16,)","(36,)","(22,)","(15,)","(16,)","('null',)","(18,)","(14,)","(14,)","(14,)","(22,)","(15,)","(16,)","(13,)","(0,)","(0,)","(0,)","(1,)"
"(27,)","(15,)","(16,)","(36,)","(27,)","(15,)","(16,)","('null',)","(19,)","(14,)","(14,)","(13,)","(27,)","(15,)","(16,)","(13,)","(0,)","(0,)","(0,)","(2,)"
"(27,)","(11,)","(13,)","(13,)","(27,)","(11,)","(13,)","(13,)","(20,)","(13,)","(14,)","(13,)","(27,)","(11,)","(13,)","(13,)","(0,)","(0,)","(0,)","(0,)"
"(0,)","(11,)","(13,)","(13,)","(0,)","(11,)","(13,)","(13,)","(18,)","(13,)","(14,)","(13,)","(0,)","(11,)","(13,)","(13,)","(0,)","(0,)","(0,)","(0,)"
"(17,)","(13,)","(14,)","(13,)","(17,)","(13,)","(14,)","(13,)","(19,)","(13,)","(14,)","(13,)","(17,)","(13,)","(14,)","(13,)","(0,)","(0,)","(0,)","(0,)"
"(17,)","(13,)","(14,)","(13,)","(17,)","(13,)","(14,)","(13,)","(18,)","(13,)","(14,)","(13,)","(17,)","(13,)","(14,)","(13,)","(0,)","(0,)","(0,)","(0,)"
"(17,)","(14,)","(14,)","(14,)","(17,)","(14,)","(14,)","(14,)","(17,)","(12,)","(14,)","(13,)","(17,)","(14,)","(14,)","(14,)","(0,)","(0,)","(0,)","(0,)"
"(16,)","(16,)","(16,)","(14,)","(16,)","(16,)","(16,)","(14,)","(15,)","(13,)","(14,)","(13,)","(16,)","(16,)","(16,)","(14,)","(0,)","(0,)","(0,)","(0,)"
"(16,)","(16,)","(16,)","(16,)","(16,)","(16,)","(16,)","(16,)","(13,)","(13,)","(14,)","(13,)","(16,)","(16,)","(16,)","(16,)","(0,)","(0,)","(0,)","(0,)"
"(37,)","(17,)","(16,)","(16,)","('null',)","(17,)","(16,)","(16,)","(16,)","(14,)","(15,)","(14,)","(16,)","(17,)","(16,)","(16,)","(1,)","(0,)","(0,)","(0,)"
"(37,)","(19,)","(19,)","(16,)","('null',)","(19,)","(19,)","(16,)","(16,)","(15,)","(15,)","(14,)","(16,)","(19,)","(19,)","(16,)","(2,)","(0,)","(0,)","(0,)"
"(20,)","(19,)","(19,)","(18,)","(20,)","(19,)","(19,)","(18,)","(17,)","(16,)","(16,)","(15,)","(20,)","(19,)","(19,)","(18,)","(0,)","(0,)","(0,)","(0,)"
"(20,)","(19,)","(19,)","(19,)","(20,)","(19,)","(19,)","(19,)","(18,)","(17,)","(17,)","(16,)","(20,)","(19,)","(19,)","(19,)","(0,)","(0,)","(0,)","(0,)"
"(26,)","(20,)","(20,)","(19,)","(26,)","(20,)","(20,)","(19,)","(20,)","(18,)","(18,)","(17,)","(26,)","(20,)","(20,)","(19,)","(0,)","(0,)","(0,)","(0,)"
"(26,)","(21,)","(21,)","(19,)","(26,)","(21,)","(21,)","(19,)","(23,)","(19,)","(19,)","(17,)","(26,)","(21,)","(21,)","(19,)","(0,)","(0,)","(0,)","(0,)"
"(22,)","(21,)","(21,)","(21,)","(22,)","(21,)","(21,)","(21,)","(22,)","(19,)","(19,)","(18,)","(22,)","(21,)","(21,)","(21,)","(0,)","(0,)","(0,)","(0,)"
"(21,)","(22,)","(22,)","(22,)","(21,)","(22,)","(22,)","(22,)","(22,)","(20,)","(20,)","(19,)","(21,)","(22,)","(22,)","(22,)","(0,)","(0,)","(0,)","(0,)"
"(45,)","(22,)","(23,)","(21,)","('null',)","(22,)","(23,)","(21,)","(23,)","(20,)","(21,)","(20,)","(21,)","(22,)","(23,)","(21,)","(1,)","(0,)","(0,)","(0,)"
"(24,)","(22,)","(23,)","(23,)","(24,)","(22,)","(23,)","(23,)","(23,)","(21,)","(21,)","(20,)","(24,)","(22,)","(23,)","(23,)","(0,)","(0,)","(0,)","(0,)"
"(24,)","(22,)","(22,)","(22,)","(24,)","(22,)","(22,)","(22,)","(23,)","(21,)","(22,)","(21,)","(24,)","(22,)","(22,)","(22,)","(0,)","(0,)","(0,)","(0,)"
"(31,)","(38,)","(29,)","(85,)","(31,)","(38,)","(29,)","('null',)","(24,)","(24,)","(23,)","(21,)","(31,)","(38,)","(29,)","(22,)","(0,)","(0,)","(0,)","(1,)"
"(31,)","(51,)","(23,)","(23,)","(31,)","(51,)","(23,)","(23,)","(26,)","(29,)","(23,)","(22,)","(31,)","(51,)","(23,)","(23,)","(0,)","(0,)","(0,)","(0,)"
"(29,)","(45,)","(39,)","(27,)","(29,)","(45,)","(39,)","(27,)","(27,)","(33,)","(26,)","(23,)","(29,)","(45,)","(39,)","(27,)","(0,)","(0,)","(0,)","(0,)"
"(44,)","(24,)","(23,)","(121,)","(44,)","(24,)","(23,)","('null',)","(30,)","(33,)","(26,)","(23,)","(44,)","(24,)","(23,)","(27,)","(0,)","(0,)","(0,)","(1,)"
"(41,)","(22,)","(22,)","(23,)","(41,)","(22,)","(22,)","(23,)","(33,)","(33,)","(26,)","(23,)","(41,)","(22,)","(22,)","(23,)","(0,)","(0,)","(0,)","(0,)"
"(24,)","(49,)","(23,)","(24,)","(24,)","('null',)","(23,)","(24,)","(33,)","(36,)","(26,)","(24,)","(24,)","(22,)","(23,)","(24,)","(0,)","(1,)","(0,)","(0,)"
"(22,)","(49,)","(24,)","(22,)","(22,)","('null',)","(24,)","(22,)","(31,)","(35,)","(25,)","(23,)","(22,)","(22,)","(24,)","(22,)","(0,)","(2,)","(0,)","(0,)"
"(45,)","(24,)","(23,)","(24,)","('null',)","(24,)","(23,)","(24,)","(32,)","(28,)","(25,)","(24,)","(22,)","(24,)","(23,)","(24,)","(1,)","(0,)","(0,)","(0,)"
"(25,)","(24,)","(26,)","(24,)","(25,)","(24,)","(26,)","(24,)","(31,)","(23,)","(23,)","(23,)","(25,)","(24,)","(26,)","(24,)","(0,)","(0,)","(0,)","(0,)"
"(23,)","(25,)","(26,)","(24,)","(23,)","(25,)","(26,)","(24,)","(27,)","(23,)","(24,)","(23,)","(23,)","(25,)","(26,)","(24,)","(0,)","(0,)","(0,)","(0,)"
"(55,)","(26,)","(24,)","(25,)","('null',)","(26,)","(24,)","(25,)","(23,)","(24,)","(24,)","(23,)","(23,)","(26,)","(24,)","(25,)","(1,)","(0,)","(0,)","(0,)"
"(26,)","(24,)","(24,)","(25,)","(26,)","(24,)","(24,)","(25,)","(24,)","(24,)","(24,)","(24,)","(26,)","(24,)","(24,)","(25,)","(0,)","(0,)","(0,)","(0,)"
"(24,)","(25,)","(27,)","(25,)","(24,)","(25,)","(27,)","(25,)","(24,)","(24,)","(25,)","(24,)","(24,)","(25,)","(27,)","(25,)","(0,)","(0,)","(0,)","(0,)"
"(47,)","(27,)","(25,)","(25,)","('null',)","(27,)","(25,)","(25,)","(24,)","(25,)","(25,)","(24,)","(24,)","(27,)","(25,)","(25,)","(1,)","(0,)","(0,)","(0,)"
"(51,)","(36,)","(44,)","(102,)","('null',)","(36,)","(44,)","('null',)","(24,)","(27,)","(28,)","(24,)","(24,)","(36,)","(44,)","(25,)","(2,)","(0,)","(0,)","(1,)"
"(27,)","(51,)","(148,)","(24,)","(27,)","(51,)","('null',)","(24,)","(25,)","(31,)","(28,)","(24,)","(27,)","(51,)","(44,)","(24,)","(0,)","(0,)","(1,)","(0,)"
"(88,)","(113,)","(23,)","(24,)","('null',)","('null',)","(23,)","(24,)","(25,)","(32,)","(28,)","(24,)","(27,)","(51,)","(23,)","(24,)","(1,)","(1,)","(0,)","(0,)"
"(86,)","(70,)","(21,)","(22,)","('null',)","(70,)","(21,)","(22,)","(25,)","(41,)","(28,)","(24,)","(27,)","(70,)","(21,)","(22,)","(2,)","(0,)","(0,)","(0,)"
"(50,)","(49,)","(90,)","(25,)","('null',)","(49,)","('null',)","(25,)","(27,)","(46,)","(28,)","(24,)","(27,)","(49,)","(21,)","(25,)","(3,)","(0,)","(1,)","(0,)"
"(47,)","(22,)","(22,)","(24,)","(47,)","(22,)","(22,)","(24,)","(37,)","(45,)","(27,)","(23,)","(47,)","(22,)","(22,)","(24,)","(0,)","(0,)","(0,)","(0,)"
"(21,)","(44,)","(24,)","(22,)","(21,)","('null',)","(24,)","(22,)","(31,)","(48,)","(22,)","(23,)","(21,)","(22,)","(24,)","(22,)","(0,)","(1,)","(0,)","(0,)"
"(21,)","(24,)","(24,)","(23,)","(21,)","(24,)","(24,)","(23,)","(29,)","(41,)","(22,)","(23,)","(21,)","(24,)","(24,)","(23,)","(0,)","(0,)","(0,)","(0,)"
"(54,)","(24,)","(23,)","(23,)","('null',)","(24,)","(23,)","(23,)","(29,)","(37,)","(22,)","(23,)","(21,)","(24,)","(23,)","(23,)","(1,)","(0,)","(0,)","(0,)"
"(63,)","(43,)","(78,)","(97,)","('null',)","(43,)","('null',)","('null',)","(29,)","(32,)","(23,)","(23,)","(21,)","(43,)","(23,)","(23,)","(2,)","(0,)","(1,)","(1,)"
"(111,)","(45,)","(111,)","(23,)","('null',)","(45,)","('null',)","(23,)","(29,)","(31,)","(23,)","(23,)","(21,)","(45,)","(23,)","(23,)","(3,)","(0,)","(2,)","(0,)"
"(19,)","(39,)","(24,)","(23,)","(19,)","(39,)","(24,)","(23,)","(20,)","(35,)","(23,)","(22,)","(19,)","(39,)","(24,)","(23,)","(0,)","(0,)","(0,)","(0,)"
"(40,)","(51,)","(20,)","(21,)","('null',)","(51,)","(20,)","(21,)","(20,)","(37,)","(22,)","(22,)","(19,)","(51,)","(20,)","(21,)","(1,)","(0,)","(0,)","(0,)"
"(40,)","(57,)","(39,)","(45,)","('null',)","(57,)","(39,)","('null',)","(19,)","(43,)","(26,)","(22,)","(19,)","(57,)","(39,)","(21,)","(2,)","(0,)","(0,)","(1,)"
"(18,)","(57,)","(39,)","(67,)","(18,)","(57,)","(39,)","('null',)","(18,)","(48,)","(30,)","(22,)","(18,)","(57,)","(39,)","(21,)","(0,)","(0,)","(0,)","(2,)"
"(18,)","(19,)","(18,)","(67,)","(18,)","(19,)","(18,)","('null',)","(18,)","(44,)","(28,)","(22,)","(18,)","(19,)","(18,)","(21,)","(0,)","(0,)","(0,)","(3,)"
"(43,)","(19,)","(18,)","(18,)","('null',)","(19,)","(18,)","(18,)","(18,)","(40,)","(26,)","(20,)","(18,)","(19,)","(18,)","(18,)","(1,)","(0,)","(0,)","(0,)"
"(43,)","(18,)","(18,)","(39,)","('null',)","(18,)","(18,)","('null',)","(18,)","(36,)","(25,)","(19,)","(18,)","(18,)","(18,)","(18,)","(2,)","(0,)","(0,)","(1,)"
"(18,)","(18,)","(18,)","(39,)","(18,)","(18,)","(18,)","('null',)","(18,)","(31,)","(25,)","(18,)","(18,)","(18,)","(18,)","(18,)","(0,)","(0,)","(0,)","(2,)"
"(18,)","(18,)","(19,)","(18,)","(18,)","(18,)","(19,)","(18,)","(18,)","(24,)","(21,)","(18,)","(18,)","(18,)","(19,)","(18,)","(0,)","(0,)","(0,)","(0,)"
"(25,)","(19,)","(18,)","(19,)","(25,)","(19,)","(18,)","(19,)","(19,)","(18,)","(18,)","(18,)","(25,)","(19,)","(18,)","(19,)","(0,)","(0,)","(0,)","(0,)"
"(25,)","(64,)","(18,)","(19,)","(25,)","('null',)","(18,)","(19,)","(21,)","(18,)","(18,)","(18,)","(25,)","(19,)","(18,)","(19,)","(0,)","(1,)","(0,)","(0,)"
"(19,)","(64,)","(20,)","(19,)","(19,)","('null',)","(20,)","(19,)","(21,)","(18,)","(18,)","(18,)","(19,)","(19,)","(20,)","(19,)","(0,)","(2,)","(0,)","(0,)"
"(19,)","(19,)","(20,)","(19,)","(19,)","(19,)","(20,)","(19,)","(20,)","(18,)","(18,)","(18,)","(19,)","(19,)","(20,)","(19,)","(0,)","(0,)","(0,)","(0,)"
"(26,)","(19,)","(20,)","(20,)","(26,)","(19,)","(20,)","(20,)","(22,)","(18,)","(19,)","(19,)","(26,)","(19,)","(20,)","(20,)","(0,)","(0,)","(0,)","(0,)"
"(26,)","(22,)","(21,)","(21,)","(26,)","(22,)","(21,)","(21,)","(23,)","(19,)","(19,)","(19,)","(26,)","(22,)","(21,)","(21,)","(0,)","(0,)","(0,)","(0,)"
"(23,)","(21,)","(22,)","(21,)","(23,)","(21,)","(22,)","(21,)","(23,)","(20,)","(20,)","(19,)","(23,)","(21,)","(22,)","(21,)","(0,)","(0,)","(0,)","(0,)"
"(20,)","(21,)","(22,)","(22,)","(20,)","(21,)","(22,)","(22,)","(22,)","(20,)","(20,)","(20,)","(20,)","(21,)","(22,)","(22,)","(0,)","(0,)","(0,)","(0,)"
"(45,)","(21,)","(22,)","(22,)","('null',)","(21,)","(22,)","(22,)","(22,)","(20,)","(21,)","(20,)","(20,)","(21,)","(22,)","(22,)","(1,)","(0,)","(0,)","(0,)"
"(22,)","(51,)","(22,)","(21,)","(22,)","('null',)","(22,)","(21,)","(23,)","(20,)","(21,)","(21,)","(22,)","(21,)","(22,)","(21,)","(0,)","(1,)","(0,)","(0,)"
"(22,)","(45,)","(22,)","(22,)","(22,)","('null',)","(22,)","(22,)","(22,)","(21,)","(21,)","(21,)","(22,)","(21,)","(22,)","(22,)","(0,)","(2,)","(0,)","(0,)"
"(31,)","(74,)","(22,)","(22,)","(31,)","('null',)","(22,)","(22,)","(23,)","(21,)","(22,)","(21,)","(31,)","(21,)","(22,)","(22,)","(0,)","(3,)","(0,)","(0,)"
"(31,)","(48,)","(22,)","(21,)","(31,)","(48,)","(22,)","(21,)","(25,)","(30,)","(22,)","(21,)","(31,)","(48,)","(22,)","(21,)","(0,)","(0,)","(0,)","(0,)"
"(22,)","(48,)","(22,)","(22,)","(22,)","(48,)","(22,)","(22,)","(25,)","(39,)","(22,)","(21,)","(22,)","(48,)","(22,)","(22,)","(0,)","(0,)","(0,)","(0,)"
"(21,)","(22,)","(22,)","(23,)","(21,)","(22,)","(22,)","(23,)","(24,)","(39,)","(22,)","(21,)","(21,)","(22,)","(22,)","(23,)","(0,)","(0,)","(0,)","(0,)"
"(47,)","(23,)","(23,)","(22,)","('null',)","(23,)","(23,)","(22,)","(25,)","(35,)","(22,)","(22,)","(21,)","(23,)","(23,)","(22,)","(1,)","(0,)","(0,)","(0,)"
"(24,)","(23,)","(24,)","(22,)","(24,)","(23,)","(24,)","(22,)","(25,)","(32,)","(22,)","(22,)","(24,)","(23,)","(24,)","(22,)","(0,)","(0,)","(0,)","(0,)"
"(24,)","(23,)","(22,)","(24,)","(24,)","(23,)","(22,)","(24,)","(24,)","(31,)","(22,)","(22,)","(24,)","(23,)","(22,)","(24,)","(0,)","(0,)","(0,)","(0,)"
"(29,)","(24,)","(24,)","(24,)","(29,)","(24,)","(24,)","(24,)","(24,)","(27,)","(22,)","(22,)","(29,)","(24,)","(24,)","(24,)","(0,)","(0,)","(0,)","(0,)"
"(29,)","(22,)","(24,)","(22,)","(29,)","(22,)","(24,)","(22,)","(25,)","(22,)","(23,)","(22,)","(29,)","(22,)","(24,)","(22,)","(0,)","(0,)","(0,)","(0,)"
"(25,)","(24,)","(23,)","(25,)","(25,)","(24,)","(23,)","(25,)","(26,)","(23,)","(23,)","(23,)","(25,)","(24,)","(23,)","(25,)","(0,)","(0,)","(0,)","(0,)"
"(31,)","(25,)","(24,)","(23,)","(31,)","(25,)","(24,)","(23,)","(27,)","(23,)","(23,)","(23,)","(31,)","(25,)","(24,)","(23,)","(0,)","(0,)","(0,)","(0,)"
"(45,)","(24,)","(24,)","(24,)","(45,)","(24,)","(24,)","(24,)","(30,)","(23,)","(23,)","(23,)","(45,)","(24,)","(24,)","(24,)","(0,)","(0,)","(0,)","(0,)"
"(57,)","(26,)","(26,)","(25,)","(57,)","(26,)","(26,)","(25,)","(36,)","(24,)","(24,)","(23,)","(57,)","(26,)","(26,)","(25,)","(0,)","(0,)","(0,)","(0,)"
"(34,)","(26,)","(24,)","(24,)","(34,)","(26,)","(24,)","(24,)","(36,)","(24,)","(24,)","(23,)","(34,)","(26,)","(24,)","(24,)","(0,)","(0,)","(0,)","(0,)"
"(34,)","(24,)","(24,)","(25,)","(34,)","(24,)","(24,)","(25,)","(37,)","(24,)","(24,)","(24,)","(34,)","(24,)","(24,)","(25,)","(0,)","(0,)","(0,)","(0,)"
"(57,)","(28,)","(26,)","(24,)","('null',)","(28,)","(26,)","(24,)","(40,)","(25,)","(24,)","(24,)","(34,)","(28,)","(26,)","(24,)","(1,)","(0,)","(0,)","(0,)"
"(34,)","(27,)","(24,)","(23,)","(34,)","(27,)","(24,)","(23,)","(40,)","(25,)","(24,)","(24,)","(34,)","(27,)","(24,)","(23,)","(0,)","(0,)","(0,)","(0,)"
"(34,)","(26,)","(25,)","(25,)","(34,)","(26,)","(25,)","(25,)","(38,)","(26,)","(24,)","(24,)","(34,)","(26,)","(25,)","(25,)","(0,)","(0,)","(0,)","(0,)"
"(27,)","(25,)","(27,)","(27,)","(27,)","(25,)","(27,)","(27,)","(32,)","(26,)","(25,)","(24,)","(27,)","(25,)","(27,)","(27,)","(0,)","(0,)","(0,)","(0,)"
"(44,)","(70,)","(54,)","(95,)","(44,)","('null',)","('null',)","('null',)","(34,)","(26,)","(25,)","(24,)","(44,)","(25,)","(27,)","(27,)","(0,)","(1,)","(1,)","(1,)"
"(28,)","(85,)","(24,)","(25,)","(28,)","('null',)","(24,)","(25,)","(33,)","(26,)","(25,)","(24,)","(28,)","(25,)","(24,)","(25,)","(0,)","(2,)","(0,)","(0,)"
"(27,)","(57,)","(24,)","(23,)","(27,)","('null',)","(24,)","(23,)","(32,)","(26,)","(24,)","(24,)","(27,)","(25,)","(24,)","(23,)","(0,)","(3,)","(0,)","(0,)"
"(70,)","(83,)","(24,)","(23,)","('null',)","(83,)","(24,)","(23,)","(32,)","(44,)","(24,)","(24,)","(27,)","(83,)","(24,)","(23,)","(1,)","(0,)","(0,)","(0,)"
"(27,)","(24,)","(22,)","(23,)","(27,)","(24,)","(22,)","(23,)","(30,)","(44,)","(24,)","(24,)","(27,)","(24,)","(22,)","(23,)","(0,)","(0,)","(0,)","(0,)"
"(26,)","(26,)","(23,)","(24,)","(26,)","(26,)","(23,)","(24,)","(30,)","(44,)","(23,)","(23,)","(26,)","(26,)","(23,)","(24,)","(0,)","(0,)","(0,)","(0,)"
"(49,)","(44,)","(42,)","(34,)","('null',)","(44,)","(42,)","(34,)","(27,)","(44,)","(26,)","(25,)","(26,)","(44,)","(42,)","(34,)","(1,)","(0,)","(0,)","(0,)"
"(28,)","(26,)","(49,)","(60,)","(28,)","(26,)","(49,)","('null',)","(27,)","(40,)","(30,)","(25,)","(28,)","(26,)","(49,)","(34,)","(0,)","(0,)","(0,)","(1,)"
"(41,)","(56,)","(22,)","(22,)","(41,)","('null',)","(22,)","(22,)","(30,)","(40,)","(30,)","(25,)","(41,)","(26,)","(22,)","(22,)","(0,)","(1,)","(0,)","(0,)"
"(41,)","(66,)","(21,)","(24,)","(41,)","('null',)","(21,)","(24,)","(32,)","(30,)","(29,)","(25,)","(41,)","(26,)","(21,)","(24,)","(0,)","(2,)","(0,)","(0,)"
"(26,)","(23,)","(21,)","(23,)","(26,)","(23,)","(21,)","(23,)","(32,)","(29,)","(29,)","(25,)","(26,)","(23,)","(21,)","(23,)","(0,)","(0,)","(0,)","(0,)"
"(34,)","(53,)","(21,)","(21,)","(34,)","('null',)","(21,)","(21,)","(34,)","(31,)","(29,)","(24,)","(34,)","(23,)","(21,)","(21,)","(0,)","(1,)","(0,)","(0,)"
"(34,)","(23,)","(22,)","(25,)","(34,)","(23,)","(22,)","(25,)","(34,)","(24,)","(26,)","(23,)","(34,)","(23,)","(22,)","(25,)","(0,)","(0,)","(0,)","(0,)"
"(24,)","(23,)","(23,)","(23,)","(24,)","(23,)","(23,)","(23,)","(33,)","(23,)","(21,)","(23,)","(24,)","(23,)","(23,)","(23,)","(0,)","(0,)","(0,)","(0,)"
"(44,)","(24,)","(25,)","(23,)","(44,)","(24,)","(25,)","(23,)","(33,)","(23,)","(22,)","(23,)","(44,)","(24,)","(25,)","(23,)","(0,)","(0,)","(0,)","(0,)"
"(47,)","(48,)","(25,)","(24,)","(47,)","('null',)","(25,)","(24,)","(34,)","(23,)","(22,)","(23,)","(47,)","(24,)","(25,)","(24,)","(0,)","(1,)","(0,)","(0,)"
"(65,)","(24,)","(24,)","(24,)","(65,)","(24,)","(24,)","(24,)","(41,)","(23,)","(23,)","(23,)","(65,)","(24,)","(24,)","(24,)","(0,)","(0,)","(0,)","(0,)"
"(43,)","(24,)","(26,)","(24,)","(43,)","(24,)","(26,)","(24,)","(42,)","(23,)","(24,)","(23,)","(43,)","(24,)","(26,)","(24,)","(0,)","(0,)","(0,)","(0,)"
"(47,)","(24,)","(48,)","(25,)","(47,)","(24,)","('null',)","(25,)","(45,)","(23,)","(24,)","(23,)","(47,)","(24,)","(26,)","(25,)","(0,)","(0,)","(1,)","(0,)"
"(26,)","(25,)","(25,)","(25,)","(26,)","(25,)","(25,)","(25,)","(45,)","(24,)","(25,)","(24,)","(26,)","(25,)","(25,)","(25,)","(0,)","(0,)","(0,)","(0,)"
"(74,)","(50,)","(38,)","(28,)","('null',)","('null',)","(38,)","(28,)","(45,)","(24,)","(27,)","(25,)","(26,)","(25,)","(38,)","(28,)","(1,)","(1,)","(0,)","(0,)"
"(49,)","(121,)","(24,)","(24,)","('null',)","('null',)","(24,)","(24,)","(45,)","(24,)","(27,)","(25,)","(26,)","(25,)","(24,)","(24,)","(2,)","(2,)","(0,)","(0,)"
"(49,)","(53,)","(23,)","(23,)","('null',)","('null',)","(23,)","(23,)","(38,)","(24,)","(27,)","(24,)","(26,)","(25,)","(23,)","(23,)","(3,)","(3,)","(0,)","(0,)"
"(22,)","(22,)","(23,)","(22,)","(22,)","(22,)","(23,)","(22,)","(31,)","(23,)","(26,)","(24,)","(22,)","(22,)","(23,)","(22,)","(0,)","(0,)","(0,)","(0,)"
"(62,)","(45,)","(23,)","(22,)","('null',)","('null',)","(23,)","(22,)","(24,)","(23,)","(26,)","(24,)","(22,)","(22,)","(23,)","(22,)","(1,)","(1,)","(0,)","(0,)"
"(45,)","(45,)","(22,)","(21,)","('null',)","('null',)","(22,)","(21,)","(22,)","(22,)","(25,)","(23,)","(22,)","(22,)","(22,)","(21,)","(2,)","(2,)","(0,)","(0,)"
"(31,)","(44,)","(22,)","(21,)","(31,)","('null',)","(22,)","(21,)","(26,)","(22,)","(22,)","(22,)","(31,)","(22,)","(22,)","(21,)","(0,)","(3,)","(0,)","(0,)"
"(40,)","(43,)","(22,)","(21,)","(40,)","(43,)","(22,)","(21,)","(31,)","(32,)","(22,)","(21,)","(40,)","(43,)","(22,)","(21,)","(0,)","(0,)","(0,)","(0,)"
"(40,)","(102,)","(22,)","(22,)","(40,)","('null',)","(22,)","(22,)","(33,)","(32,)","(22,)","(21,)","(40,)","(43,)","(22,)","(22,)","(0,)","(1,)","(0,)","(0,)"
"(40,)","(21,)","(34,)","(33,)","(40,)","(21,)","(34,)","(33,)","(37,)","(32,)","(24,)","(23,)","(40,)","(21,)","(34,)","(33,)","(0,)","(0,)","(0,)","(0,)"
"(25,)","(22,)","(21,)","(22,)","(25,)","(22,)","(21,)","(22,)","(35,)","(28,)","(23,)","(23,)","(25,)","(22,)","(21,)","(22,)","(0,)","(0,)","(0,)","(0,)"
"(25,)","(23,)","(22,)","(21,)","(25,)","(23,)","(22,)","(21,)","(33,)","(27,)","(23,)","(23,)","(25,)","(23,)","(22,)","(21,)","(0,)","(0,)","(0,)","(0,)"
"(43,)","(59,)","(50,)","(54,)","(43,)","('null',)","('null',)","('null',)","(35,)","(27,)","(24,)","(23,)","(43,)","(23,)","(22,)","(21,)","(0,)","(1,)","(1,)","(1,)"
"(43,)","(50,)","(50,)","(54,)","(43,)","('null',)","('null',)","('null',)","(36,)","(22,)","(24,)","(24,)","(43,)","(23,)","(22,)","(21,)","(0,)","(2,)","(2,)","(2,)"
"(36,)","(49,)","(23,)","(23,)","(36,)","('null',)","(23,)","(23,)","(35,)","(22,)","(25,)","(24,)","(36,)","(23,)","(23,)","(23,)","(0,)","(3,)","(0,)","(0,)"
"(53,)","(26,)","(46,)","(45,)","(53,)","(26,)","('null',)","('null',)","(37,)","(23,)","(22,)","(22,)","(53,)","(26,)","(23,)","(23,)","(0,)","(0,)","(1,)","(1,)"
"(53,)","(26,)","(21,)","(21,)","(53,)","(26,)","(21,)","(21,)","(42,)","(25,)","(22,)","(21,)","(53,)","(26,)","(21,)","(21,)","(0,)","(0,)","(0,)","(0,)"
"(22,)","(21,)","(22,)","(24,)","(22,)","(21,)","(22,)","(24,)","(41,)","(24,)","(22,)","(22,)","(22,)","(21,)","(22,)","(24,)","(0,)","(0,)","(0,)","(0,)"
"(42,)","(20,)","(23,)","(24,)","(42,)","(20,)","(23,)","(24,)","(41,)","(23,)","(22,)","(23,)","(42,)","(20,)","(23,)","(24,)","(0,)","(0,)","(0,)","(0,)"
"(41,)","(50,)","(21,)","(22,)","(41,)","('null',)","(21,)","(22,)","(41,)","(23,)","(22,)","(22,)","(41,)","(20,)","(21,)","(22,)","(0,)","(1,)","(0,)","(0,)"
"(74,)","(45,)","(21,)","(22,)","('null',)","('null',)","(21,)","(22,)","(42,)","(23,)","(21,)","(22,)","(41,)","(20,)","(21,)","(22,)","(1,)","(2,)","(0,)","(0,)"
"(25,)","(54,)","(21,)","(19,)","(25,)","('null',)","(21,)","(19,)","(36,)","(22,)","(21,)","(22,)","(25,)","(20,)","(21,)","(19,)","(0,)","(3,)","(0,)","(0,)"
"(51,)","(46,)","(38,)","(41,)","('null',)","(46,)","(38,)","('null',)","(32,)","(29,)","(24,)","(22,)","(25,)","(46,)","(38,)","(19,)","(1,)","(0,)","(0,)","(1,)"
"(52,)","(71,)","(19,)","(19,)","('null',)","('null',)","(19,)","(19,)","(36,)","(33,)","(23,)","(21,)","(25,)","(46,)","(19,)","(19,)","(2,)","(1,)","(0,)","(0,)"
"(50,)","(44,)","(19,)","(19,)","('null',)","(44,)","(19,)","(19,)","(33,)","(45,)","(23,)","(20,)","(25,)","(44,)","(19,)","(19,)","(3,)","(0,)","(0,)","(0,)"
"(53,)","(46,)","(16,)","(18,)","(53,)","(46,)","(16,)","(18,)","(39,)","(45,)","(22,)","(19,)","(53,)","(46,)","(16,)","(18,)","(0,)","(0,)","(0,)","(0,)"
"(23,)","(43,)","(16,)","(18,)","(23,)","(43,)","(16,)","(18,)","(33,)","(44,)","(21,)","(18,)","(23,)","(43,)","(16,)","(18,)","(0,)","(0,)","(0,)","(0,)"
"(23,)","(19,)","(16,)","(18,)","(23,)","(19,)","(16,)","(18,)","(33,)","(39,)","(20,)","(18,)","(23,)","(19,)","(16,)","(18,)","(0,)","(0,)","(0,)","(0,)"
"(27,)","(19,)","(21,)","(18,)","(27,)","(19,)","(21,)","(18,)","(31,)","(34,)","(17,)","(18,)","(27,)","(19,)","(21,)","(18,)","(0,)","(0,)","(0,)","(0,)"
"(27,)","(20,)","(19,)","(20,)","(27,)","(20,)","(19,)","(20,)","(30,)","(31,)","(17,)","(18,)","(27,)","(20,)","(19,)","(20,)","(0,)","(0,)","(0,)","(0,)"
"(20,)","(22,)","(21,)","(21,)","(20,)","(22,)","(21,)","(21,)","(28,)","(28,)","(18,)","(18,)","(20,)","(22,)","(21,)","(21,)","(0,)","(0,)","(0,)","(0,)"
"(19,)","(20,)","(23,)","(21,)","(19,)","(20,)","(23,)","(21,)","(23,)","(23,)","(19,)","(19,)","(19,)","(20,)","(23,)","(21,)","(0,)","(0,)","(0,)","(0,)"
"(51,)","(23,)","(23,)","(22,)","('null',)","(23,)","(23,)","(22,)","(23,)","(20,)","(20,)","(20,)","(19,)","(23,)","(23,)","(22,)","(1,)","(0,)","(0,)","(0,)"
"(40,)","(40,)","(28,)","(36,)","('null',)","(40,)","(28,)","(36,)","(23,)","(24,)","(22,)","(23,)","(19,)","(40,)","(28,)","(36,)","(2,)","(0,)","(0,)","(0,)"
"(40,)","(21,)","(57,)","(60,)","('null',)","(21,)","('null',)","('null',)","(22,)","(24,)","(22,)","(24,)","(19,)","(21,)","(28,)","(36,)","(3,)","(0,)","(1,)","(1,)"
"(29,)","(21,)","(25,)","(22,)","(29,)","(21,)","(25,)","(22,)","(22,)","(24,)","(24,)","(24,)","(29,)","(21,)","(25,)","(22,)","(0,)","(0,)","(0,)","(0,)"
"(29,)","(24,)","(22,)","(24,)","(29,)","(24,)","(22,)","(24,)","(25,)","(24,)","(24,)","(25,)","(29,)","(24,)","(22,)","(24,)","(0,)","(0,)","(0,)","(0,)"
"(23,)","(24,)","(23,)","(23,)","(23,)","(24,)","(23,)","(23,)","(27,)","(25,)","(24,)","(25,)","(23,)","(24,)","(23,)","(23,)","(0,)","(0,)","(0,)","(0,)"
"(46,)","(23,)","(26,)","(23,)","('null',)","(23,)","(26,)","(23,)","(27,)","(25,)","(24,)","(25,)","(23,)","(23,)","(26,)","(23,)","(1,)","(0,)","(0,)","(0,)"
"(51,)","(24,)","(23,)","(24,)","('null',)","(24,)","(23,)","(24,)","(27,)","(22,)","(23,)","(23,)","(23,)","(24,)","(23,)","(24,)","(2,)","(0,)","(0,)","(0,)"
"(25,)","(25,)","(25,)","(24,)","(25,)","(25,)","(25,)","(24,)","(26,)","(23,)","(24,)","(23,)","(25,)","(25,)","(25,)","(24,)","(0,)","(0,)","(0,)","(0,)"
"(23,)","(24,)","(26,)","(25,)","(23,)","(24,)","(26,)","(25,)","(25,)","(24,)","(24,)","(23,)","(23,)","(24,)","(26,)","(25,)","(0,)","(0,)","(0,)","(0,)"
"(53,)","(26,)","(25,)","(25,)","('null',)","(26,)","(25,)","(25,)","(23,)","(24,)","(24,)","(24,)","(23,)","(26,)","(25,)","(25,)","(1,)","(0,)","(0,)","(0,)"
"(25,)","(25,)","(26,)","(23,)","(25,)","(25,)","(26,)","(23,)","(24,)","(24,)","(25,)","(24,)","(25,)","(25,)","(26,)","(23,)","(0,)","(0,)","(0,)","(0,)"
"(22,)","(24,)","(25,)","(26,)","(22,)","(24,)","(25,)","(26,)","(23,)","(24,)","(25,)","(24,)","(22,)","(24,)","(25,)","(26,)","(0,)","(0,)","(0,)","(0,)"
"(53,)","(52,)","(25,)","(24,)","('null',)","('null',)","(25,)","(24,)","(23,)","(24,)","(25,)","(24,)","(22,)","(24,)","(25,)","(24,)","(1,)","(1,)","(0,)","(0,)"
"(24,)","(49,)","(25,)","(24,)","(24,)","('null',)","(25,)","(24,)","(23,)","(24,)","(25,)","(24,)","(24,)","(24,)","(25,)","(24,)","(0,)","(2,)","(0,)","(0,)"
"(68,)","(47,)","(95,)","(24,)","('null',)","('null',)","('null',)","(24,)","(23,)","(25,)","(25,)","(24,)","(24,)","(24,)","(25,)","(24,)","(1,)","(3,)","(1,)","(0,)"
"(65,)","(78,)","(25,)","(25,)","('null',)","(78,)","(25,)","(25,)","(23,)","(42,)","(25,)","(24,)","(24,)","(78,)","(25,)","(25,)","(2,)","(0,)","(0,)","(0,)"
"(65,)","(49,)","(22,)","(22,)","('null',)","(49,)","(22,)","(22,)","(23,)","(50,)","(24,)","(24,)","(24,)","(49,)","(22,)","(22,)","(3,)","(0,)","(0,)","(0,)"
"(21,)","(49,)","(24,)","(22,)","(21,)","(49,)","(24,)","(22,)","(22,)","(58,)","(24,)","(23,)","(21,)","(49,)","(24,)","(22,)","(0,)","(0,)","(0,)","(0,)"
"(70,)","(60,)","(24,)","(22,)","('null',)","(60,)","(24,)","(22,)","(22,)","(59,)","(24,)","(23,)","(21,)","(60,)","(24,)","(22,)","(1,)","(0,)","(0,)","(0,)"
"(41,)","(47,)","(21,)","(22,)","(41,)","(47,)","(21,)","(22,)","(31,)","(56,)","(23,)","(22,)","(41,)","(47,)","(21,)","(22,)","(0,)","(0,)","(0,)","(0,)"
"(41,)","(102,)","(22,)","(20,)","(41,)","('null',)","(22,)","(20,)","(34,)","(56,)","(23,)","(22,)","(41,)","(47,)","(22,)","(20,)","(0,)","(1,)","(0,)","(0,)"
"(39,)","(19,)","(45,)","(20,)","(39,)","(19,)","('null',)","(20,)","(35,)","(44,)","(22,)","(21,)","(39,)","(19,)","(22,)","(20,)","(0,)","(0,)","(1,)","(0,)"
"(56,)","(59,)","(60,)","(29,)","(56,)","('null',)","('null',)","(29,)","(39,)","(43,)","(22,)","(22,)","(56,)","(19,)","(22,)","(29,)","(0,)","(1,)","(2,)","(0,)"
"(55,)","(76,)","(21,)","(86,)","(55,)","('null',)","(21,)","('null',)","(46,)","(42,)","(22,)","(22,)","(55,)","(19,)","(21,)","(29,)","(0,)","(2,)","(0,)","(1,)"
"(53,)","(61,)","(21,)","(20,)","(53,)","('null',)","(21,)","(20,)","(47,)","(33,)","(21,)","(22,)","(53,)","(19,)","(21,)","(20,)","(0,)","(3,)","(0,)","(0,)"
"(90,)","(65,)","(21,)","(18,)","('null',)","(65,)","(21,)","(18,)","(48,)","(42,)","(21,)","(21,)","(53,)","(65,)","(21,)","(18,)","(1,)","(0,)","(0,)","(0,)"
"(49,)","(111,)","(53,)","(18,)","(49,)","('null',)","('null',)","(18,)","(50,)","(42,)","(21,)","(21,)","(49,)","(65,)","(21,)","(18,)","(0,)","(1,)","(1,)","(0,)"
"(49,)","(22,)","(22,)","(20,)","(49,)","(22,)","(22,)","(20,)","(52,)","(43,)","(21,)","(21,)","(49,)","(22,)","(22,)","(20,)","(0,)","(0,)","(0,)","(0,)"
"(21,)","(20,)","(23,)","(23,)","(21,)","(20,)","(23,)","(23,)","(45,)","(35,)","(21,)","(19,)","(21,)","(20,)","(23,)","(23,)","(0,)","(0,)","(0,)","(0,)"
"(31,)","(21,)","(22,)","(25,)","(31,)","(21,)","(22,)","(25,)","(40,)","(32,)","(21,)","(20,)","(31,)","(21,)","(22,)","(25,)","(0,)","(0,)","(0,)","(0,)"
"(31,)","(60,)","(54,)","(56,)","(31,)","('null',)","('null',)","('null',)","(36,)","(32,)","(22,)","(20,)","(31,)","(21,)","(22,)","(25,)","(0,)","(1,)","(1,)","(1,)"
"(27,)","(55,)","(148,)","(20,)","(27,)","('null',)","('null',)","(20,)","(34,)","(21,)","(22,)","(21,)","(27,)","(21,)","(22,)","(20,)","(0,)","(2,)","(2,)","(0,)"
"(55,)","(88,)","(21,)","(21,)","('null',)","('null',)","(21,)","(21,)","(31,)","(21,)","(22,)","(21,)","(27,)","(21,)","(21,)","(21,)","(1,)","(3,)","(0,)","(0,)"
"(55,)","(78,)","(20,)","(21,)","('null',)","(78,)","(20,)","(21,)","(27,)","(39,)","(21,)","(22,)","(27,)","(78,)","(20,)","(21,)","(2,)","(0,)","(0,)","(0,)"
"(30,)","(88,)","(19,)","(21,)","(30,)","(88,)","(19,)","(21,)","(29,)","(62,)","(20,)","(21,)","(30,)","(88,)","(19,)","(21,)","(0,)","(0,)","(0,)","(0,)"
"(36,)","(57,)","(19,)","(19,)","(36,)","(57,)","(19,)","(19,)","(31,)","(74,)","(19,)","(20,)","(36,)","(57,)","(19,)","(19,)","(0,)","(0,)","(0,)","(0,)"
"(36,)","(57,)","(22,)","(45,)","(36,)","(57,)","(22,)","('null',)","(32,)","(70,)","(20,)","(20,)","(36,)","(57,)","(22,)","(19,)","(0,)","(0,)","(0,)","(1,)"
"(24,)","(21,)","(59,)","(45,)","(24,)","(21,)","('null',)","('null',)","(31,)","(60,)","(20,)","(20,)","(24,)","(21,)","(22,)","(19,)","(0,)","(0,)","(1,)","(2,)"
"(37,)","(19,)","(22,)","(20,)","(37,)","(19,)","(22,)","(20,)","(32,)","(53,)","(20,)","(20,)","(37,)","(19,)","(22,)","(20,)","(0,)","(0,)","(0,)","(0,)"
"(44,)","(21,)","(22,)","(20,)","(44,)","(21,)","(22,)","(20,)","(34,)","(43,)","(20,)","(20,)","(44,)","(21,)","(22,)","(20,)","(0,)","(0,)","(0,)","(0,)"
"(22,)","(22,)","(21,)","(22,)","(22,)","(22,)","(21,)","(22,)","(33,)","(32,)","(21,)","(20,)","(22,)","(22,)","(21,)","(22,)","(0,)","(0,)","(0,)","(0,)"
"(22,)","(22,)","(22,)","(22,)","(22,)","(22,)","(22,)","(22,)","(30,)","(27,)","(21,)","(21,)","(22,)","(22,)","(22,)","(22,)","(0,)","(0,)","(0,)","(0,)"
"(32,)","(26,)","(35,)","(59,)","(32,)","(26,)","(35,)","('null',)","(30,)","(21,)","(24,)","(21,)","(32,)","(26,)","(35,)","(22,)","(0,)","(0,)","(0,)","(1,)"
"(32,)","(222,)","(55,)","(24,)","(32,)","('null',)","(55,)","(24,)","(31,)","(22,)","(29,)","(21,)","(32,)","(26,)","(55,)","(24,)","(0,)","(1,)","(0,)","(0,)"
"(28,)","(26,)","(43,)","(24,)","(28,)","(26,)","(43,)","(24,)","(30,)","(23,)","(33,)","(22,)","(28,)","(26,)","(43,)","(24,)","(0,)","(0,)","(0,)","(0,)"
"(37,)","(27,)","(19,)","(22,)","(37,)","(27,)","(19,)","(22,)","(28,)","(24,)","(32,)","(22,)","(37,)","(27,)","(19,)","(22,)","(0,)","(0,)","(0,)","(0,)"
"(24,)","(24,)","(19,)","(28,)","(24,)","(24,)","(19,)","(28,)","(29,)","(25,)","(32,)","(24,)","(24,)","(24,)","(19,)","(28,)","(0,)","(0,)","(0,)","(0,)"
"(24,)","(22,)","(21,)","(22,)","(24,)","(22,)","(21,)","(22,)","(29,)","(25,)","(32,)","(24,)","(24,)","(22,)","(21,)","(22,)","(0,)","(0,)","(0,)","(0,)"
"(27,)","(21,)","(23,)","(21,)","(27,)","(21,)","(23,)","(21,)","(28,)","(24,)","(30,)","(23,)","(27,)","(21,)","(23,)","(21,)","(0,)","(0,)","(0,)","(0,)"
"(27,)","(25,)","(47,)","(23,)","(27,)","(25,)","('null',)","(23,)","(27,)","(24,)","(25,)","(23,)","(27,)","(25,)","(23,)","(23,)","(0,)","(0,)","(1,)","(0,)"
"(24,)","(25,)","(25,)","(23,)","(24,)","(25,)","(25,)","(23,)","(27,)","(24,)","(21,)","(23,)","(24,)","(25,)","(25,)","(23,)","(0,)","(0,)","(0,)","(0,)"
"(24,)","(25,)","(24,)","(23,)","(24,)","(25,)","(24,)","(23,)","(25,)","(23,)","(22,)","(23,)","(24,)","(25,)","(24,)","(23,)","(0,)","(0,)","(0,)","(0,)"
"(44,)","(25,)","(25,)","(24,)","(44,)","(25,)","(25,)","(24,)","(28,)","(23,)","(23,)","(22,)","(44,)","(25,)","(25,)","(24,)","(0,)","(0,)","(0,)","(0,)"
"(25,)","(26,)","(26,)","(24,)","(25,)","(26,)","(26,)","(24,)","(28,)","(24,)","(24,)","(23,)","(25,)","(26,)","(26,)","(24,)","(0,)","(0,)","(0,)","(0,)"
"(25,)","(25,)","(25,)","(25,)","(25,)","(25,)","(25,)","(25,)","(28,)","(25,)","(25,)","(23,)","(25,)","(25,)","(25,)","(25,)","(0,)","(0,)","(0,)","(0,)"
"(45,)","(26,)","(25,)","(26,)","(45,)","(26,)","(25,)","(26,)","(31,)","(25,)","(25,)","(24,)","(45,)","(26,)","(25,)","(26,)","(0,)","(0,)","(0,)","(0,)"
"(27,)","(26,)","(27,)","(25,)","(27,)","(26,)","(27,)","(25,)","(31,)","(25,)","(25,)","(24,)","(27,)","(26,)","(27,)","(25,)","(0,)","(0,)","(0,)","(0,)"
"(25,)","(26,)","(26,)","(26,)","(25,)","(26,)","(26,)","(26,)","(31,)","(25,)","(25,)","(25,)","(25,)","(26,)","(26,)","(26,)","(0,)","(0,)","(0,)","(0,)"
"(45,)","(27,)","(26,)","(26,)","(45,)","(27,)","(26,)","(26,)","(32,)","(26,)","(25,)","(25,)","(45,)","(27,)","(26,)","(26,)","(0,)","(0,)","(0,)","(0,)"
"(27,)","(27,)","(55,)","(26,)","(27,)","(27,)","('null',)","(26,)","(32,)","(26,)","(25,)","(25,)","(27,)","(27,)","(26,)","(26,)","(0,)","(0,)","(1,)","(0,)"
"(73,)","(28,)","(26,)","(25,)","('null',)","(28,)","(26,)","(25,)","(33,)","(26,)","(26,)","(25,)","(27,)","(28,)","(26,)","(25,)","(1,)","(0,)","(0,)","(0,)"
"(73,)","(27,)","(25,)","(25,)","('null',)","(27,)","(25,)","(25,)","(31,)","(26,)","(26,)","(25,)","(27,)","(27,)","(25,)","(25,)","(2,)","(0,)","(0,)","(0,)"
"(31,)","(26,)","(52,)","(26,)","(31,)","(26,)","('null',)","(26,)","(32,)","(26,)","(25,)","(25,)","(31,)","(26,)","(25,)","(26,)","(0,)","(0,)","(1,)","(0,)"
"(33,)","(26,)","(26,)","(26,)","(33,)","(26,)","(26,)","(26,)","(34,)","(26,)","(25,)","(25,)","(33,)","(26,)","(26,)","(26,)","(0,)","(0,)","(0,)","(0,)"
"(33,)","(27,)","(27,)","(25,)","(33,)","(27,)","(27,)","(25,)","(31,)","(26,)","(26,)","(25,)","(33,)","(27,)","(27,)","(25,)","(0,)","(0,)","(0,)","(0,)"
"(33,)","(27,)","(27,)","(27,)","(33,)","(27,)","(27,)","(27,)","(32,)","(26,)","(26,)","(25,)","(33,)","(27,)","(27,)","(27,)","(0,)","(0,)","(0,)","(0,)"
"(56,)","(27,)","(27,)","(26,)","('null',)","(27,)","(27,)","(26,)","(32,)","(26,)","(26,)","(25,)","(33,)","(27,)","(27,)","(26,)","(1,)","(0,)","(0,)","(0,)"
"(28,)","(27,)","(27,)","(26,)","(28,)","(27,)","(27,)","(26,)","(31,)","(26,)","(26,)","(26,)","(28,)","(27,)","(27,)","(26,)","(0,)","(0,)","(0,)","(0,)"
"(25,)","(27,)","(28,)","(26,)","(25,)","(27,)","(28,)","(26,)","(30,)","(26,)","(27,)","(26,)","(25,)","(27,)","(28,)","(26,)","(0,)","(0,)","(0,)","(0,)"
"(49,)","(27,)","(26,)","(26,)","('null',)","(27,)","(26,)","(26,)","(29,)","(27,)","(27,)","(26,)","(25,)","(27,)","(26,)","(26,)","(1,)","(0,)","(0,)","(0,)"
"(27,)","(27,)","(27,)","(27,)","(27,)","(27,)","(27,)","(27,)","(28,)","(27,)","(27,)","(26,)","(27,)","(27,)","(27,)","(27,)","(0,)","(0,)","(0,)","(0,)"
"(47,)","(37,)","(30,)","(68,)","(47,)","(37,)","(30,)","('null',)","(31,)","(28,)","(27,)","(26,)","(47,)","(37,)","(30,)","(27,)","(0,)","(0,)","(0,)","(1,)"
"(55,)","(222,)","(26,)","(26,)","(55,)","('null',)","(26,)","(26,)","(36,)","(29,)","(27,)","(26,)","(55,)","(37,)","(26,)","(26,)","(0,)","(1,)","(0,)","(0,)"
"(51,)","(30,)","(27,)","(25,)","(51,)","(30,)","(27,)","(25,)","(41,)","(29,)","(27,)","(26,)","(51,)","(30,)","(27,)","(25,)","(0,)","(0,)","(0,)","(0,)"
"(33,)","(78,)","(27,)","(26,)","(33,)","('null',)","(27,)","(26,)","(42,)","(30,)","(27,)","(26,)","(33,)","(30,)","(27,)","(26,)","(0,)","(1,)","(0,)","(0,)"
"(63,)","(25,)","(24,)","(25,)","('null',)","(25,)","(24,)","(25,)","(42,)","(29,)","(26,)","(25,)","(33,)","(25,)","(24,)","(25,)","(1,)","(0,)","(0,)","(0,)"
"(63,)","(80,)","(23,)","(25,)","('null',)","('null',)","(23,)","(25,)","(46,)","(30,)","(26,)","(25,)","(33,)","(25,)","(23,)","(25,)","(2,)","(1,)","(0,)","(0,)"
"(28,)","(24,)","(21,)","(23,)","(28,)","(24,)","(21,)","(23,)","(41,)","(26,)","(24,)","(25,)","(28,)","(24,)","(21,)","(23,)","(0,)","(0,)","(0,)","(0,)"
"(65,)","(70,)","(21,)","(22,)","('null',)","('null',)","(21,)","(22,)","(37,)","(26,)","(23,)","(24,)","(28,)","(24,)","(21,)","(22,)","(1,)","(1,)","(0,)","(0,)"
"(65,)","(78,)","(21,)","(42,)","('null',)","('null',)","(21,)","(42,)","(30,)","(24,)","(22,)","(27,)","(28,)","(24,)","(21,)","(42,)","(2,)","(2,)","(0,)","(0,)"
"(43,)","(22,)","(39,)","(59,)","(43,)","(22,)","(39,)","(59,)","(35,)","(23,)","(24,)","(32,)","(43,)","(22,)","(39,)","(59,)","(0,)","(0,)","(0,)","(0,)"
"(22,)","(22,)","(53,)","(22,)","(22,)","(22,)","(53,)","(22,)","(31,)","(22,)","(29,)","(32,)","(22,)","(22,)","(53,)","(22,)","(0,)","(0,)","(0,)","(0,)"
"(51,)","(28,)","(22,)","(22,)","('null',)","(28,)","(22,)","(22,)","(31,)","(24,)","(29,)","(31,)","(22,)","(28,)","(22,)","(22,)","(1,)","(0,)","(0,)","(0,)"
"(25,)","(70,)","(22,)","(20,)","(25,)","('null',)","(22,)","(20,)","(30,)","(24,)","(29,)","(31,)","(25,)","(28,)","(22,)","(20,)","(0,)","(1,)","(0,)","(0,)"
"(23,)","(23,)","(21,)","(20,)","(23,)","(23,)","(21,)","(20,)","(28,)","(23,)","(29,)","(30,)","(23,)","(23,)","(21,)","(20,)","(0,)","(0,)","(0,)","(0,)"
"(53,)","(21,)","(23,)","(24,)","('null',)","(21,)","(23,)","(24,)","(28,)","(23,)","(30,)","(27,)","(23,)","(21,)","(23,)","(24,)","(1,)","(0,)","(0,)","(0,)"
"(25,)","(47,)","(23,)","(23,)","(25,)","('null',)","(23,)","(23,)","(23,)","(23,)","(27,)","(21,)","(25,)","(21,)","(23,)","(23,)","(0,)","(1,)","(0,)","(0,)"
"(25,)","(24,)","(22,)","(22,)","(25,)","(24,)","(22,)","(22,)","(24,)","(24,)","(22,)","(21,)","(25,)","(24,)","(22,)","(22,)","(0,)","(0,)","(0,)","(0,)"
"(33,)","(23,)","(24,)","(24,)","(33,)","(23,)","(24,)","(24,)","(26,)","(22,)","(22,)","(22,)","(33,)","(23,)","(24,)","(24,)","(0,)","(0,)","(0,)","(0,)"
"(26,)","(50,)","(24,)","(23,)","(26,)","('null',)","(24,)","(23,)","(26,)","(22,)","(22,)","(22,)","(26,)","(23,)","(24,)","(23,)","(0,)","(1,)","(0,)","(0,)"
"(26,)","(25,)","(23,)","(24,)","(26,)","(25,)","(23,)","(24,)","(27,)","(23,)","(23,)","(23,)","(26,)","(25,)","(23,)","(24,)","(0,)","(0,)","(0,)","(0,)"
"(34,)","(24,)","(25,)","(24,)","(34,)","(24,)","(25,)","(24,)","(28,)","(24,)","(23,)","(23,)","(34,)","(24,)","(25,)","(24,)","(0,)","(0,)","(0,)","(0,)"
"(25,)","(24,)","(24,)","(25,)","(25,)","(24,)","(24,)","(25,)","(28,)","(24,)","(23,)","(23,)","(25,)","(24,)","(24,)","(25,)","(0,)","(0,)","(0,)","(0,)"
"(25,)","(26,)","(24,)","(23,)","(25,)","(26,)","(24,)","(23,)","(28,)","(24,)","(24,)","(23,)","(25,)","(26,)","(24,)","(23,)","(0,)","(0,)","(0,)","(0,)"
"(34,)","(23,)","(26,)","(25,)","(34,)","(23,)","(26,)","(25,)","(28,)","(24,)","(24,)","(24,)","(34,)","(23,)","(26,)","(25,)","(0,)","(0,)","(0,)","(0,)"
"(26,)","(26,)","(24,)","(25,)","(26,)","(26,)","(24,)","(25,)","(28,)","(24,)","(24,)","(24,)","(26,)","(26,)","(24,)","(25,)","(0,)","(0,)","(0,)","(0,)"
"(26,)","(26,)","(24,)","(24,)","(26,)","(26,)","(24,)","(24,)","(28,)","(24,)","(24,)","(24,)","(26,)","(26,)","(24,)","(24,)","(0,)","(0,)","(0,)","(0,)"
"(45,)","(26,)","(26,)","(25,)","(45,)","(26,)","(26,)","(25,)","(30,)","(25,)","(24,)","(24,)","(45,)","(26,)","(26,)","(25,)","(0,)","(0,)","(0,)","(0,)"
"(26,)","(23,)","(23,)","(25,)","(26,)","(23,)","(23,)","(25,)","(30,)","(25,)","(24,)","(24,)","(26,)","(23,)","(23,)","(25,)","(0,)","(0,)","(0,)","(0,)"
"(26,)","(26,)","(24,)","(24,)","(26,)","(26,)","(24,)","(24,)","(30,)","(25,)","(24,)","(24,)","(26,)","(26,)","(24,)","(24,)","(0,)","(0,)","(0,)","(0,)"
"(83,)","(40,)","(49,)","(38,)","('null',)","(40,)","('null',)","(38,)","(29,)","(27,)","(24,)","(26,)","(26,)","(40,)","(24,)","(38,)","(1,)","(0,)","(1,)","(0,)"
"(31,)","(59,)","(48,)","(51,)","(31,)","(59,)","('null',)","(51,)","(30,)","(33,)","(24,)","(31,)","(31,)","(59,)","(24,)","(51,)","(0,)","(0,)","(2,)","(0,)"
"(26,)","(80,)","(21,)","(23,)","(26,)","('null',)","(21,)","(23,)","(30,)","(34,)","(23,)","(31,)","(26,)","(59,)","(21,)","(23,)","(0,)","(1,)","(0,)","(0,)"
"(57,)","(80,)","(21,)","(19,)","('null',)","('null',)","(21,)","(19,)","(27,)","(37,)","(22,)","(30,)","(26,)","(59,)","(21,)","(19,)","(1,)","(2,)","(0,)","(0,)"
"(28,)","(78,)","(20,)","(19,)","(28,)","(78,)","(20,)","(19,)","(27,)","(50,)","(21,)","(29,)","(28,)","(78,)","(20,)","(19,)","(0,)","(0,)","(0,)","(0,)"
"(51,)","(75,)","(18,)","(20,)","('null',)","(75,)","(18,)","(20,)","(28,)","(63,)","(20,)","(28,)","(28,)","(75,)","(18,)","(20,)","(1,)","(0,)","(0,)","(0,)"
"(55,)","(88,)","(18,)","(21,)","('null',)","(88,)","(18,)","(21,)","(28,)","(75,)","(19,)","(25,)","(28,)","(88,)","(18,)","(21,)","(2,)","(0,)","(0,)","(0,)"
"(25,)","(20,)","(18,)","(44,)","(25,)","(20,)","(18,)","('null',)","(26,)","(65,)","(19,)","(20,)","(25,)","(20,)","(18,)","(21,)","(0,)","(0,)","(0,)","(1,)"
"(19,)","(21,)","(21,)","(21,)","(19,)","(21,)","(21,)","(21,)","(24,)","(56,)","(19,)","(20,)","(19,)","(21,)","(21,)","(21,)","(0,)","(0,)","(0,)","(0,)"
"(49,)","(44,)","(23,)","(21,)","('null',)","('null',)","(23,)","(21,)","(24,)","(56,)","(19,)","(20,)","(19,)","(21,)","(23,)","(21,)","(1,)","(1,)","(0,)","(0,)"
"(49,)","(44,)","(22,)","(22,)","('null',)","('null',)","(22,)","(22,)","(22,)","(51,)","(20,)","(21,)","(19,)","(21,)","(22,)","(22,)","(2,)","(2,)","(0,)","(0,)"
"(24,)","(22,)","(23,)","(21,)","(24,)","(22,)","(23,)","(21,)","(22,)","(37,)","(20,)","(21,)","(24,)","(22,)","(23,)","(21,)","(0,)","(0,)","(0,)","(0,)"
"(32,)","(24,)","(24,)","(24,)","(32,)","(24,)","(24,)","(24,)","(25,)","(21,)","(21,)","(21,)","(32,)","(24,)","(24,)","(24,)","(0,)","(0,)","(0,)","(0,)"
"(32,)","(24,)","(24,)","(24,)","(32,)","(24,)","(24,)","(24,)","(26,)","(22,)","(22,)","(22,)","(32,)","(24,)","(24,)","(24,)","(0,)","(0,)","(0,)","(0,)"
"(26,)","(24,)","(24,)","(24,)","(26,)","(24,)","(24,)","(24,)","(28,)","(23,)","(23,)","(22,)","(26,)","(24,)","(24,)","(24,)","(0,)","(0,)","(0,)","(0,)"
"(32,)","(25,)","(25,)","(25,)","(32,)","(25,)","(25,)","(25,)","(29,)","(23,)","(23,)","(23,)","(32,)","(25,)","(25,)","(25,)","(0,)","(0,)","(0,)","(0,)"
"(32,)","(25,)","(24,)","(24,)","(32,)","(25,)","(24,)","(24,)","(29,)","(24,)","(24,)","(23,)","(32,)","(25,)","(24,)","(24,)","(0,)","(0,)","(0,)","(0,)"
"(26,)","(25,)","(26,)","(24,)","(26,)","(25,)","(26,)","(24,)","(30,)","(24,)","(24,)","(24,)","(26,)","(25,)","(26,)","(24,)","(0,)","(0,)","(0,)","(0,)"
"(41,)","(44,)","(111,)","(76,)","(41,)","(44,)","('null',)","('null',)","(31,)","(27,)","(24,)","(24,)","(41,)","(44,)","(26,)","(24,)","(0,)","(0,)","(1,)","(1,)"
"(41,)","(48,)","(25,)","(24,)","(41,)","(48,)","(25,)","(24,)","(33,)","(31,)","(24,)","(24,)","(41,)","(48,)","(25,)","(24,)","(0,)","(0,)","(0,)","(0,)"
"(25,)","(22,)","(25,)","(24,)","(25,)","(22,)","(25,)","(24,)","(32,)","(31,)","(25,)","(24,)","(25,)","(22,)","(25,)","(24,)","(0,)","(0,)","(0,)","(0,)"
"(71,)","(21,)","(23,)","(22,)","('null',)","(21,)","(23,)","(22,)","(33,)","(30,)","(24,)","(23,)","(25,)","(21,)","(23,)","(22,)","(1,)","(0,)","(0,)","(0,)"
"(53,)","(53,)","(22,)","(22,)","('null',)","('null',)","(22,)","(22,)","(33,)","(32,)","(24,)","(23,)","(25,)","(21,)","(22,)","(22,)","(2,)","(1,)","(0,)","(0,)"
"(23,)","(266,)","(21,)","(21,)","(23,)","('null',)","(21,)","(21,)","(32,)","(33,)","(23,)","(22,)","(23,)","(21,)","(21,)","(21,)","(0,)","(2,)","(0,)","(0,)"
"(55,)","(21,)","(43,)","(41,)","('null',)","(21,)","('null',)","(41,)","(29,)","(28,)","(23,)","(25,)","(23,)","(21,)","(21,)","(41,)","(1,)","(0,)","(1,)","(0,)"
"(47,)","(21,)","(21,)","(43,)","('null',)","(21,)","(21,)","(43,)","(24,)","(21,)","(22,)","(28,)","(23,)","(21,)","(21,)","(43,)","(2,)","(0,)","(0,)","(0,)"
"(47,)","(23,)","(21,)","(43,)","('null',)","(23,)","(21,)","(43,)","(23,)","(21,)","(21,)","(32,)","(23,)","(23,)","(21,)","(43,)","(3,)","(0,)","(0,)","(0,)"
"(25,)","(22,)","(22,)","(20,)","(25,)","(22,)","(22,)","(20,)","(24,)","(21,)","(21,)","(31,)","(25,)","(22,)","(22,)","(20,)","(0,)","(0,)","(0,)","(0,)"
"(32,)","(23,)","(21,)","(20,)","(32,)","(23,)","(21,)","(20,)","(26,)","(22,)","(21,)","(31,)","(32,)","(23,)","(21,)","(20,)","(0,)","(0,)","(0,)","(0,)"
"(32,)","(24,)","(22,)","(22,)","(32,)","(24,)","(22,)","(22,)","(29,)","(22,)","(21,)","(31,)","(32,)","(24,)","(22,)","(22,)","(0,)","(0,)","(0,)","(0,)"
"(28,)","(38,)","(44,)","(45,)","(28,)","(38,)","('null',)","('null',)","(29,)","(25,)","(21,)","(29,)","(28,)","(38,)","(22,)","(22,)","(0,)","(0,)","(1,)","(1,)"
"(35,)","(45,)","(43,)","(23,)","(35,)","(45,)","('null',)","(23,)","(30,)","(29,)","(21,)","(25,)","(35,)","(45,)","(22,)","(23,)","(0,)","(0,)","(2,)","(0,)"
"(35,)","(78,)","(22,)","(21,)","(35,)","('null',)","(22,)","(21,)","(31,)","(30,)","(21,)","(21,)","(35,)","(45,)","(22,)","(21,)","(0,)","(1,)","(0,)","(0,)"
"(28,)","(27,)","(22,)","(21,)","(28,)","(27,)","(22,)","(21,)","(31,)","(31,)","(21,)","(21,)","(28,)","(27,)","(22,)","(21,)","(0,)","(0,)","(0,)","(0,)"
"(33,)","(23,)","(20,)","(21,)","(33,)","(23,)","(20,)","(21,)","(31,)","(31,)","(21,)","(21,)","(33,)","(23,)","(20,)","(21,)","(0,)","(0,)","(0,)","(0,)"
"(33,)","(23,)","(21,)","(20,)","(33,)","(23,)","(21,)","(20,)","(32,)","(31,)","(21,)","(21,)","(33,)","(23,)","(21,)","(20,)","(0,)","(0,)","(0,)","(0,)"
"(23,)","(21,)","(24,)","(25,)","(23,)","(21,)","(24,)","(25,)","(31,)","(27,)","(21,)","(21,)","(23,)","(21,)","(24,)","(25,)","(0,)","(0,)","(0,)","(0,)"
"(31,)","(23,)","(22,)","(22,)","(31,)","(23,)","(22,)","(22,)","(30,)","(23,)","(21,)","(21,)","(31,)","(23,)","(22,)","(22,)","(0,)","(0,)","(0,)","(0,)"
"(31,)","(52,)","(23,)","(22,)","(31,)","('null',)","(23,)","(22,)","(29,)","(23,)","(22,)","(21,)","(31,)","(23,)","(23,)","(22,)","(0,)","(1,)","(0,)","(0,)"
"(23,)","(24,)","(25,)","(26,)","(23,)","(24,)","(25,)","(26,)","(29,)","(22,)","(22,)","(22,)","(23,)","(24,)","(25,)","(26,)","(0,)","(0,)","(0,)","(0,)"
"(23,)","(24,)","(23,)","(23,)","(23,)","(24,)","(23,)","(23,)","(27,)","(23,)","(23,)","(23,)","(23,)","(24,)","(23,)","(23,)","(0,)","(0,)","(0,)","(0,)"
"(49,)","(24,)","(24,)","(23,)","('null',)","(24,)","(24,)","(23,)","(26,)","(23,)","(23,)","(23,)","(23,)","(24,)","(24,)","(23,)","(1,)","(0,)","(0,)","(0,)"
"(25,)","(25,)","(24,)","(25,)","(25,)","(25,)","(24,)","(25,)","(26,)","(24,)","(23,)","(23,)","(25,)","(25,)","(24,)","(25,)","(0,)","(0,)","(0,)","(0,)"
"(50,)","(25,)","(24,)","(25,)","('null',)","(25,)","(24,)","(25,)","(25,)","(24,)","(23,)","(24,)","(25,)","(25,)","(24,)","(25,)","(1,)","(0,)","(0,)","(0,)"
"(43,)","(25,)","(23,)","(23,)","(43,)","(25,)","(23,)","(23,)","(28,)","(24,)","(23,)","(24,)","(43,)","(25,)","(23,)","(23,)","(0,)","(0,)","(0,)","(0,)"
"(25,)","(266,)","(26,)","(25,)","(25,)","('null',)","(26,)","(25,)","(29,)","(24,)","(24,)","(24,)","(25,)","(25,)","(26,)","(25,)","(0,)","(1,)","(0,)","(0,)"
"(25,)","(25,)","(24,)","(24,)","(25,)","(25,)","(24,)","(24,)","(29,)","(24,)","(24,)","(24,)","(25,)","(25,)","(24,)","(24,)","(0,)","(0,)","(0,)","(0,)"
"(55,)","(24,)","(25,)","(25,)","('null',)","(24,)","(25,)","(25,)","(29,)","(24,)","(24,)","(24,)","(25,)","(24,)","(25,)","(25,)","(1,)","(0,)","(0,)","(0,)"
"(27,)","(27,)","(27,)","(25,)","(27,)","(27,)","(27,)","(25,)","(30,)","(25,)","(24,)","(24,)","(27,)","(27,)","(27,)","(25,)","(0,)","(0,)","(0,)","(0,)"
"(25,)","(27,)","(25,)","(26,)","(25,)","(27,)","(25,)","(26,)","(29,)","(25,)","(25,)","(24,)","(25,)","(27,)","(25,)","(26,)","(0,)","(0,)","(0,)","(0,)"
"(83,)","(26,)","(26,)","(26,)","('null',)","(26,)","(26,)","(26,)","(25,)","(25,)","(25,)","(25,)","(25,)","(26,)","(26,)","(26,)","(1,)","(0,)","(0,)","(0,)"
"(27,)","(27,)","(27,)","(26,)","(27,)","(27,)","(27,)","(26,)","(26,)","(26,)","(25,)","(25,)","(27,)","(27,)","(27,)","(26,)","(0,)","(0,)","(0,)","(0,)"
"(36,)","(27,)","(26,)","(27,)","(36,)","(27,)","(26,)","(27,)","(28,)","(26,)","(26,)","(25,)","(36,)","(27,)","(26,)","(27,)","(0,)","(0,)","(0,)","(0,)"
"(76,)","(55,)","(37,)","(36,)","('null',)","('null',)","(37,)","(36,)","(28,)","(26,)","(28,)","(27,)","(36,)","(27,)","(37,)","(36,)","(1,)","(1,)","(0,)","(0,)"
"(83,)","(53,)","(66,)","(55,)","('null',)","('null',)","('null',)","(55,)","(29,)","(26,)","(28,)","(32,)","(36,)","(27,)","(37,)","(55,)","(2,)","(2,)","(1,)","(0,)"
"(47,)","(76,)","(26,)","(26,)","(47,)","('null',)","(26,)","(26,)","(36,)","(26,)","(28,)","(32,)","(47,)","(27,)","(26,)","(26,)","(0,)","(3,)","(0,)","(0,)"
"(47,)","(100,)","(26,)","(26,)","(47,)","(100,)","(26,)","(26,)","(39,)","(51,)","(28,)","(32,)","(47,)","(100,)","(26,)","(26,)","(0,)","(0,)","(0,)","(0,)"
"(39,)","(44,)","(33,)","(34,)","(39,)","(44,)","(33,)","(34,)","(42,)","(57,)","(29,)","(34,)","(39,)","(44,)","(33,)","(34,)","(0,)","(0,)","(0,)","(0,)"
"(27,)","(74,)","(108,)","(121,)","(27,)","('null',)","('null',)","('null',)","(40,)","(72,)","(30,)","(35,)","(27,)","(44,)","(33,)","(34,)","(0,)","(1,)","(1,)","(1,)"
"(51,)","(49,)","(78,)","(22,)","('null',)","(49,)","('null',)","(22,)","(40,)","(64,)","(28,)","(32,)","(27,)","(49,)","(33,)","(22,)","(1,)","(0,)","(2,)","(0,)"
