"(0,)","(0,)","(36,)","(0,)","(0.0,)","(0.0,)","(0.0,)","(0.0,)","(0,)","(0,)","(36,)","(0,)","(0,)","(0,)","(36,)","(0,)","(0,)","(0,)","(36,)","(0,)","(0,)","(0,)","(0,)","(0,)"
"(0,)","(0,)","(36,)","(0,)","(0.0,)","(0.0,)","(0.0,)","(0.0,)","(0,)","(0,)","(36,)","(0,)","(0,)","(0,)","(36,)","(0,)","(0,)","(0,)","(36,)","(0,)","(0,)","(0,)","(0,)","(0,)"
"(0,)","(0,)","(36,)","(0,)","(0.0,)","(0.0,)","(0.0,)","(0.0,)","(0,)","(0,)","(36,)","(0,)","(0,)","(0,)","(36,)","(0,)","(0,)","(0,)","(36,)","(0,)","(0,)","(0,)","(0,)","(0,)"
"(0,)","(0,)","(36,)","(0,)","(0.0,)","(0.0,)","(0.0,)","(0.0,)","(0,)","(0,)","(36,)","(0,)","(0,)","(0,)","(36,)","(0,)","(0,)","(0,)","(36,)","(0,)","(0,)","(0,)","(0,)","(0,)"
"(0,)","(0,)","(36,)","(0,)","(0.0,)","(0.0,)","(0.0,)","(0.0,)","(0,)","(0,)","(36,)","(0,)","(0,)","(0,)","(36,)","(0,)","(0,)","(0,)","(36,)","(0,)","(0,)","(0,)","(0,)","(0,)"
"(0,)","(0,)","(36,)","(0,)","(0.0,)","(0.0,)","(0.0,)","(0.0,)","(0,)","(0,)","(36,)","(0,)","(0,)","(0,)","(36,)","(0,)","(0,)","(0,)","(36,)","(0,)","(0,)","(0,)","(0,)","(0,)"
"(0,)","(0,)","(36,)","(0,)","(0.0,)","(0.0,)","(0.0,)","(0.0,)","(0,)","(0,)","(36,)","(0,)","(0,)","(0,)","(36,)","(0,)","(0,)","(0,)","(36,)","(0,)","(0,)","(0,)","(0,)","(0,)"
"(0,)","(0,)","(36,)","(0,)","(0.0,)","(0.0,)","(0.0,)","(0.0,)","(0,)","(0,)","(36,)","(0,)","(0,)","(0,)","(36,)","(0,)","(0,)","(0,)","(36,)","(0,)","(0,)","(0,)","(0,)","(0,)"
"(0,)","(0,)","(36,)","(0,)","(0.0,)","(0.0,)","(0.0,)","(0.0,)","(0,)","(0,)","(36,)","(0,)","(0,)","(0,)","(36,)","(0,)","(0,)","(0,)","(36,)","(0,)","(0,)","(0,)","(0,)","(0,)"
"(0,)","(0,)","(36,)","(0,)","(0.0,)","(0.0,)","(0.0,)","(0.0,)","(0,)","(0,)","(36,)","(0,)","(0,)","(0,)","(36,)","(0,)","(0,)","(0,)","(36,)","(0,)","(0,)","(0,)","(0,)","(0,)"
"(0,)","(0,)","(36,)","(0,)","(0.0,)","(0.0,)","(0.0,)","(0.0,)","(0,)","(0,)","(36,)","(0,)","(0,)","(0,)","(36,)","(0,)","(0,)","(0,)","(36,)","(0,)","(0,)","(0,)","(0,)","(0,)"
"(0,)","(0,)","(36,)","(0,)","(0.0,)","(0.0,)","(0.0,)","(0.0,)","(0,)","(0,)","(36,)","(0,)","(0,)","(0,)","(36,)","(0,)","(0,)","(0,)","(36,)","(0,)","(0,)","(0,)","(0,)","(0,)"
"(0,)","(0,)","(36,)","(0,)","(0.0,)","(0.0,)","(0.0,)","(0.0,)","(0,)","(0,)","(36,)","(0,)","(0,)","(0,)","(36,)","(0,)","(0,)","(0,)","(36,)","(0,)","(0,)","(0,)","(0,)","(0,)"
"(0,)","(0,)","(36,)","(0,)","(0.0,)","(0.0,)","(0.0,)","(0.0,)","(0,)","(0,)","(36,)","(0,)","(0,)","(0,)","(36,)","(0,)","(0,)","(0,)","(36,)","(0,)","(0,)","(0,)","(0,)","(0,)"
"(0,)","(0,)","(36,)","(0,)","(0.0,)","(0.0,)","(0.0,)","(0.0,)","(0,)","(0,)","(36,)","(0,)","(0,)","(0,)","(36,)","(0,)","(0,)","(0,)","(36,)","(0,)","(0,)","(0,)","(0,)","(0,)"
"(0,)","(0,)","(36,)","(0,)","(0.0,)","(0.0,)","(0.0,)","(0.0,)","(0,)","(0,)","(36,)","(0,)","(0,)","(0,)","(36,)","(0,)","(0,)","(0,)","(36,)","(0,)","(0,)","(0,)","(0,)","(0,)"
"(0,)","(0,)","(36,)","(0,)","(0.0,)","(0.0,)","(0.0,)","(0.0,)","(0,)","(0,)","(36,)","(0,)","(0,)","(0,)","(36,)","(0,)","(0,)","(0,)","(36,)","(0,)","(0,)","(0,)","(0,)","(0,)"
"(0,)","(0,)","(36,)","(0,)","(0.0,)","(0.0,)","(0.0,)","(0.0,)","(0,)","(0,)","(36,)","(0,)","(0,)","(0,)","(36,)","(0,)","(0,)","(0,)","(36,)","(0,)","(0,)","(0,)","(0,)","(0,)"
"(0,)","(0,)","(36,)","(0,)","(0.0,)","(0.0,)","(0.0,)","(0.0,)","(0,)","(0,)","(36,)","(0,)","(0,)","(0,)","(36,)","(0,)","(0,)","(0,)","(36,)","(0,)","(0,)","(0,)","(0,)","(0,)"
"(0,)","(0,)","(36,)","(0,)","(0.0,)","(0.0,)","(0.0,)","(0.0,)","(0,)","(0,)","(36,)","(0,)","(0,)","(0,)","(36,)","(0,)","(0,)","(0,)","(36,)","(0,)","(0,)","(0,)","(0,)","(0,)"
"(0,)","(0,)","(36,)","(0,)","(0.0,)","(0.0,)","(0.0,)","(0.0,)","(0,)","(0,)","(36,)","(0,)","(0,)","(0,)","(36,)","(0,)","(0,)","(0,)","(36,)","(0,)","(0,)","(0,)","(0,)","(0,)"
"(0,)","(0,)","(36,)","(0,)","(0.0,)","(0.0,)","(0.0,)","(0.0,)","(0,)","(0,)","(36,)","(0,)","(0,)","(0,)","(36,)","(0,)","(0,)","(0,)","(36,)","(0,)","(0,)","(0,)","(0,)","(0,)"
"(0,)","(0,)","(36,)","(0,)","(0.0,)","(0.0,)","(0.0,)","(0.0,)","(0,)","(0,)","(36,)","(0,)","(0,)","(0,)","(36,)","(0,)","(0,)","(0,)","(36,)","(0,)","(0,)","(0,)","(0,)","(0,)"
"(0,)","(0,)","(36,)","(0,)","(0.0,)","(0.0,)","(0.0,)","(0.0,)","(0,)","(0,)","(36,)","(0,)","(0,)","(0,)","(36,)","(0,)","(0,)","(0,)","(36,)","(0,)","(0,)","(0,)","(0,)","(0,)"
"(0,)","(0,)","(36,)","(0,)","(0.0,)","(0.0,)","(0.0,)","(0.0,)","(0,)","(0,)","(36,)","(0,)","(0,)","(0,)","(36,)","(0,)","(0,)","(0,)","(36,)","(0,)","(0,)","(0,)","(0,)","(0,)"
"(0,)","(0,)","(36,)","(0,)","(0.0,)","(0.0,)","(0.0,)","(0.0,)","(0,)","(0,)","(36,)","(0,)","(0,)","(0,)","(36,)","(0,)","(0,)","(0,)","(36,)","(0,)","(0,)","(0,)","(0,)","(0,)"
"(0,)","(0,)","(36,)","(0,)","(0.0,)","(0.0,)","(0.0,)","(0.0,)","(0,)","(0,)","(36,)","(0,)","(0,)","(0,)","(36,)","(0,)","(0,)","(0,)","(36,)","(0,)","(0,)","(0,)","(0,)","(0,)"
"(0,)","(0,)","(36,)","(0,)","(0.0,)","(0.0,)","(0.0,)","(0.0,)","(0,)","(0,)","(36,)","(0,)","(0,)","(0,)","(36,)","(0,)","(0,)","(0,)","(36,)","(0,)","(0,)","(0,)","(0,)","(0,)"
"(0,)","(0,)","(36,)","(0,)","(0.0,)","(0.0,)","(0.0,)","(0.0,)","(0,)","(0,)","(36,)","(0,)","(0,)","(0,)","(36,)","(0,)","(0,)","(0,)","(36,)","(0,)","(0,)","(0,)","(0,)","(0,)"
"(0,)","(0,)","(36,)","(0,)","(0.0,)","(0.0,)","(0.0,)","(0.0,)","(0,)","(0,)","(36,)","(0,)","(0,)","(0,)","(36,)","(0,)","(0,)","(0,)","(36,)","(0,)","(0,)","(0,)","(0,)","(0,)"
"(0,)","(0,)","(36,)","(0,)","(0.0,)","(0.0,)","(0.0,)","(0.0,)","(0,)","(0,)","(36,)","(0,)","(0,)","(0,)","(36,)","(0,)","(0,)","(0,)","(36,)","(0,)","(0,)","(0,)","(0,)","(0,)"
"(0,)","(0,)","(36,)","(0,)","(0.0,)","(0.0,)","(0.0,)","(0.0,)","(0,)","(0,)","(36,)","(0,)","(0,)","(0,)","(36,)","(0,)","(0,)","(0,)","(36,)","(0,)","(0,)","(0,)","(0,)","(0,)"
"(0,)","(0,)","(36,)","(0,)","(0.0,)","(0.0,)","(0.0,)","(0.0,)","(0,)","(0,)","(36,)","(0,)","(0,)","(0,)","(36,)","(0,)","(0,)","(0,)","(36,)","(0,)","(0,)","(0,)","(0,)","(0,)"
"(0,)","(0,)","(0,)","(0,)","(0.0,)","(-0.0,)","(-36.04,)","(0.0,)","(0,)","(0,)","(0,)","(0,)","(0,)","(0,)","(30,)","(0,)","(0,)","(0,)","(0,)","(0,)","(0,)","(0,)","(0,)","(0,)"
"(0,)","(0,)","(0,)","(0,)","(0.0,)","(0.0,)","(0.0,)","(0.0,)","(0,)","(0,)","(0,)","(0,)","(0,)","(0,)","(24,)","(0,)","(0,)","(0,)","(0,)","(0,)","(0,)","(0,)","(0,)","(0,)"
"(0,)","(0,)","(0,)","(0,)","(0.0,)","(0.0,)","(0.0,)","(0.0,)","(0,)","(0,)","(0,)","(0,)","(0,)","(0,)","(18,)","(0,)","(0,)","(0,)","(0,)","(0,)","(0,)","(0,)","(0,)","(0,)"
"(0,)","(0,)","(0,)","(0,)","(0.0,)","(0.0,)","(0.0,)","(0.0,)","(0,)","(0,)","(0,)","(0,)","(0,)","(0,)","(12,)","(0,)","(0,)","(0,)","(0,)","(0,)","(0,)","(0,)","(0,)","(0,)"
"(0,)","(0,)","(0,)","(0,)","(0.0,)","(0.0,)","(0.0,)","(0.0,)","(0,)","(0,)","(0,)","(0,)","(0,)","(0,)","(6,)","(0,)","(0,)","(0,)","(0,)","(0,)","(0,)","(0,)","(0,)","(0,)"
"(0,)","(0,)","(0,)","(0,)","(0.0,)","(0.0,)","(0.0,)","(0.0,)","(0,)","(0,)","(0,)","(0,)","(0,)","(0,)","(0,)","(0,)","(0,)","(0,)","(0,)","(0,)","(0,)","(0,)","(0,)","(0,)"
"(0,)","(0,)","(0,)","(0,)","(0.0,)","(0.0,)","(0.0,)","(0.0,)","(0,)","(0,)","(0,)","(0,)","(0,)","(0,)","(0,)","(0,)","(0,)","(0,)","(0,)","(0,)","(0,)","(0,)","(0,)","(0,)"
"(0,)","(0,)","(0,)","(0,)","(0.0,)","(0.0,)","(0.0,)","(0.0,)","(0,)","(0,)","(0,)","(0,)","(0,)","(0,)","(0,)","(0,)","(0,)","(0,)","(0,)","(0,)","(0,)","(0,)","(0,)","(0,)"
"(0,)","(0,)","(0,)","(0,)","(0.0,)","(0.0,)","(0.0,)","(0.0,)","(0,)","(0,)","(0,)","(0,)","(0,)","(0,)","(0,)","(0,)","(0,)","(0,)","(0,)","(0,)","(0,)","(0,)","(0,)","(0,)"
"(0,)","(0,)","(0,)","(0,)","(0.0,)","(0.0,)","(0.0,)","(0.0,)","(0,)","(0,)","(0,)","(0,)","(0,)","(0,)","(0,)","(0,)","(0,)","(0,)","(0,)","(0,)","(0,)","(0,)","(0,)","(0,)"
"(0,)","(0,)","(2,)","(0,)","(0.0,)","(0.0,)","(2.28,)","(0.06,)","(0,)","(0,)","(2,)","(0,)","(0,)","(0,)","(0,)","(0,)","(0,)","(0,)","(2,)","(0,)","(0,)","(0,)","(0,)","(0,)"
"(0,)","(0,)","(25,)","(0,)","(0.06,)","(0.0,)","(22.88,)","(0.0,)","(0,)","(0,)","(25,)","(0,)","(0,)","(0,)","(4,)","(0,)","(0,)","(0,)","(25,)","(0,)","(0,)","(0,)","(0,)","(0,)"
"(0,)","(0,)","(25,)","(0,)","(0.0,)","(0.0,)","(0.0,)","(-0.06,)","(0,)","(0,)","(25,)","(0,)","(0,)","(0,)","(8,)","(0,)","(0,)","(0,)","(25,)","(0,)","(0,)","(0,)","(0,)","(0,)"
"(0,)","(0,)","(0,)","(0,)","(-0.06,)","(0.0,)","(-25.16,)","(0.0,)","(0,)","(0,)","(0,)","(0,)","(0,)","(0,)","(8,)","(0,)","(0,)","(0,)","(0,)","(0,)","(0,)","(0,)","(0,)","(0,)"
"(0,)","(0,)","(0,)","(0,)","(0.0,)","(0.0,)","(0.0,)","(0.0,)","(0,)","(0,)","(0,)","(0,)","(0,)","(0,)","(8,)","(0,)","(0,)","(0,)","(0,)","(0,)","(0,)","(0,)","(0,)","(0,)"
"(0,)","(0,)","(0,)","(5,)","(0.0,)","(0.0,)","(0.0,)","(5.29,)","(0,)","(0,)","(0,)","(5,)","(0,)","(0,)","(8,)","(0,)","(0,)","(0,)","(0,)","(5,)","(0,)","(0,)","(0,)","(0,)"
"(0,)","(1,)","(0,)","(5,)","(0.0,)","(1.47,)","(0.0,)","(0.0,)","(0,)","(1,)","(0,)","(5,)","(0,)","(0,)","(8,)","(1,)","(0,)","(1,)","(0,)","(5,)","(0,)","(0,)","(0,)","(0,)"
"(0,)","(1,)","(0,)","(0,)","(0.0,)","(0.0,)","(0.0,)","(-5.29,)","(0,)","(1,)","(0,)","(0,)","(0,)","(0,)","(4,)","(1,)","(0,)","(1,)","(0,)","(0,)","(0,)","(0,)","(0,)","(0,)"
"(3,)","(0,)","(3,)","(0,)","(3.57,)","(-1.47,)","(3.73,)","(0.0,)","(3,)","(0,)","(3,)","(0,)","(0,)","(0,)","(0,)","(1,)","(3,)","(0,)","(3,)","(0,)","(0,)","(0,)","(0,)","(0,)"
"(3,)","(8,)","(3,)","(6,)","(0.0,)","(8.23,)","(0.0,)","(6.2,)","(3,)","(8,)","(3,)","(6,)","(1,)","(1,)","(1,)","(2,)","(3,)","(8,)","(3,)","(6,)","(0,)","(0,)","(0,)","(0,)"
"(13,)","(8,)","(11,)","(6,)","(10.18,)","(0.0,)","(7.56,)","(0.0,)","(13,)","(8,)","(11,)","(6,)","(3,)","(3,)","(2,)","(3,)","(13,)","(8,)","(11,)","(6,)","(0,)","(0,)","(0,)","(0,)"
"(43,)","(14,)","(11,)","(14,)","(29.97,)","(5.95,)","(0.0,)","(7.83,)","(43,)","(14,)","(11,)","(14,)","(10,)","(5,)","(4,)","(5,)","(43,)","(14,)","(11,)","(14,)","(0,)","(0,)","(0,)","(0,)"
"(43,)","(14,)","(16,)","(18,)","(0.0,)","(0.0,)","(5.16,)","(4.74,)","(43,)","(14,)","(16,)","(18,)","(17,)","(7,)","(7,)","(7,)","(43,)","(14,)","(16,)","(18,)","(0,)","(0,)","(0,)","(0,)"
"(22,)","(19,)","(20,)","(18,)","(-21.12,)","(5.14,)","(4.37,)","(0.0,)","(22,)","(19,)","(20,)","(18,)","(21,)","(10,)","(10,)","(10,)","(22,)","(19,)","(20,)","(18,)","(0,)","(0,)","(0,)","(0,)"
"(23,)","(23,)","(25,)","(21,)","(1.21,)","(4.07,)","(4.81,)","(3.08,)","(23,)","(23,)","(25,)","(21,)","(24,)","(14,)","(14,)","(13,)","(23,)","(23,)","(25,)","(21,)","(0,)","(0,)","(0,)","(0,)"
"(60,)","(26,)","(28,)","(27,)","(36.8,)","(3.27,)","(2.73,)","(5.92,)","(60,)","(26,)","(28,)","(27,)","(34,)","(17,)","(18,)","(17,)","(60,)","(26,)","(28,)","(27,)","(0,)","(0,)","(0,)","(0,)"
"(31,)","(28,)","(30,)","(31,)","(-28.86,)","(2.32,)","(1.93,)","(3.97,)","(31,)","(28,)","(30,)","(31,)","(37,)","(20,)","(21,)","(21,)","(31,)","(28,)","(30,)","(31,)","(0,)","(0,)","(0,)","(0,)"
"(60,)","(32,)","(34,)","(35,)","(28.86,)","(3.53,)","(4.33,)","(3.34,)","(60,)","(32,)","(34,)","(35,)","(39,)","(23,)","(25,)","(25,)","(60,)","(32,)","(34,)","(35,)","(0,)","(0,)","(0,)","(0,)"
"(38,)","(36,)","(37,)","(37,)","(-22.51,)","(3.52,)","(2.41,)","(1.95,)","(38,)","(36,)","(37,)","(37,)","(39,)","(27,)","(29,)","(28,)","(38,)","(36,)","(37,)","(37,)","(0,)","(0,)","(0,)","(0,)"
"(49,)","(38,)","(39,)","(38,)","(11.29,)","(2.06,)","(2.18,)","(1.06,)","(49,)","(38,)","(39,)","(38,)","(43,)","(30,)","(32,)","(31,)","(49,)","(38,)","(39,)","(38,)","(0,)","(0,)","(0,)","(0,)"
"(57,)","(40,)","(39,)","(41,)","(8.59,)","(2.31,)","(0.59,)","(2.93,)","(57,)","(40,)","(39,)","(41,)","(49,)","(33,)","(34,)","(34,)","(57,)","(40,)","(39,)","(41,)","(0,)","(0,)","(0,)","(0,)"
"(65,)","(43,)","(42,)","(43,)","(7.6,)","(2.61,)","(2.53,)","(1.99,)","(65,)","(43,)","(42,)","(43,)","(50,)","(36,)","(36,)","(37,)","(65,)","(43,)","(42,)","(43,)","(0,)","(0,)","(0,)","(0,)"
"(45,)","(45,)","(44,)","(44,)","(-19.6,)","(2.19,)","(2.12,)","(1.43,)","(45,)","(45,)","(44,)","(44,)","(52,)","(39,)","(39,)","(39,)","(45,)","(45,)","(44,)","(44,)","(0,)","(0,)","(0,)","(0,)"
"(47,)","(47,)","(44,)","(47,)","(1.64,)","(2.42,)","(0.0,)","(3.17,)","(47,)","(47,)","(44,)","(47,)","(50,)","(41,)","(40,)","(41,)","(47,)","(47,)","(44,)","(47,)","(0,)","(0,)","(0,)","(0,)"
"(49,)","(49,)","(45,)","(49,)","(1.76,)","(1.76,)","(0.75,)","(1.76,)","(49,)","(49,)","(45,)","(49,)","(52,)","(43,)","(42,)","(43,)","(49,)","(49,)","(45,)","(49,)","(0,)","(0,)","(0,)","(0,)"
"(78,)","(50,)","(48,)","(52,)","(29.05,)","(0.93,)","(3.29,)","(2.9,)","(78,)","(50,)","(48,)","(52,)","(56,)","(45,)","(43,)","(46,)","(78,)","(50,)","(48,)","(52,)","(0,)","(0,)","(0,)","(0,)"
"(51,)","(51,)","(48,)","(53,)","(-27.15,)","(0.97,)","(0.0,)","(1.05,)","(51,)","(51,)","(48,)","(53,)","(55,)","(47,)","(45,)","(48,)","(51,)","(51,)","(48,)","(53,)","(0,)","(0,)","(0,)","(0,)"
"(52,)","(54,)","(51,)","(57,)","(1.01,)","(3.14,)","(2.8,)","(4.64,)","(52,)","(54,)","(51,)","(57,)","(53,)","(49,)","(46,)","(50,)","(52,)","(54,)","(51,)","(57,)","(0,)","(0,)","(0,)","(0,)"
"(54,)","(52,)","(50,)","(60,)","(2.13,)","(-2.13,)","(-0.97,)","(2.64,)","(54,)","(52,)","(50,)","(60,)","(55,)","(50,)","(47,)","(53,)","(54,)","(52,)","(50,)","(60,)","(0,)","(0,)","(0,)","(0,)"
"(55,)","(55,)","(51,)","(59,)","(1.13,)","(3.27,)","(0.97,)","(-0.9,)","(55,)","(55,)","(51,)","(59,)","(56,)","(51,)","(48,)","(55,)","(55,)","(55,)","(51,)","(59,)","(0,)","(0,)","(0,)","(0,)"
"(54,)","(55,)","(52,)","(57,)","(-1.13,)","(0.0,)","(1.01,)","(-1.73,)","(54,)","(55,)","(52,)","(57,)","(57,)","(52,)","(50,)","(56,)","(54,)","(55,)","(52,)","(57,)","(0,)","(0,)","(0,)","(0,)"
"(57,)","(59,)","(54,)","(60,)","(3.55,)","(3.7,)","(1.77,)","(2.64,)","(57,)","(59,)","(54,)","(60,)","(53,)","(54,)","(51,)","(57,)","(57,)","(59,)","(54,)","(60,)","(0,)","(0,)","(0,)","(0,)"
"(60,)","(56,)","(54,)","(61,)","(2.64,)","(-2.52,)","(0.37,)","(0.93,)","(60,)","(56,)","(54,)","(61,)","(55,)","(55,)","(52,)","(59,)","(60,)","(56,)","(54,)","(61,)","(0,)","(0,)","(0,)","(0,)"
"(57,)","(57,)","(55,)","(63,)","(-2.64,)","(1.23,)","(1.13,)","(1.95,)","(57,)","(57,)","(55,)","(63,)","(56,)","(55,)","(52,)","(60,)","(57,)","(57,)","(55,)","(63,)","(0,)","(0,)","(0,)","(0,)"
"(59,)","(60,)","(55,)","(60,)","(1.29,)","(2.64,)","(0.0,)","(-2.89,)","(59,)","(60,)","(55,)","(60,)","(57,)","(57,)","(53,)","(60,)","(59,)","(60,)","(55,)","(60,)","(0,)","(0,)","(0,)","(0,)"
"(59,)","(60,)","(57,)","(63,)","(0.44,)","(0.0,)","(2.42,)","(2.89,)","(59,)","(60,)","(57,)","(63,)","(57,)","(57,)","(54,)","(60,)","(59,)","(60,)","(57,)","(63,)","(0,)","(0,)","(0,)","(0,)"
"(65,)","(62,)","(59,)","(62,)","(5.34,)","(1.41,)","(1.29,)","(-1.48,)","(65,)","(62,)","(59,)","(62,)","(59,)","(59,)","(55,)","(61,)","(65,)","(62,)","(59,)","(62,)","(0,)","(0,)","(0,)","(0,)"
"(62,)","(62,)","(57,)","(65,)","(-2.54,)","(0.48,)","(-1.29,)","(3.56,)","(62,)","(62,)","(57,)","(65,)","(60,)","(59,)","(56,)","(62,)","(62,)","(62,)","(57,)","(65,)","(0,)","(0,)","(0,)","(0,)"
"(129,)","(111,)","(74,)","(111,)","(66.53,)","(48.61,)","(16.1,)","(45.54,)","(129,)","(111,)","(74,)","(111,)","(71,)","(68,)","(59,)","(70,)","(129,)","(111,)","(74,)","(111,)","(0,)","(0,)","(0,)","(0,)"
"(62,)","(88,)","(57,)","(60,)","(-67.02,)","(-22.22,)","(-16.1,)","(-50.51,)","(62,)","(88,)","(57,)","(60,)","(72,)","(73,)","(59,)","(70,)","(62,)","(88,)","(57,)","(60,)","(0,)","(0,)","(0,)","(0,)"
"(61,)","(63,)","(55,)","(60,)","(-0.48,)","(-25.4,)","(-2.42,)","(0.0,)","(61,)","(63,)","(55,)","(60,)","(73,)","(74,)","(59,)","(70,)","(61,)","(63,)","(55,)","(60,)","(0,)","(0,)","(0,)","(0,)"
"(95,)","(66,)","(54,)","(54,)","(33.7,)","(3.17,)","(-1.13,)","(-6.55,)","(95,)","(66,)","(54,)","(54,)","(79,)","(75,)","(59,)","(68,)","(95,)","(66,)","(54,)","(54,)","(0,)","(0,)","(0,)","(0,)"
"(97,)","(66,)","(59,)","(60,)","(2.32,)","(0.0,)","(4.84,)","(6.55,)","(97,)","(66,)","(59,)","(60,)","(84,)","(76,)","(59,)","(68,)","(97,)","(66,)","(59,)","(60,)","(0,)","(0,)","(0,)","(0,)"
"(58,)","(59,)","(59,)","(66,)","(-38.74,)","(-7.41,)","(0.44,)","(6.06,)","(58,)","(59,)","(59,)","(66,)","(83,)","(75,)","(59,)","(68,)","(58,)","(59,)","(59,)","(66,)","(0,)","(0,)","(0,)","(0,)"
"(60,)","(60,)","(62,)","(61,)","(1.78,)","(1.35,)","(2.31,)","(-5.13,)","(60,)","(60,)","(62,)","(61,)","(72,)","(67,)","(57,)","(60,)","(60,)","(60,)","(62,)","(61,)","(0,)","(0,)","(0,)","(0,)"
"(63,)","(62,)","(62,)","(59,)","(2.89,)","(1.89,)","(0.0,)","(-2.28,)","(63,)","(62,)","(62,)","(59,)","(72,)","(62,)","(58,)","(60,)","(63,)","(62,)","(62,)","(59,)","(0,)","(0,)","(0,)","(0,)"
"(65,)","(102,)","(61,)","(59,)","(2.08,)","(40.06,)","(-0.48,)","(0.0,)","(65,)","(102,)","(61,)","(59,)","(73,)","(69,)","(59,)","(59,)","(65,)","(102,)","(61,)","(59,)","(0,)","(0,)","(0,)","(0,)"
"(63,)","(62,)","(62,)","(60,)","(-2.08,)","(-40.06,)","(0.48,)","(1.35,)","(63,)","(62,)","(62,)","(60,)","(67,)","(68,)","(60,)","(60,)","(63,)","(62,)","(62,)","(60,)","(0,)","(0,)","(0,)","(0,)"
"(59,)","(60,)","(61,)","(60,)","(-4.23,)","(-1.89,)","(-0.48,)","(0.0,)","(59,)","(60,)","(61,)","(60,)","(61,)","(67,)","(61,)","(60,)","(59,)","(60,)","(61,)","(60,)","(0,)","(0,)","(0,)","(0,)"
"(61,)","(65,)","(62,)","(60,)","(2.28,)","(4.43,)","(0.48,)","(0.0,)","(61,)","(65,)","(62,)","(60,)","(61,)","(68,)","(61,)","(59,)","(61,)","(65,)","(62,)","(60,)","(0,)","(0,)","(0,)","(0,)"
"(63,)","(62,)","(60,)","(60,)","(1.95,)","(-2.54,)","(-1.41,)","(0.0,)","(63,)","(62,)","(60,)","(60,)","(62,)","(68,)","(61,)","(59,)","(63,)","(62,)","(60,)","(60,)","(0,)","(0,)","(0,)","(0,)"
"(63,)","(63,)","(63,)","(60,)","(0.0,)","(0.99,)","(2.89,)","(0.0,)","(63,)","(63,)","(63,)","(60,)","(62,)","(69,)","(61,)","(59,)","(63,)","(63,)","(63,)","(60,)","(0,)","(0,)","(0,)","(0,)"
"(62,)","(64,)","(62,)","(63,)","(-1.48,)","(1.02,)","(-1.48,)","(2.89,)","(62,)","(64,)","(62,)","(63,)","(61,)","(62,)","(61,)","(60,)","(62,)","(64,)","(62,)","(63,)","(0,)","(0,)","(0,)","(0,)"
"(70,)","(63,)","(64,)","(63,)","(8.16,)","(-1.02,)","(2.5,)","(0.0,)","(70,)","(63,)","(64,)","(63,)","(63,)","(62,)","(62,)","(61,)","(70,)","(63,)","(64,)","(63,)","(0,)","(0,)","(0,)","(0,)"
"(85,)","(64,)","(65,)","(62,)","(14.93,)","(1.02,)","(0.52,)","(-1.48,)","(85,)","(64,)","(65,)","(62,)","(67,)","(63,)","(62,)","(61,)","(85,)","(64,)","(65,)","(62,)","(0,)","(0,)","(0,)","(0,)"
"(66,)","(68,)","(64,)","(63,)","(-18.44,)","(3.86,)","(-0.52,)","(1.48,)","(66,)","(68,)","(64,)","(63,)","(68,)","(64,)","(63,)","(61,)","(66,)","(68,)","(64,)","(63,)","(0,)","(0,)","(0,)","(0,)"
"(64,)","(66,)","(65,)","(62,)","(-2.15,)","(-1.71,)","(0.52,)","(-1.48,)","(64,)","(66,)","(65,)","(62,)","(68,)","(64,)","(63,)","(62,)","(64,)","(66,)","(65,)","(62,)","(0,)","(0,)","(0,)","(0,)"
"(65,)","(68,)","(65,)","(63,)","(0.52,)","(1.71,)","(0.53,)","(1.48,)","(65,)","(68,)","(65,)","(63,)","(68,)","(65,)","(64,)","(62,)","(65,)","(68,)","(65,)","(63,)","(0,)","(0,)","(0,)","(0,)"
"(66,)","(67,)","(66,)","(64,)","(1.63,)","(-0.58,)","(1.09,)","(1.02,)","(66,)","(67,)","(66,)","(64,)","(69,)","(66,)","(64,)","(62,)","(66,)","(67,)","(66,)","(64,)","(0,)","(0,)","(0,)","(0,)"
"(65,)","(67,)","(66,)","(63,)","(-1.63,)","(0.0,)","(0.0,)","(-1.02,)","(65,)","(67,)","(66,)","(63,)","(68,)","(66,)","(65,)","(62,)","(65,)","(67,)","(66,)","(63,)","(0,)","(0,)","(0,)","(0,)"
"(66,)","(68,)","(66,)","(64,)","(1.63,)","(0.58,)","(0.0,)","(1.02,)","(66,)","(68,)","(66,)","(64,)","(65,)","(67,)","(65,)","(63,)","(66,)","(68,)","(66,)","(64,)","(0,)","(0,)","(0,)","(0,)"
"(67,)","(70,)","(67,)","(65,)","(1.13,)","(1.8,)","(1.13,)","(0.52,)","(67,)","(70,)","(67,)","(65,)","(65,)","(67,)","(65,)","(63,)","(67,)","(70,)","(67,)","(65,)","(0,)","(0,)","(0,)","(0,)"
"(68,)","(68,)","(66,)","(64,)","(0.58,)","(-1.8,)","(-1.13,)","(-0.52,)","(68,)","(68,)","(66,)","(64,)","(66,)","(68,)","(66,)","(63,)","(68,)","(68,)","(66,)","(64,)","(0,)","(0,)","(0,)","(0,)"
"(67,)","(70,)","(68,)","(65,)","(-0.58,)","(1.8,)","(2.3,)","(0.52,)","(67,)","(70,)","(68,)","(65,)","(66,)","(68,)","(66,)","(64,)","(67,)","(70,)","(68,)","(65,)","(0,)","(0,)","(0,)","(0,)"
"(66,)","(68,)","(100,)","(64,)","(-1.13,)","(-1.21,)","(31.66,)","(-0.52,)","(66,)","(68,)","(100,)","(64,)","(66,)","(68,)","(72,)","(64,)","(66,)","(68,)","(100,)","(64,)","(0,)","(0,)","(0,)","(0,)"
"(66,)","(68,)","(66,)","(65,)","(0.0,)","(-0.59,)","(-33.96,)","(0.52,)","(66,)","(68,)","(66,)","(65,)","(66,)","(68,)","(72,)","(64,)","(66,)","(68,)","(66,)","(65,)","(0,)","(0,)","(0,)","(0,)"
"(65,)","(66,)","(67,)","(64,)","(-1.63,)","(-1.71,)","(1.13,)","(-0.52,)","(65,)","(66,)","(67,)","(64,)","(66,)","(68,)","(72,)","(64,)","(65,)","(66,)","(67,)","(64,)","(0,)","(0,)","(0,)","(0,)"
"(66,)","(70,)","(68,)","(65,)","(1.63,)","(3.51,)","(0.58,)","(0.52,)","(66,)","(70,)","(68,)","(65,)","(66,)","(68,)","(72,)","(64,)","(66,)","(70,)","(68,)","(65,)","(0,)","(0,)","(0,)","(0,)"
"(88,)","(74,)","(67,)","(62,)","(22.22,)","(3.9,)","(-0.58,)","(-3.03,)","(88,)","(74,)","(67,)","(62,)","(69,)","(69,)","(72,)","(64,)","(88,)","(74,)","(67,)","(62,)","(0,)","(0,)","(0,)","(0,)"
"(66,)","(70,)","(70,)","(63,)","(-22.22,)","(-3.9,)","(2.38,)","(1.48,)","(66,)","(70,)","(70,)","(63,)","(69,)","(69,)","(73,)","(63,)","(66,)","(70,)","(70,)","(63,)","(0,)","(0,)","(0,)","(0,)"
"(64,)","(68,)","(65,)","(65,)","(-2.15,)","(-1.8,)","(-5.13,)","(1.55,)","(64,)","(68,)","(65,)","(65,)","(69,)","(69,)","(67,)","(64,)","(64,)","(68,)","(65,)","(65,)","(0,)","(0,)","(0,)","(0,)"
"(95,)","(65,)","(67,)","(63,)","(30.72,)","(-2.8,)","(2.76,)","(-1.55,)","(95,)","(65,)","(67,)","(63,)","(74,)","(68,)","(67,)","(63,)","(95,)","(65,)","(67,)","(63,)","(0,)","(0,)","(0,)","(0,)"
"(72,)","(65,)","(66,)","(60,)","(-22.51,)","(0.0,)","(-1.13,)","(-2.89,)","(72,)","(65,)","(66,)","(60,)","(75,)","(68,)","(67,)","(63,)","(72,)","(65,)","(66,)","(60,)","(0,)","(0,)","(0,)","(0,)"
"(76,)","(63,)","(67,)","(62,)","(4.2,)","(-2.08,)","(1.13,)","(1.89,)","(76,)","(63,)","(67,)","(62,)","(76,)","(67,)","(67,)","(62,)","(76,)","(63,)","(67,)","(62,)","(0,)","(0,)","(0,)","(0,)"
"(66,)","(66,)","(66,)","(65,)","(-10.26,)","(3.17,)","(-1.13,)","(2.54,)","(66,)","(66,)","(66,)","(65,)","(73,)","(66,)","(66,)","(63,)","(66,)","(66,)","(66,)","(65,)","(0,)","(0,)","(0,)","(0,)"
"(67,)","(88,)","(75,)","(117,)","(1.13,)","(22.22,)","(8.81,)","(52.61,)","(67,)","(88,)","(75,)","(117,)","(73,)","(69,)","(67,)","(72,)","(67,)","(88,)","(75,)","(117,)","(0,)","(0,)","(0,)","(0,)"
"(62,)","(67,)","(65,)","(62,)","(-5.78,)","(-21.09,)","(-10.43,)","(-55.15,)","(62,)","(67,)","(65,)","(62,)","(73,)","(69,)","(67,)","(71,)","(62,)","(67,)","(65,)","(62,)","(0,)","(0,)","(0,)","(0,)"
"(59,)","(65,)","(59,)","(59,)","(-2.76,)","(-2.76,)","(-5.34,)","(-3.24,)","(59,)","(65,)","(59,)","(59,)","(67,)","(69,)","(66,)","(70,)","(59,)","(65,)","(59,)","(59,)","(0,)","(0,)","(0,)","(0,)"
"(61,)","(70,)","(55,)","(57,)","(2.28,)","(5.13,)","(-4.15,)","(-1.29,)","(61,)","(70,)","(55,)","(57,)","(65,)","(69,)","(64,)","(70,)","(61,)","(70,)","(55,)","(57,)","(0,)","(0,)","(0,)","(0,)"
"(59,)","(55,)","(56,)","(59,)","(-2.28,)","(-14.62,)","(1.18,)","(1.73,)","(59,)","(55,)","(56,)","(59,)","(62,)","(68,)","(62,)","(69,)","(59,)","(55,)","(56,)","(59,)","(0,)","(0,)","(0,)","(0,)"
"(59,)","(57,)","(59,)","(59,)","(0.0,)","(1.59,)","(2.52,)","(-0.44,)","(59,)","(57,)","(59,)","(59,)","(61,)","(67,)","(61,)","(68,)","(59,)","(57,)","(59,)","(59,)","(0,)","(0,)","(0,)","(0,)"
"(59,)","(59,)","(60,)","(60,)","(0.0,)","(2.12,)","(1.35,)","(1.35,)","(59,)","(59,)","(60,)","(60,)","(59,)","(62,)","(59,)","(59,)","(59,)","(59,)","(60,)","(60,)","(0,)","(0,)","(0,)","(0,)"
"(59,)","(57,)","(59,)","(62,)","(0.44,)","(-1.29,)","(-0.9,)","(1.41,)","(59,)","(57,)","(59,)","(62,)","(59,)","(60,)","(58,)","(59,)","(59,)","(57,)","(59,)","(62,)","(0,)","(0,)","(0,)","(0,)"
"(63,)","(64,)","(62,)","(57,)","(3.79,)","(6.55,)","(2.31,)","(-4.04,)","(63,)","(64,)","(62,)","(57,)","(60,)","(60,)","(58,)","(59,)","(63,)","(64,)","(62,)","(57,)","(0,)","(0,)","(0,)","(0,)"
"(63,)","(65,)","(62,)","(59,)","(0.0,)","(0.52,)","(0.0,)","(1.29,)","(63,)","(65,)","(62,)","(59,)","(60,)","(59,)","(59,)","(59,)","(63,)","(65,)","(62,)","(59,)","(0,)","(0,)","(0,)","(0,)"
"(88,)","(75,)","(100,)","(86,)","(25.4,)","(10.43,)","(38.61,)","(27.7,)","(88,)","(75,)","(100,)","(86,)","(65,)","(62,)","(67,)","(63,)","(88,)","(75,)","(100,)","(86,)","(0,)","(0,)","(0,)","(0,)"
"(60,)","(66,)","(62,)","(90,)","(-28.28,)","(-8.81,)","(-38.61,)","(3.95,)","(60,)","(66,)","(62,)","(90,)","(65,)","(64,)","(67,)","(69,)","(60,)","(66,)","(62,)","(90,)","(0,)","(0,)","(0,)","(0,)"
"(63,)","(82,)","(57,)","(60,)","(2.89,)","(15.38,)","(-4.04,)","(-30.3,)","(63,)","(82,)","(57,)","(60,)","(66,)","(68,)","(67,)","(69,)","(63,)","(82,)","(57,)","(60,)","(0,)","(0,)","(0,)","(0,)"
"(68,)","(63,)","(59,)","(59,)","(5.47,)","(-18.56,)","(1.73,)","(-1.35,)","(68,)","(63,)","(59,)","(59,)","(67,)","(69,)","(67,)","(68,)","(68,)","(63,)","(59,)","(59,)","(0,)","(0,)","(0,)","(0,)"
"(83,)","(57,)","(74,)","(87,)","(14.37,)","(-5.52,)","(14.37,)","(28.17,)","(83,)","(57,)","(74,)","(87,)","(70,)","(68,)","(69,)","(73,)","(83,)","(57,)","(74,)","(87,)","(0,)","(0,)","(0,)","(0,)"
"(59,)","(57,)","(62,)","(57,)","(-24.07,)","(0.0,)","(-12.06,)","(-29.46,)","(59,)","(57,)","(62,)","(57,)","(70,)","(66,)","(69,)","(73,)","(59,)","(57,)","(62,)","(57,)","(0,)","(0,)","(0,)","(0,)"
"(60,)","(56,)","(61,)","(63,)","(1.35,)","(-1.23,)","(-0.48,)","(5.52,)","(60,)","(56,)","(61,)","(63,)","(65,)","(63,)","(62,)","(69,)","(60,)","(56,)","(61,)","(63,)","(0,)","(0,)","(0,)","(0,)"
"(59,)","(57,)","(62,)","(61,)","(-0.9,)","(1.23,)","(0.48,)","(-1.95,)","(59,)","(57,)","(62,)","(61,)","(65,)","(62,)","(62,)","(64,)","(59,)","(57,)","(62,)","(61,)","(0,)","(0,)","(0,)","(0,)"
"(62,)","(63,)","(59,)","(59,)","(2.31,)","(5.52,)","(-2.76,)","(-2.28,)","(62,)","(63,)","(59,)","(59,)","(65,)","(58,)","(62,)","(64,)","(62,)","(63,)","(59,)","(59,)","(0,)","(0,)","(0,)","(0,)"
"(63,)","(63,)","(60,)","(59,)","(1.48,)","(0.0,)","(1.35,)","(0.0,)","(63,)","(63,)","(60,)","(59,)","(64,)","(58,)","(63,)","(64,)","(63,)","(63,)","(60,)","(59,)","(0,)","(0,)","(0,)","(0,)"
"(62,)","(61,)","(63,)","(63,)","(-1.48,)","(-1.95,)","(2.89,)","(4.23,)","(62,)","(61,)","(63,)","(63,)","(60,)","(59,)","(61,)","(60,)","(62,)","(61,)","(63,)","(63,)","(0,)","(0,)","(0,)","(0,)"
"(95,)","(62,)","(64,)","(65,)","(33.22,)","(0.48,)","(1.02,)","(1.55,)","(95,)","(62,)","(64,)","(65,)","(66,)","(60,)","(61,)","(61,)","(95,)","(62,)","(64,)","(65,)","(0,)","(0,)","(0,)","(0,)"
"(64,)","(63,)","(63,)","(62,)","(-30.72,)","(1.48,)","(-1.02,)","(-3.03,)","(64,)","(63,)","(63,)","(62,)","(67,)","(61,)","(61,)","(61,)","(64,)","(63,)","(63,)","(62,)","(0,)","(0,)","(0,)","(0,)"
"(65,)","(65,)","(63,)","(64,)","(0.52,)","(1.55,)","(0.0,)","(2.5,)","(65,)","(65,)","(63,)","(64,)","(68,)","(62,)","(62,)","(62,)","(65,)","(65,)","(63,)","(64,)","(0,)","(0,)","(0,)","(0,)"
"(64,)","(64,)","(64,)","(63,)","(-0.52,)","(-0.52,)","(1.02,)","(-1.02,)","(64,)","(64,)","(64,)","(63,)","(68,)","(63,)","(62,)","(62,)","(64,)","(64,)","(64,)","(63,)","(0,)","(0,)","(0,)","(0,)"
"(63,)","(65,)","(65,)","(64,)","(-1.02,)","(0.52,)","(0.52,)","(1.02,)","(63,)","(65,)","(65,)","(64,)","(68,)","(63,)","(63,)","(63,)","(63,)","(65,)","(65,)","(64,)","(0,)","(0,)","(0,)","(0,)"
"(64,)","(65,)","(65,)","(65,)","(1.02,)","(0.53,)","(0.53,)","(0.52,)","(64,)","(65,)","(65,)","(65,)","(69,)","(64,)","(64,)","(63,)","(64,)","(65,)","(65,)","(65,)","(0,)","(0,)","(0,)","(0,)"
"(68,)","(63,)","(63,)","(64,)","(3.86,)","(-2.08,)","(-2.08,)","(-0.52,)","(68,)","(63,)","(63,)","(64,)","(64,)","(64,)","(63,)","(63,)","(68,)","(63,)","(63,)","(64,)","(0,)","(0,)","(0,)","(0,)"
"(64,)","(63,)","(65,)","(65,)","(-3.86,)","(0.0,)","(2.08,)","(0.52,)","(64,)","(63,)","(65,)","(65,)","(64,)","(64,)","(64,)","(64,)","(64,)","(63,)","(65,)","(65,)","(0,)","(0,)","(0,)","(0,)"
"(66,)","(65,)","(65,)","(64,)","(2.15,)","(2.08,)","(-0.53,)","(-0.52,)","(66,)","(65,)","(65,)","(64,)","(64,)","(64,)","(64,)","(64,)","(66,)","(65,)","(65,)","(64,)","(0,)","(0,)","(0,)","(0,)"
"(65,)","(66,)","(64,)","(63,)","(-1.09,)","(1.09,)","(-0.52,)","(-1.02,)","(65,)","(66,)","(64,)","(63,)","(65,)","(64,)","(64,)","(64,)","(65,)","(66,)","(64,)","(63,)","(0,)","(0,)","(0,)","(0,)"
"(63,)","(65,)","(66,)","(66,)","(-2.08,)","(-1.09,)","(2.15,)","(3.17,)","(63,)","(65,)","(66,)","(66,)","(65,)","(64,)","(64,)","(64,)","(63,)","(65,)","(66,)","(66,)","(0,)","(0,)","(0,)","(0,)"
"(66,)","(66,)","(64,)","(65,)","(3.17,)","(1.09,)","(-2.15,)","(-1.63,)","(66,)","(66,)","(64,)","(65,)","(65,)","(64,)","(64,)","(64,)","(66,)","(66,)","(64,)","(65,)","(0,)","(0,)","(0,)","(0,)"
"(68,)","(66,)","(66,)","(64,)","(1.71,)","(0.0,)","(2.15,)","(-0.52,)","(68,)","(66,)","(66,)","(64,)","(65,)","(65,)","(65,)","(64,)","(68,)","(66,)","(66,)","(64,)","(0,)","(0,)","(0,)","(0,)"
"(67,)","(66,)","(64,)","(65,)","(-0.58,)","(0.0,)","(-2.15,)","(0.52,)","(67,)","(66,)","(64,)","(65,)","(65,)","(65,)","(64,)","(64,)","(67,)","(66,)","(64,)","(65,)","(0,)","(0,)","(0,)","(0,)"
"(67,)","(66,)","(65,)","(66,)","(0.0,)","(0.0,)","(0.52,)","(1.63,)","(67,)","(66,)","(65,)","(66,)","(66,)","(65,)","(64,)","(64,)","(67,)","(66,)","(65,)","(66,)","(0,)","(0,)","(0,)","(0,)"
"(66,)","(67,)","(65,)","(63,)","(-1.13,)","(1.13,)","(0.53,)","(-3.17,)","(66,)","(67,)","(65,)","(63,)","(66,)","(66,)","(65,)","(64,)","(66,)","(67,)","(65,)","(63,)","(0,)","(0,)","(0,)","(0,)"
"(66,)","(66,)","(65,)","(64,)","(0.0,)","(-1.13,)","(-0.53,)","(1.02,)","(66,)","(66,)","(65,)","(64,)","(66,)","(66,)","(64,)","(64,)","(66,)","(66,)","(65,)","(64,)","(0,)","(0,)","(0,)","(0,)"
"(66,)","(66,)","(64,)","(66,)","(0.0,)","(0.0,)","(-0.52,)","(2.15,)","(66,)","(66,)","(64,)","(66,)","(66,)","(66,)","(64,)","(64,)","(66,)","(66,)","(64,)","(66,)","(0,)","(0,)","(0,)","(0,)"
"(66,)","(66,)","(65,)","(64,)","(0.0,)","(0.0,)","(0.52,)","(-2.15,)","(66,)","(66,)","(65,)","(64,)","(66,)","(66,)","(64,)","(64,)","(66,)","(66,)","(65,)","(64,)","(0,)","(0,)","(0,)","(0,)"
"(91,)","(104,)","(80,)","(129,)","(25.29,)","(37.91,)","(14.96,)","(64.52,)","(91,)","(104,)","(80,)","(129,)","(70,)","(72,)","(67,)","(75,)","(91,)","(104,)","(80,)","(129,)","(0,)","(0,)","(0,)","(0,)"
"(62,)","(96,)","(62,)","(126,)","(-29.45,)","(-7.61,)","(-17.98,)","(-2.05,)","(62,)","(96,)","(62,)","(126,)","(69,)","(77,)","(66,)","(85,)","(62,)","(96,)","(62,)","(126,)","(0,)","(0,)","(0,)","(0,)"
"(78,)","(62,)","(59,)","(60,)","(15.93,)","(-34.95,)","(-2.76,)","(-66.38,)","(78,)","(62,)","(59,)","(60,)","(71,)","(76,)","(65,)","(84,)","(78,)","(62,)","(59,)","(60,)","(0,)","(0,)","(0,)","(0,)"
"(70,)","(88,)","(56,)","(62,)","(-8.26,)","(26.87,)","(-2.52,)","(1.41,)","(70,)","(88,)","(56,)","(62,)","(72,)","(80,)","(64,)","(84,)","(70,)","(88,)","(56,)","(62,)","(0,)","(0,)","(0,)","(0,)"
"(51,)","(56,)","(59,)","(76,)","(-18.89,)","(-32.15,)","(2.52,)","(14.17,)","(51,)","(56,)","(59,)","(76,)","(69,)","(78,)","(63,)","(86,)","(51,)","(56,)","(59,)","(76,)","(0,)","(0,)","(0,)","(0,)"
"(86,)","(54,)","(57,)","(60,)","(35.67,)","(-2.32,)","(-1.29,)","(-15.58,)","(86,)","(54,)","(57,)","(60,)","(73,)","(76,)","(62,)","(85,)","(86,)","(54,)","(57,)","(60,)","(0,)","(0,)","(0,)","(0,)"
"(54,)","(56,)","(59,)","(59,)","(-32.53,)","(1.92,)","(1.29,)","(-0.9,)","(54,)","(56,)","(59,)","(59,)","(66,)","(68,)","(58,)","(73,)","(54,)","(56,)","(59,)","(59,)","(0,)","(0,)","(0,)","(0,)"
"(58,)","(62,)","(56,)","(59,)","(4.4,)","(5.68,)","(-2.52,)","(-0.44,)","(58,)","(62,)","(56,)","(59,)","(66,)","(63,)","(57,)","(62,)","(58,)","(62,)","(56,)","(59,)","(0,)","(0,)","(0,)","(0,)"
"(62,)","(60,)","(57,)","(60,)","(3.19,)","(-1.41,)","(1.23,)","(1.35,)","(62,)","(60,)","(57,)","(60,)","(63,)","(62,)","(57,)","(62,)","(62,)","(60,)","(57,)","(60,)","(0,)","(0,)","(0,)","(0,)"
"(57,)","(61,)","(62,)","(60,)","(-4.04,)","(0.93,)","(4.53,)","(0.0,)","(57,)","(61,)","(62,)","(60,)","(61,)","(58,)","(58,)","(62,)","(57,)","(61,)","(62,)","(60,)","(0,)","(0,)","(0,)","(0,)"
"(59,)","(59,)","(63,)","(60,)","(1.29,)","(-2.28,)","(0.99,)","(0.0,)","(59,)","(59,)","(63,)","(60,)","(62,)","(58,)","(59,)","(59,)","(59,)","(59,)","(63,)","(60,)","(0,)","(0,)","(0,)","(0,)"
"(61,)","(65,)","(62,)","(62,)","(2.28,)","(5.78,)","(-0.99,)","(1.41,)","(61,)","(65,)","(62,)","(62,)","(58,)","(60,)","(59,)","(60,)","(61,)","(65,)","(62,)","(62,)","(0,)","(0,)","(0,)","(0,)"
"(63,)","(64,)","(66,)","(63,)","(1.95,)","(-0.52,)","(4.17,)","(1.48,)","(63,)","(64,)","(66,)","(63,)","(60,)","(61,)","(61,)","(60,)","(63,)","(64,)","(66,)","(63,)","(0,)","(0,)","(0,)","(0,)"
"(88,)","(121,)","(108,)","(78,)","(25.4,)","(56.7,)","(42.18,)","(14.94,)","(88,)","(121,)","(108,)","(78,)","(65,)","(71,)","(69,)","(63,)","(88,)","(121,)","(108,)","(78,)","(0,)","(0,)","(0,)","(0,)"
"(74,)","(67,)","(65,)","(62,)","(-14.81,)","(-53.42,)","(-43.8,)","(-16.42,)","(74,)","(67,)","(65,)","(62,)","(67,)","(72,)","(71,)","(64,)","(74,)","(67,)","(65,)","(62,)","(0,)","(0,)","(0,)","(0,)"
"(56,)","(100,)","(84,)","(58,)","(-17.34,)","(32.2,)","(19.62,)","(-3.19,)","(56,)","(100,)","(84,)","(58,)","(66,)","(79,)","(74,)","(63,)","(56,)","(100,)","(84,)","(58,)","(0,)","(0,)","(0,)","(0,)"
"(60,)","(64,)","(63,)","(59,)","(3.87,)","(-35.48,)","(-21.16,)","(0.44,)","(60,)","(64,)","(63,)","(59,)","(67,)","(80,)","(74,)","(63,)","(60,)","(64,)","(63,)","(59,)","(0,)","(0,)","(0,)","(0,)"
"(63,)","(62,)","(63,)","(63,)","(2.89,)","(-2.5,)","(0.0,)","(4.23,)","(63,)","(62,)","(63,)","(63,)","(67,)","(79,)","(74,)","(63,)","(63,)","(62,)","(63,)","(63,)","(0,)","(0,)","(0,)","(0,)"
"(63,)","(62,)","(64,)","(63,)","(0.0,)","(0.48,)","(1.02,)","(0.0,)","(63,)","(62,)","(64,)","(63,)","(67,)","(79,)","(74,)","(63,)","(63,)","(62,)","(64,)","(63,)","(0,)","(0,)","(0,)","(0,)"
"(64,)","(65,)","(63,)","(62,)","(1.02,)","(2.54,)","(-1.02,)","(-1.48,)","(64,)","(65,)","(63,)","(62,)","(63,)","(70,)","(67,)","(61,)","(64,)","(65,)","(63,)","(62,)","(0,)","(0,)","(0,)","(0,)"
"(60,)","(65,)","(66,)","(60,)","(-3.91,)","(0.53,)","(3.17,)","(-1.41,)","(60,)","(65,)","(66,)","(60,)","(61,)","(69,)","(67,)","(60,)","(60,)","(65,)","(66,)","(60,)","(0,)","(0,)","(0,)","(0,)"
"(65,)","(66,)","(66,)","(62,)","(4.43,)","(1.09,)","(0.0,)","(1.89,)","(65,)","(66,)","(66,)","(62,)","(62,)","(64,)","(64,)","(61,)","(65,)","(66,)","(66,)","(62,)","(0,)","(0,)","(0,)","(0,)"
"(63,)","(65,)","(65,)","(63,)","(-1.55,)","(-1.09,)","(-1.63,)","(0.99,)","(63,)","(65,)","(65,)","(63,)","(63,)","(64,)","(64,)","(62,)","(63,)","(65,)","(65,)","(63,)","(0,)","(0,)","(0,)","(0,)"
"(65,)","(68,)","(67,)","(63,)","(1.55,)","(2.8,)","(2.76,)","(0.0,)","(65,)","(68,)","(67,)","(63,)","(63,)","(65,)","(65,)","(62,)","(65,)","(68,)","(67,)","(63,)","(0,)","(0,)","(0,)","(0,)"
"(64,)","(66,)","(65,)","(63,)","(-0.52,)","(-1.71,)","(-2.76,)","(0.0,)","(64,)","(66,)","(65,)","(63,)","(63,)","(65,)","(65,)","(62,)","(64,)","(66,)","(65,)","(63,)","(0,)","(0,)","(0,)","(0,)"
"(66,)","(68,)","(70,)","(65,)","(2.15,)","(1.71,)","(5.13,)","(2.08,)","(66,)","(68,)","(70,)","(65,)","(63,)","(66,)","(66,)","(62,)","(66,)","(68,)","(70,)","(65,)","(0,)","(0,)","(0,)","(0,)"
"(65,)","(67,)","(68,)","(66,)","(-1.09,)","(-0.58,)","(-1.8,)","(1.09,)","(65,)","(67,)","(68,)","(66,)","(64,)","(66,)","(66,)","(63,)","(65,)","(67,)","(68,)","(66,)","(0,)","(0,)","(0,)","(0,)"
"(70,)","(68,)","(67,)","(65,)","(4.6,)","(1.17,)","(-0.58,)","(-1.09,)","(70,)","(68,)","(67,)","(65,)","(65,)","(67,)","(67,)","(64,)","(70,)","(68,)","(67,)","(65,)","(0,)","(0,)","(0,)","(0,)"
"(66,)","(68,)","(70,)","(66,)","(-3.51,)","(-0.59,)","(2.38,)","(1.09,)","(66,)","(68,)","(70,)","(66,)","(66,)","(67,)","(67,)","(64,)","(66,)","(68,)","(70,)","(66,)","(0,)","(0,)","(0,)","(0,)"
"(67,)","(70,)","(68,)","(65,)","(1.13,)","(1.8,)","(-1.8,)","(-1.09,)","(67,)","(70,)","(68,)","(65,)","(66,)","(67,)","(68,)","(65,)","(67,)","(70,)","(68,)","(65,)","(0,)","(0,)","(0,)","(0,)"
"(65,)","(66,)","(68,)","(66,)","(-2.76,)","(-3.51,)","(0.59,)","(1.09,)","(65,)","(66,)","(68,)","(66,)","(66,)","(67,)","(68,)","(65,)","(65,)","(66,)","(68,)","(66,)","(0,)","(0,)","(0,)","(0,)"
"(67,)","(68,)","(68,)","(65,)","(2.76,)","(2.3,)","(0.0,)","(-1.09,)","(67,)","(68,)","(68,)","(65,)","(66,)","(67,)","(68,)","(65,)","(67,)","(68,)","(68,)","(65,)","(0,)","(0,)","(0,)","(0,)"
"(66,)","(66,)","(68,)","(66,)","(-1.13,)","(-2.3,)","(-0.59,)","(1.09,)","(66,)","(66,)","(68,)","(66,)","(66,)","(67,)","(68,)","(65,)","(66,)","(66,)","(68,)","(66,)","(0,)","(0,)","(0,)","(0,)"
"(65,)","(68,)","(68,)","(66,)","(-1.09,)","(1.71,)","(0.59,)","(0.0,)","(65,)","(68,)","(68,)","(66,)","(66,)","(67,)","(68,)","(65,)","(65,)","(68,)","(68,)","(66,)","(0,)","(0,)","(0,)","(0,)"
"(68,)","(68,)","(68,)","(65,)","(2.8,)","(0.59,)","(0.0,)","(-1.63,)","(68,)","(68,)","(68,)","(65,)","(66,)","(67,)","(68,)","(65,)","(68,)","(68,)","(68,)","(65,)","(0,)","(0,)","(0,)","(0,)"
"(65,)","(67,)","(68,)","(65,)","(-2.8,)","(-1.17,)","(-0.59,)","(0.53,)","(65,)","(67,)","(68,)","(65,)","(66,)","(67,)","(68,)","(65,)","(65,)","(67,)","(68,)","(65,)","(0,)","(0,)","(0,)","(0,)"
"(65,)","(68,)","(68,)","(65,)","(-0.53,)","(0.58,)","(0.59,)","(-0.53,)","(65,)","(68,)","(68,)","(65,)","(66,)","(67,)","(68,)","(65,)","(65,)","(68,)","(68,)","(65,)","(0,)","(0,)","(0,)","(0,)"
"(63,)","(66,)","(68,)","(64,)","(-1.55,)","(-1.71,)","(-0.59,)","(-0.52,)","(63,)","(66,)","(68,)","(64,)","(65,)","(67,)","(68,)","(65,)","(63,)","(66,)","(68,)","(64,)","(0,)","(0,)","(0,)","(0,)"
"(63,)","(68,)","(68,)","(65,)","(0.0,)","(1.71,)","(0.59,)","(0.52,)","(63,)","(68,)","(68,)","(65,)","(64,)","(67,)","(68,)","(65,)","(63,)","(68,)","(68,)","(65,)","(0,)","(0,)","(0,)","(0,)"
"(63,)","(70,)","(67,)","(63,)","(0.0,)","(1.8,)","(-1.17,)","(-1.55,)","(63,)","(70,)","(67,)","(63,)","(64,)","(67,)","(67,)","(64,)","(63,)","(70,)","(67,)","(63,)","(0,)","(0,)","(0,)","(0,)"
"(63,)","(68,)","(68,)","(65,)","(0.0,)","(-1.21,)","(0.58,)","(1.55,)","(63,)","(68,)","(68,)","(65,)","(63,)","(67,)","(67,)","(64,)","(63,)","(68,)","(68,)","(65,)","(0,)","(0,)","(0,)","(0,)"
"(63,)","(70,)","(68,)","(61,)","(0.0,)","(1.21,)","(0.59,)","(-3.5,)","(63,)","(70,)","(68,)","(61,)","(63,)","(68,)","(67,)","(63,)","(63,)","(70,)","(68,)","(61,)","(0,)","(0,)","(0,)","(0,)"
"(63,)","(68,)","(70,)","(65,)","(0.0,)","(-1.21,)","(1.21,)","(3.5,)","(63,)","(68,)","(70,)","(65,)","(63,)","(68,)","(68,)","(63,)","(63,)","(68,)","(70,)","(65,)","(0,)","(0,)","(0,)","(0,)"
"(67,)","(68,)","(68,)","(66,)","(4.3,)","(-0.59,)","(-1.8,)","(1.63,)","(67,)","(68,)","(68,)","(66,)","(63,)","(68,)","(68,)","(64,)","(67,)","(68,)","(68,)","(66,)","(0,)","(0,)","(0,)","(0,)"
"(65,)","(67,)","(67,)","(66,)","(-2.76,)","(-0.58,)","(-0.58,)","(0.0,)","(65,)","(67,)","(67,)","(66,)","(64,)","(68,)","(68,)","(64,)","(65,)","(67,)","(67,)","(66,)","(0,)","(0,)","(0,)","(0,)"
"(66,)","(70,)","(72,)","(65,)","(1.63,)","(2.38,)","(4.28,)","(-1.09,)","(66,)","(70,)","(72,)","(65,)","(64,)","(68,)","(68,)","(64,)","(66,)","(70,)","(72,)","(65,)","(0,)","(0,)","(0,)","(0,)"
"(68,)","(72,)","(70,)","(66,)","(1.71,)","(1.9,)","(-1.9,)","(1.09,)","(68,)","(72,)","(70,)","(66,)","(65,)","(69,)","(69,)","(64,)","(68,)","(72,)","(70,)","(66,)","(0,)","(0,)","(0,)","(0,)"
"(66,)","(68,)","(67,)","(65,)","(-1.71,)","(-3.11,)","(-2.38,)","(-1.09,)","(66,)","(68,)","(67,)","(65,)","(65,)","(68,)","(69,)","(65,)","(66,)","(68,)","(67,)","(65,)","(0,)","(0,)","(0,)","(0,)"
"(65,)","(68,)","(72,)","(65,)","(-1.63,)","(0.0,)","(4.28,)","(-0.53,)","(65,)","(68,)","(72,)","(65,)","(66,)","(68,)","(69,)","(65,)","(65,)","(68,)","(72,)","(65,)","(0,)","(0,)","(0,)","(0,)"
"(102,)","(125,)","(97,)","(81,)","(37.52,)","(56.03,)","(25.49,)","(16.59,)","(102,)","(125,)","(97,)","(81,)","(72,)","(78,)","(74,)","(68,)","(102,)","(125,)","(97,)","(81,)","(0,)","(0,)","(0,)","(0,)"
"(65,)","(80,)","(67,)","(65,)","(-37.52,)","(-45.0,)","(-29.76,)","(-16.59,)","(65,)","(80,)","(67,)","(65,)","(72,)","(80,)","(74,)","(67,)","(65,)","(80,)","(67,)","(65,)","(0,)","(0,)","(0,)","(0,)"
"(67,)","(113,)","(57,)","(64,)","(2.76,)","(33.48,)","(-9.83,)","(-0.52,)","(67,)","(113,)","(57,)","(64,)","(72,)","(87,)","(71,)","(67,)","(67,)","(113,)","(57,)","(64,)","(0,)","(0,)","(0,)","(0,)"
"(65,)","(54,)","(55,)","(60,)","(-2.76,)","(-59.05,)","(-2.42,)","(-3.91,)","(65,)","(54,)","(55,)","(60,)","(71,)","(84,)","(69,)","(66,)","(65,)","(54,)","(55,)","(60,)","(0,)","(0,)","(0,)","(0,)"
"(64,)","(83,)","(52,)","(56,)","(-0.52,)","(28.91,)","(-3.27,)","(-3.87,)","(64,)","(83,)","(52,)","(56,)","(71,)","(87,)","(66,)","(65,)","(64,)","(83,)","(52,)","(56,)","(0,)","(0,)","(0,)","(0,)"
"(60,)","(52,)","(51,)","(83,)","(-3.91,)","(-31.05,)","(-1.01,)","(26.6,)","(60,)","(52,)","(51,)","(83,)","(70,)","(84,)","(63,)","(68,)","(60,)","(52,)","(51,)","(83,)","(0,)","(0,)","(0,)","(0,)"
"(56,)","(57,)","(55,)","(83,)","(-3.87,)","(5.68,)","(4.27,)","(0.0,)","(56,)","(57,)","(55,)","(83,)","(62,)","(73,)","(56,)","(68,)","(56,)","(57,)","(55,)","(83,)","(0,)","(0,)","(0,)","(0,)"
"(56,)","(56,)","(56,)","(56,)","(0.0,)","(-1.23,)","(1.18,)","(-26.6,)","(56,)","(56,)","(56,)","(56,)","(61,)","(69,)","(54,)","(67,)","(56,)","(56,)","(56,)","(56,)","(0,)","(0,)","(0,)","(0,)"
"(59,)","(58,)","(56,)","(56,)","(2.96,)","(2.09,)","(0.0,)","(-0.4,)","(59,)","(58,)","(56,)","(56,)","(60,)","(60,)","(54,)","(65,)","(59,)","(58,)","(56,)","(56,)","(0,)","(0,)","(0,)","(0,)"
"(57,)","(57,)","(60,)","(59,)","(-1.73,)","(-0.85,)","(3.87,)","(2.92,)","(57,)","(57,)","(60,)","(59,)","(58,)","(60,)","(55,)","(65,)","(57,)","(57,)","(60,)","(59,)","(0,)","(0,)","(0,)","(0,)"
"(57,)","(60,)","(62,)","(60,)","(0.0,)","(2.64,)","(1.41,)","(1.35,)","(57,)","(60,)","(62,)","(60,)","(57,)","(56,)","(56,)","(66,)","(57,)","(60,)","(62,)","(60,)","(0,)","(0,)","(0,)","(0,)"
"(63,)","(59,)","(62,)","(61,)","(5.52,)","(-1.35,)","(0.48,)","(0.93,)","(63,)","(59,)","(62,)","(61,)","(58,)","(57,)","(58,)","(62,)","(63,)","(59,)","(62,)","(61,)","(0,)","(0,)","(0,)","(0,)"
"(63,)","(62,)","(62,)","(62,)","(0.0,)","(3.24,)","(-0.48,)","(0.48,)","(63,)","(62,)","(62,)","(62,)","(59,)","(58,)","(59,)","(59,)","(63,)","(62,)","(62,)","(62,)","(0,)","(0,)","(0,)","(0,)"
"(62,)","(62,)","(62,)","(63,)","(-1.48,)","(-0.48,)","(0.0,)","(1.48,)","(62,)","(62,)","(62,)","(63,)","(60,)","(59,)","(60,)","(60,)","(62,)","(62,)","(62,)","(63,)","(0,)","(0,)","(0,)","(0,)"
"(61,)","(62,)","(63,)","(62,)","(-0.48,)","(0.48,)","(1.48,)","(-0.99,)","(61,)","(62,)","(63,)","(62,)","(60,)","(60,)","(61,)","(61,)","(61,)","(62,)","(63,)","(62,)","(0,)","(0,)","(0,)","(0,)"
"(62,)","(65,)","(65,)","(63,)","(0.48,)","(2.54,)","(1.55,)","(0.99,)","(62,)","(65,)","(65,)","(63,)","(61,)","(61,)","(62,)","(61,)","(62,)","(65,)","(65,)","(63,)","(0,)","(0,)","(0,)","(0,)"
"(66,)","(62,)","(63,)","(63,)","(4.65,)","(-3.03,)","(-1.55,)","(0.0,)","(66,)","(62,)","(63,)","(63,)","(62,)","(62,)","(62,)","(62,)","(66,)","(62,)","(63,)","(63,)","(0,)","(0,)","(0,)","(0,)"
"(63,)","(63,)","(65,)","(63,)","(-3.17,)","(1.48,)","(1.55,)","(0.0,)","(63,)","(63,)","(65,)","(63,)","(62,)","(62,)","(63,)","(62,)","(63,)","(63,)","(65,)","(63,)","(0,)","(0,)","(0,)","(0,)"
"(63,)","(65,)","(64,)","(65,)","(0.0,)","(1.55,)","(-0.52,)","(1.55,)","(63,)","(65,)","(64,)","(65,)","(62,)","(63,)","(63,)","(63,)","(63,)","(65,)","(64,)","(65,)","(0,)","(0,)","(0,)","(0,)"
"(65,)","(65,)","(66,)","(64,)","(2.08,)","(0.53,)","(2.15,)","(-0.52,)","(65,)","(65,)","(66,)","(64,)","(63,)","(63,)","(64,)","(63,)","(65,)","(65,)","(66,)","(64,)","(0,)","(0,)","(0,)","(0,)"
"(65,)","(65,)","(64,)","(65,)","(-0.53,)","(-0.53,)","(-2.15,)","(1.06,)","(65,)","(65,)","(64,)","(65,)","(64,)","(64,)","(64,)","(63,)","(65,)","(65,)","(64,)","(65,)","(0,)","(0,)","(0,)","(0,)"
"(65,)","(65,)","(65,)","(65,)","(0.53,)","(0.53,)","(0.52,)","(-0.53,)","(65,)","(65,)","(65,)","(65,)","(64,)","(64,)","(64,)","(64,)","(65,)","(65,)","(65,)","(65,)","(0,)","(0,)","(0,)","(0,)"
"(70,)","(66,)","(65,)","(65,)","(4.6,)","(1.09,)","(0.53,)","(0.53,)","(70,)","(66,)","(65,)","(65,)","(65,)","(64,)","(64,)","(64,)","(70,)","(66,)","(65,)","(65,)","(0,)","(0,)","(0,)","(0,)"
"(108,)","(93,)","(129,)","(78,)","(38.67,)","(26.36,)","(63.46,)","(12.86,)","(108,)","(93,)","(129,)","(78,)","(72,)","(69,)","(75,)","(67,)","(108,)","(93,)","(129,)","(78,)","(0,)","(0,)","(0,)","(0,)"
"(67,)","(70,)","(62,)","(63,)","(-41.05,)","(-22.85,)","(-67.02,)","(-14.94,)","(67,)","(70,)","(62,)","(63,)","(73,)","(70,)","(75,)","(66,)","(67,)","(70,)","(62,)","(63,)","(0,)","(0,)","(0,)","(0,)"
"(65,)","(62,)","(56,)","(58,)","(-2.76,)","(-7.68,)","(-5.28,)","(-4.67,)","(65,)","(62,)","(56,)","(58,)","(73,)","(70,)","(73,)","(65,)","(65,)","(62,)","(56,)","(58,)","(0,)","(0,)","(0,)","(0,)"
"(63,)","(63,)","(55,)","(52,)","(-1.55,)","(0.99,)","(-1.18,)","(-6.54,)","(63,)","(63,)","(55,)","(52,)","(73,)","(69,)","(72,)","(63,)","(63,)","(63,)","(55,)","(52,)","(0,)","(0,)","(0,)","(0,)"
"(55,)","(86,)","(53,)","(47,)","(-7.94,)","(22.53,)","(-2.22,)","(-4.67,)","(55,)","(86,)","(53,)","(47,)","(71,)","(73,)","(70,)","(60,)","(55,)","(86,)","(53,)","(47,)","(0,)","(0,)","(0,)","(0,)"
"(70,)","(57,)","(55,)","(48,)","(14.62,)","(-28.05,)","(2.22,)","(0.87,)","(70,)","(57,)","(55,)","(48,)","(71,)","(71,)","(68,)","(57,)","(70,)","(57,)","(55,)","(48,)","(0,)","(0,)","(0,)","(0,)"
"(65,)","(83,)","(54,)","(51,)","(-5.13,)","(25.36,)","(-1.13,)","(2.8,)","(65,)","(83,)","(54,)","(51,)","(64,)","(70,)","(55,)","(53,)","(65,)","(83,)","(54,)","(51,)","(0,)","(0,)","(0,)","(0,)"
"(55,)","(152,)","(54,)","(52,)","(-9.49,)","(69.05,)","(0.0,)","(1.01,)","(55,)","(152,)","(54,)","(52,)","(62,)","(83,)","(54,)","(51,)","(55,)","(152,)","(54,)","(52,)","(0,)","(0,)","(0,)","(0,)"
"(111,)","(59,)","(57,)","(51,)","(55.56,)","(-93.12,)","(3.55,)","(-1.01,)","(111,)","(59,)","(57,)","(51,)","(69,)","(83,)","(54,)","(50,)","(111,)","(59,)","(57,)","(51,)","(0,)","(0,)","(0,)","(0,)"
"(58,)","(58,)","(59,)","(53,)","(-52.29,)","(-0.44,)","(1.29,)","(2.05,)","(58,)","(58,)","(59,)","(53,)","(69,)","(82,)","(55,)","(50,)","(58,)","(58,)","(59,)","(53,)","(0,)","(0,)","(0,)","(0,)"
"(57,)","(59,)","(60,)","(57,)","(-0.85,)","(0.44,)","(1.35,)","(3.81,)","(57,)","(59,)","(60,)","(57,)","(69,)","(78,)","(56,)","(52,)","(57,)","(59,)","(60,)","(57,)","(0,)","(0,)","(0,)","(0,)"
"(60,)","(62,)","(60,)","(57,)","(2.64,)","(2.76,)","(0.0,)","(0.83,)","(60,)","(62,)","(60,)","(57,)","(67,)","(78,)","(57,)","(53,)","(60,)","(62,)","(60,)","(57,)","(0,)","(0,)","(0,)","(0,)"
"(88,)","(62,)","(62,)","(59,)","(28.28,)","(0.48,)","(1.41,)","(1.29,)","(88,)","(62,)","(62,)","(59,)","(71,)","(75,)","(58,)","(54,)","(88,)","(62,)","(62,)","(59,)","(0,)","(0,)","(0,)","(0,)"
"(60,)","(63,)","(63,)","(60,)","(-28.28,)","(0.99,)","(1.48,)","(1.35,)","(60,)","(63,)","(63,)","(60,)","(72,)","(60,)","(60,)","(56,)","(60,)","(63,)","(63,)","(60,)","(0,)","(0,)","(0,)","(0,)"
"(63,)","(63,)","(65,)","(62,)","(2.89,)","(0.0,)","(1.55,)","(1.89,)","(63,)","(63,)","(65,)","(62,)","(64,)","(61,)","(61,)","(58,)","(63,)","(63,)","(65,)","(62,)","(0,)","(0,)","(0,)","(0,)"
"(63,)","(63,)","(64,)","(62,)","(0.0,)","(0.0,)","(-0.52,)","(-0.48,)","(63,)","(63,)","(64,)","(62,)","(65,)","(62,)","(62,)","(59,)","(63,)","(63,)","(64,)","(62,)","(0,)","(0,)","(0,)","(0,)"
"(66,)","(66,)","(66,)","(63,)","(3.17,)","(3.17,)","(2.15,)","(1.48,)","(66,)","(66,)","(66,)","(63,)","(66,)","(63,)","(63,)","(60,)","(66,)","(66,)","(66,)","(63,)","(0,)","(0,)","(0,)","(0,)"
"(62,)","(66,)","(66,)","(65,)","(-4.65,)","(0.0,)","(0.0,)","(1.55,)","(62,)","(66,)","(66,)","(65,)","(67,)","(63,)","(64,)","(61,)","(62,)","(66,)","(66,)","(65,)","(0,)","(0,)","(0,)","(0,)"
"(64,)","(65,)","(65,)","(62,)","(2.5,)","(-1.63,)","(-1.63,)","(-3.03,)","(64,)","(65,)","(65,)","(62,)","(63,)","(64,)","(64,)","(62,)","(64,)","(65,)","(65,)","(62,)","(0,)","(0,)","(0,)","(0,)"
"(63,)","(66,)","(66,)","(64,)","(-1.02,)","(1.63,)","(1.63,)","(2.5,)","(63,)","(66,)","(66,)","(64,)","(63,)","(64,)","(65,)","(63,)","(63,)","(66,)","(66,)","(64,)","(0,)","(0,)","(0,)","(0,)"
"(64,)","(66,)","(67,)","(65,)","(1.02,)","(0.0,)","(1.13,)","(0.52,)","(64,)","(66,)","(67,)","(65,)","(63,)","(65,)","(65,)","(63,)","(64,)","(66,)","(67,)","(65,)","(0,)","(0,)","(0,)","(0,)"
"(68,)","(68,)","(66,)","(64,)","(3.86,)","(1.71,)","(-1.13,)","(-0.52,)","(68,)","(68,)","(66,)","(64,)","(64,)","(66,)","(66,)","(63,)","(68,)","(68,)","(66,)","(64,)","(0,)","(0,)","(0,)","(0,)"
"(66,)","(67,)","(67,)","(66,)","(-1.71,)","(-0.58,)","(1.13,)","(2.15,)","(66,)","(67,)","(67,)","(66,)","(64,)","(66,)","(66,)","(64,)","(66,)","(67,)","(67,)","(66,)","(0,)","(0,)","(0,)","(0,)"
"(65,)","(70,)","(68,)","(65,)","(-1.63,)","(2.38,)","(0.58,)","(-1.09,)","(65,)","(70,)","(68,)","(65,)","(65,)","(67,)","(66,)","(64,)","(65,)","(70,)","(68,)","(65,)","(0,)","(0,)","(0,)","(0,)"
"(64,)","(67,)","(67,)","(65,)","(-0.52,)","(-2.38,)","(-0.58,)","(-0.53,)","(64,)","(67,)","(67,)","(65,)","(65,)","(67,)","(66,)","(64,)","(64,)","(67,)","(67,)","(65,)","(0,)","(0,)","(0,)","(0,)"
"(65,)","(68,)","(67,)","(64,)","(0.52,)","(1.17,)","(0.0,)","(-0.52,)","(65,)","(68,)","(67,)","(64,)","(65,)","(67,)","(67,)","(64,)","(65,)","(68,)","(67,)","(64,)","(0,)","(0,)","(0,)","(0,)"
"(61,)","(102,)","(65,)","(90,)","(-3.5,)","(33.6,)","(-2.76,)","(26.39,)","(61,)","(102,)","(65,)","(90,)","(64,)","(73,)","(66,)","(69,)","(61,)","(102,)","(65,)","(90,)","(0,)","(0,)","(0,)","(0,)"
"(62,)","(68,)","(63,)","(59,)","(0.48,)","(-33.6,)","(-1.55,)","(-31.65,)","(62,)","(68,)","(63,)","(59,)","(63,)","(73,)","(66,)","(68,)","(62,)","(68,)","(63,)","(59,)","(0,)","(0,)","(0,)","(0,)"
"(90,)","(66,)","(57,)","(57,)","(28.89,)","(-2.3,)","(-5.52,)","(-1.29,)","(90,)","(66,)","(57,)","(57,)","(67,)","(73,)","(64,)","(66,)","(90,)","(66,)","(57,)","(57,)","(0,)","(0,)","(0,)","(0,)"
"(78,)","(59,)","(57,)","(57,)","(-12.48,)","(-6.97,)","(0.0,)","(0.0,)","(78,)","(59,)","(57,)","(57,)","(70,)","(71,)","(62,)","(65,)","(78,)","(59,)","(57,)","(57,)","(0,)","(0,)","(0,)","(0,)"
"(53,)","(86,)","(53,)","(57,)","(-25.1,)","(27.26,)","(-4.64,)","(0.0,)","(53,)","(86,)","(53,)","(57,)","(68,)","(74,)","(60,)","(64,)","(53,)","(86,)","(53,)","(57,)","(0,)","(0,)","(0,)","(0,)"
"(54,)","(54,)","(53,)","(85,)","(1.09,)","(-32.53,)","(0.0,)","(27.14,)","(54,)","(54,)","(53,)","(85,)","(66,)","(72,)","(58,)","(67,)","(54,)","(54,)","(53,)","(85,)","(0,)","(0,)","(0,)","(0,)"
"(53,)","(53,)","(86,)","(57,)","(-1.09,)","(-1.09,)","(33.62,)","(-27.14,)","(53,)","(53,)","(86,)","(57,)","(65,)","(64,)","(61,)","(62,)","(53,)","(53,)","(86,)","(57,)","(0,)","(0,)","(0,)","(0,)"
"(54,)","(54,)","(56,)","(57,)","(1.09,)","(1.09,)","(-30.22,)","(-0.83,)","(54,)","(54,)","(56,)","(57,)","(63,)","(62,)","(60,)","(61,)","(54,)","(54,)","(56,)","(57,)","(0,)","(0,)","(0,)","(0,)"
"(56,)","(53,)","(57,)","(57,)","(2.32,)","(-1.09,)","(1.23,)","(0.83,)","(56,)","(53,)","(57,)","(57,)","(58,)","(59,)","(60,)","(61,)","(56,)","(53,)","(57,)","(57,)","(0,)","(0,)","(0,)","(0,)"
"(56,)","(57,)","(57,)","(56,)","(0.0,)","(4.64,)","(0.0,)","(-1.23,)","(56,)","(57,)","(57,)","(56,)","(54,)","(59,)","(60,)","(61,)","(56,)","(57,)","(57,)","(56,)","(0,)","(0,)","(0,)","(0,)"
"(62,)","(61,)","(55,)","(56,)","(5.76,)","(3.57,)","(-2.42,)","(0.0,)","(62,)","(61,)","(55,)","(56,)","(55,)","(55,)","(60,)","(61,)","(62,)","(61,)","(55,)","(56,)","(0,)","(0,)","(0,)","(0,)"
"(60,)","(62,)","(56,)","(57,)","(-1.89,)","(0.48,)","(1.18,)","(1.23,)","(60,)","(62,)","(56,)","(57,)","(56,)","(56,)","(61,)","(56,)","(60,)","(62,)","(56,)","(57,)","(0,)","(0,)","(0,)","(0,)"
"(63,)","(62,)","(62,)","(60,)","(2.89,)","(0.0,)","(5.28,)","(2.64,)","(63,)","(62,)","(62,)","(60,)","(58,)","(58,)","(57,)","(57,)","(63,)","(62,)","(62,)","(60,)","(0,)","(0,)","(0,)","(0,)"
"(62,)","(61,)","(60,)","(60,)","(-0.99,)","(-0.48,)","(-1.41,)","(0.0,)","(62,)","(61,)","(60,)","(60,)","(59,)","(59,)","(57,)","(57,)","(62,)","(61,)","(60,)","(60,)","(0,)","(0,)","(0,)","(0,)"
"(62,)","(63,)","(60,)","(59,)","(-0.48,)","(1.95,)","(0.0,)","(-1.35,)","(62,)","(63,)","(60,)","(59,)","(60,)","(61,)","(58,)","(58,)","(62,)","(63,)","(60,)","(59,)","(0,)","(0,)","(0,)","(0,)"
"(64,)","(63,)","(62,)","(61,)","(2.5,)","(0.0,)","(1.41,)","(2.28,)","(64,)","(63,)","(62,)","(61,)","(62,)","(62,)","(59,)","(58,)","(64,)","(63,)","(62,)","(61,)","(0,)","(0,)","(0,)","(0,)"
"(63,)","(65,)","(62,)","(63,)","(-1.02,)","(1.55,)","(0.48,)","(1.95,)","(63,)","(65,)","(62,)","(63,)","(62,)","(62,)","(60,)","(60,)","(63,)","(65,)","(62,)","(63,)","(0,)","(0,)","(0,)","(0,)"
"(76,)","(81,)","(83,)","(95,)","(12.7,)","(16.59,)","(20.83,)","(31.75,)","(76,)","(81,)","(83,)","(95,)","(65,)","(65,)","(64,)","(66,)","(76,)","(81,)","(83,)","(95,)","(0,)","(0,)","(0,)","(0,)"
"(64,)","(95,)","(63,)","(62,)","(-11.67,)","(13.61,)","(-19.84,)","(-32.74,)","(64,)","(95,)","(63,)","(62,)","(65,)","(71,)","(65,)","(66,)","(64,)","(95,)","(63,)","(62,)","(0,)","(0,)","(0,)","(0,)"
"(100,)","(62,)","(60,)","(59,)","(35.48,)","(-33.22,)","(-2.89,)","(-3.24,)","(100,)","(62,)","(60,)","(59,)","(71,)","(71,)","(65,)","(66,)","(100,)","(62,)","(60,)","(59,)","(0,)","(0,)","(0,)","(0,)"
"(106,)","(99,)","(59,)","(57,)","(6.67,)","(37.49,)","(-1.35,)","(-1.29,)","(106,)","(99,)","(59,)","(57,)","(78,)","(77,)","(64,)","(66,)","(106,)","(99,)","(59,)","(57,)","(0,)","(0,)","(0,)","(0,)"
"(66,)","(59,)","(59,)","(56,)","(-40.0,)","(-40.24,)","(0.0,)","(-1.23,)","(66,)","(59,)","(59,)","(56,)","(79,)","(76,)","(64,)","(65,)","(66,)","(59,)","(59,)","(56,)","(0,)","(0,)","(0,)","(0,)"
"(66,)","(56,)","(57,)","(53,)","(0.0,)","(-2.52,)","(-1.29,)","(-3.4,)","(66,)","(56,)","(57,)","(53,)","(79,)","(75,)","(63,)","(63,)","(66,)","(56,)","(57,)","(53,)","(0,)","(0,)","(0,)","(0,)"
"(82,)","(59,)","(55,)","(53,)","(15.38,)","(2.52,)","(-2.42,)","(0.0,)","(82,)","(59,)","(55,)","(53,)","(80,)","(71,)","(58,)","(56,)","(82,)","(59,)","(55,)","(53,)","(0,)","(0,)","(0,)","(0,)"
"(55,)","(56,)","(95,)","(54,)","(-26.5,)","(-2.52,)","(39.68,)","(0.72,)","(55,)","(56,)","(95,)","(54,)","(79,)","(65,)","(64,)","(55,)","(55,)","(56,)","(95,)","(54,)","(0,)","(0,)","(0,)","(0,)"
"(61,)","(55,)","(57,)","(56,)","(5.98,)","(-1.18,)","(-37.27,)","(2.68,)","(61,)","(55,)","(57,)","(56,)","(72,)","(64,)","(63,)","(54,)","(61,)","(55,)","(57,)","(56,)","(0,)","(0,)","(0,)","(0,)"
"(59,)","(57,)","(57,)","(54,)","(-2.28,)","(2.42,)","(0.0,)","(-2.32,)","(59,)","(57,)","(57,)","(54,)","(64,)","(57,)","(63,)","(54,)","(59,)","(57,)","(57,)","(54,)","(0,)","(0,)","(0,)","(0,)"
"(57,)","(59,)","(60,)","(54,)","(-1.29,)","(1.29,)","(2.64,)","(0.0,)","(57,)","(59,)","(60,)","(54,)","(63,)","(57,)","(63,)","(54,)","(57,)","(59,)","(60,)","(54,)","(0,)","(0,)","(0,)","(0,)"
"(88,)","(62,)","(60,)","(57,)","(30.92,)","(2.76,)","(0.0,)","(3.55,)","(88,)","(62,)","(60,)","(57,)","(67,)","(58,)","(64,)","(54,)","(88,)","(62,)","(60,)","(57,)","(0,)","(0,)","(0,)","(0,)"
"(60,)","(60,)","(60,)","(57,)","(-28.28,)","(-1.41,)","(0.0,)","(0.0,)","(60,)","(60,)","(60,)","(57,)","(63,)","(58,)","(64,)","(55,)","(60,)","(60,)","(60,)","(57,)","(0,)","(0,)","(0,)","(0,)"
"(63,)","(62,)","(62,)","(59,)","(2.89,)","(1.41,)","(1.89,)","(1.73,)","(63,)","(62,)","(62,)","(59,)","(64,)","(59,)","(59,)","(56,)","(63,)","(62,)","(62,)","(59,)","(0,)","(0,)","(0,)","(0,)"
"(62,)","(62,)","(62,)","(62,)","(-0.99,)","(0.48,)","(-0.48,)","(2.31,)","(62,)","(62,)","(62,)","(62,)","(64,)","(60,)","(60,)","(57,)","(62,)","(62,)","(62,)","(62,)","(0,)","(0,)","(0,)","(0,)"
"(62,)","(63,)","(65,)","(60,)","(-0.48,)","(0.99,)","(3.03,)","(-1.41,)","(62,)","(63,)","(65,)","(60,)","(65,)","(61,)","(61,)","(58,)","(62,)","(63,)","(65,)","(60,)","(0,)","(0,)","(0,)","(0,)"
"(111,)","(111,)","(74,)","(70,)","(49.1,)","(47.62,)","(9.03,)","(9.57,)","(111,)","(111,)","(74,)","(70,)","(74,)","(70,)","(63,)","(60,)","(111,)","(111,)","(74,)","(70,)","(0,)","(0,)","(0,)","(0,)"
"(64,)","(78,)","(63,)","(59,)","(-46.59,)","(-32.68,)","(-10.58,)","(-10.92,)","(64,)","(78,)","(63,)","(59,)","(70,)","(72,)","(64,)","(61,)","(64,)","(78,)","(63,)","(59,)","(0,)","(0,)","(0,)","(0,)"
"(70,)","(52,)","(60,)","(57,)","(5.66,)","(-26.14,)","(-2.89,)","(-1.29,)","(70,)","(52,)","(60,)","(57,)","(72,)","(71,)","(64,)","(61,)","(70,)","(52,)","(60,)","(57,)","(0,)","(0,)","(0,)","(0,)"
"(76,)","(52,)","(57,)","(66,)","(6.02,)","(0.0,)","(-3.46,)","(8.7,)","(76,)","(52,)","(57,)","(66,)","(74,)","(69,)","(63,)","(62,)","(76,)","(52,)","(57,)","(66,)","(0,)","(0,)","(0,)","(0,)"
"(76,)","(59,)","(90,)","(60,)","(0.73,)","(6.97,)","(33.77,)","(-6.06,)","(76,)","(59,)","(90,)","(60,)","(76,)","(69,)","(68,)","(62,)","(76,)","(59,)","(90,)","(60,)","(0,)","(0,)","(0,)","(0,)"
"(65,)","(57,)","(59,)","(57,)","(-11.35,)","(-1.29,)","(-31.65,)","(-3.46,)","(65,)","(57,)","(59,)","(57,)","(77,)","(68,)","(67,)","(61,)","(65,)","(57,)","(59,)","(57,)","(0,)","(0,)","(0,)","(0,)"
"(56,)","(70,)","(61,)","(56,)","(-8.84,)","(12.2,)","(2.28,)","(-0.41,)","(56,)","(70,)","(61,)","(56,)","(67,)","(61,)","(65,)","(59,)","(56,)","(70,)","(61,)","(56,)","(0,)","(0,)","(0,)","(0,)"
"(62,)","(59,)","(57,)","(57,)","(5.28,)","(-10.92,)","(-3.57,)","(1.23,)","(62,)","(59,)","(57,)","(57,)","(67,)","(58,)","(64,)","(58,)","(62,)","(59,)","(57,)","(57,)","(0,)","(0,)","(0,)","(0,)"
"(60,)","(70,)","(129,)","(140,)","(-1.41,)","(10.92,)","(71.06,)","(82.38,)","(60,)","(70,)","(129,)","(140,)","(65,)","(61,)","(75,)","(72,)","(60,)","(70,)","(129,)","(140,)","(0,)","(0,)","(0,)","(0,)"
"(57,)","(62,)","(93,)","(57,)","(-2.64,)","(-8.16,)","(-36.01,)","(-82.38,)","(57,)","(62,)","(93,)","(57,)","(62,)","(62,)","(81,)","(71,)","(57,)","(62,)","(93,)","(57,)","(0,)","(0,)","(0,)","(0,)"
"(57,)","(60,)","(84,)","(80,)","(0.0,)","(-1.41,)","(-8.37,)","(22.84,)","(57,)","(60,)","(84,)","(80,)","(59,)","(63,)","(80,)","(74,)","(57,)","(60,)","(84,)","(80,)","(0,)","(0,)","(0,)","(0,)"
"(60,)","(58,)","(62,)","(56,)","(2.64,)","(-1.78,)","(-22.64,)","(-24.07,)","(60,)","(58,)","(62,)","(56,)","(58,)","(63,)","(81,)","(74,)","(60,)","(58,)","(62,)","(56,)","(0,)","(0,)","(0,)","(0,)"
"(62,)","(56,)","(56,)","(55,)","(1.89,)","(-2.09,)","(-5.28,)","(-1.18,)","(62,)","(56,)","(56,)","(55,)","(59,)","(60,)","(80,)","(74,)","(62,)","(56,)","(56,)","(55,)","(0,)","(0,)","(0,)","(0,)"
"(56,)","(55,)","(61,)","(57,)","(-5.76,)","(-1.18,)","(4.8,)","(2.42,)","(56,)","(55,)","(61,)","(57,)","(58,)","(60,)","(80,)","(74,)","(56,)","(55,)","(61,)","(57,)","(0,)","(0,)","(0,)","(0,)"
"(59,)","(59,)","(62,)","(57,)","(2.52,)","(3.7,)","(0.48,)","(0.0,)","(59,)","(59,)","(62,)","(57,)","(58,)","(58,)","(69,)","(60,)","(59,)","(59,)","(62,)","(57,)","(0,)","(0,)","(0,)","(0,)"
"(63,)","(61,)","(63,)","(60,)","(4.23,)","(2.28,)","(1.48,)","(2.64,)","(63,)","(61,)","(63,)","(60,)","(59,)","(58,)","(64,)","(60,)","(63,)","(61,)","(63,)","(60,)","(0,)","(0,)","(0,)","(0,)"
"(79,)","(62,)","(61,)","(59,)","(16.11,)","(0.48,)","(-1.95,)","(-1.35,)","(79,)","(62,)","(61,)","(59,)","(63,)","(58,)","(60,)","(57,)","(79,)","(62,)","(61,)","(59,)","(0,)","(0,)","(0,)","(0,)"
"(60,)","(63,)","(63,)","(62,)","(-19.0,)","(1.48,)","(1.95,)","(2.76,)","(60,)","(63,)","(63,)","(62,)","(63,)","(59,)","(61,)","(58,)","(60,)","(63,)","(63,)","(62,)","(0,)","(0,)","(0,)","(0,)"
"(59,)","(61,)","(63,)","(61,)","(-1.35,)","(-1.95,)","(0.0,)","(-0.48,)","(59,)","(61,)","(63,)","(61,)","(62,)","(60,)","(62,)","(59,)","(59,)","(61,)","(63,)","(61,)","(0,)","(0,)","(0,)","(0,)"
"(63,)","(62,)","(63,)","(63,)","(4.23,)","(0.48,)","(0.0,)","(1.95,)","(63,)","(62,)","(63,)","(63,)","(63,)","(61,)","(62,)","(60,)","(63,)","(62,)","(63,)","(63,)","(0,)","(0,)","(0,)","(0,)"
"(65,)","(63,)","(65,)","(63,)","(1.55,)","(1.48,)","(2.08,)","(0.0,)","(65,)","(63,)","(65,)","(63,)","(64,)","(62,)","(63,)","(61,)","(65,)","(63,)","(65,)","(63,)","(0,)","(0,)","(0,)","(0,)"
"(62,)","(63,)","(65,)","(63,)","(-2.54,)","(0.0,)","(-0.53,)","(0.0,)","(62,)","(63,)","(65,)","(63,)","(64,)","(62,)","(63,)","(61,)","(62,)","(63,)","(65,)","(63,)","(0,)","(0,)","(0,)","(0,)"
"(100,)","(114,)","(64,)","(62,)","(37.5,)","(50.79,)","(-0.52,)","(-1.48,)","(100,)","(114,)","(64,)","(62,)","(68,)","(71,)","(63,)","(62,)","(100,)","(114,)","(64,)","(62,)","(0,)","(0,)","(0,)","(0,)"
"(62,)","(59,)","(65,)","(63,)","(-37.98,)","(-54.58,)","(0.52,)","(1.48,)","(62,)","(59,)","(65,)","(63,)","(68,)","(70,)","(64,)","(62,)","(62,)","(59,)","(65,)","(63,)","(0,)","(0,)","(0,)","(0,)"
"(63,)","(60,)","(62,)","(63,)","(1.48,)","(0.9,)","(-3.03,)","(0.0,)","(63,)","(60,)","(62,)","(63,)","(69,)","(70,)","(64,)","(62,)","(63,)","(60,)","(62,)","(63,)","(0,)","(0,)","(0,)","(0,)"
"(65,)","(62,)","(61,)","(60,)","(1.55,)","(1.41,)","(-0.48,)","(-2.89,)","(65,)","(62,)","(61,)","(60,)","(69,)","(70,)","(63,)","(62,)","(65,)","(62,)","(61,)","(60,)","(0,)","(0,)","(0,)","(0,)"
"(83,)","(116,)","(62,)","(62,)","(18.29,)","(54.94,)","(0.48,)","(1.41,)","(83,)","(116,)","(62,)","(62,)","(72,)","(79,)","(63,)","(62,)","(83,)","(116,)","(62,)","(62,)","(0,)","(0,)","(0,)","(0,)"
"(63,)","(59,)","(62,)","(62,)","(-19.84,)","(-57.7,)","(0.48,)","(0.0,)","(63,)","(59,)","(62,)","(62,)","(72,)","(78,)","(62,)","(62,)","(63,)","(59,)","(62,)","(62,)","(0,)","(0,)","(0,)","(0,)"
"(60,)","(60,)","(57,)","(62,)","(-2.89,)","(1.35,)","(-4.53,)","(0.48,)","(60,)","(60,)","(57,)","(62,)","(66,)","(69,)","(61,)","(62,)","(60,)","(60,)","(57,)","(62,)","(0,)","(0,)","(0,)","(0,)"
"(84,)","(98,)","(95,)","(90,)","(24.05,)","(38.16,)","(37.27,)","(28.41,)","(84,)","(98,)","(95,)","(90,)","(69,)","(75,)","(66,)","(66,)","(84,)","(98,)","(95,)","(90,)","(0,)","(0,)","(0,)","(0,)"
"(100,)","(60,)","(62,)","(60,)","(15.34,)","(-38.16,)","(-33.22,)","(-30.3,)","(100,)","(60,)","(62,)","(60,)","(75,)","(75,)","(66,)","(66,)","(100,)","(60,)","(62,)","(60,)","(0,)","(0,)","(0,)","(0,)"
"(84,)","(90,)","(57,)","(58,)","(-15.34,)","(30.3,)","(-4.04,)","(-1.78,)","(84,)","(90,)","(57,)","(58,)","(79,)","(80,)","(65,)","(65,)","(84,)","(90,)","(57,)","(58,)","(0,)","(0,)","(0,)","(0,)"
"(60,)","(78,)","(57,)","(57,)","(-24.05,)","(-12.48,)","(0.0,)","(-0.85,)","(60,)","(78,)","(57,)","(57,)","(75,)","(74,)","(65,)","(64,)","(60,)","(78,)","(57,)","(57,)","(0,)","(0,)","(0,)","(0,)"
"(59,)","(57,)","(59,)","(59,)","(-1.35,)","(-20.46,)","(1.29,)","(1.29,)","(59,)","(57,)","(59,)","(59,)","(74,)","(73,)","(64,)","(64,)","(59,)","(57,)","(59,)","(59,)","(0,)","(0,)","(0,)","(0,)"
"(57,)","(59,)","(59,)","(57,)","(-1.29,)","(1.29,)","(0.0,)","(-1.29,)","(57,)","(59,)","(59,)","(57,)","(74,)","(73,)","(64,)","(63,)","(57,)","(59,)","(59,)","(57,)","(0,)","(0,)","(0,)","(0,)"
"(57,)","(56,)","(55,)","(55,)","(0.0,)","(-2.52,)","(-3.7,)","(-2.42,)","(57,)","(56,)","(55,)","(55,)","(69,)","(66,)","(58,)","(57,)","(57,)","(56,)","(55,)","(55,)","(0,)","(0,)","(0,)","(0,)"
"(55,)","(54,)","(54,)","(55,)","(-2.42,)","(-2.32,)","(-0.76,)","(0.0,)","(55,)","(54,)","(54,)","(55,)","(62,)","(65,)","(56,)","(56,)","(55,)","(54,)","(54,)","(55,)","(0,)","(0,)","(0,)","(0,)"
"(68,)","(68,)","(115,)","(78,)","(12.82,)","(13.95,)","(61.15,)","(22.88,)","(68,)","(68,)","(115,)","(78,)","(59,)","(62,)","(66,)","(60,)","(68,)","(68,)","(115,)","(78,)","(0,)","(0,)","(0,)","(0,)"
"(57,)","(53,)","(49,)","(50,)","(-10.41,)","(-15.04,)","(-66.56,)","(-28.12,)","(57,)","(53,)","(49,)","(50,)","(58,)","(57,)","(65,)","(59,)","(57,)","(53,)","(49,)","(50,)","(0,)","(0,)","(0,)","(0,)"
"(49,)","(46,)","(46,)","(45,)","(-8.59,)","(-6.55,)","(-2.6,)","(-4.34,)","(49,)","(46,)","(46,)","(45,)","(57,)","(56,)","(63,)","(56,)","(49,)","(46,)","(46,)","(45,)","(0,)","(0,)","(0,)","(0,)"
"(44,)","(42,)","(43,)","(43,)","(-4.94,)","(-4.46,)","(-3.77,)","(-2.97,)","(44,)","(42,)","(43,)","(43,)","(55,)","(53,)","(60,)","(54,)","(44,)","(42,)","(43,)","(43,)","(0,)","(0,)","(0,)","(0,)"
"(43,)","(39,)","(40,)","(38,)","(-1.43,)","(-3.11,)","(-2.61,)","(-4.92,)","(43,)","(39,)","(40,)","(38,)","(52,)","(50,)","(57,)","(51,)","(43,)","(39,)","(40,)","(38,)","(0,)","(0,)","(0,)","(0,)"
"(39,)","(76,)","(42,)","(95,)","(-3.8,)","(36.97,)","(1.92,)","(57.14,)","(39,)","(76,)","(42,)","(95,)","(50,)","(54,)","(55,)","(58,)","(39,)","(76,)","(42,)","(95,)","(0,)","(0,)","(0,)","(0,)"
"(34,)","(38,)","(35,)","(34,)","(-4.58,)","(-38.1,)","(-7.24,)","(-60.61,)","(34,)","(38,)","(35,)","(34,)","(44,)","(49,)","(42,)","(50,)","(34,)","(38,)","(35,)","(34,)","(0,)","(0,)","(0,)","(0,)"
"(34,)","(34,)","(38,)","(32,)","(-0.44,)","(-3.91,)","(3.01,)","(-2.11,)","(34,)","(34,)","(38,)","(32,)","(40,)","(45,)","(40,)","(47,)","(34,)","(34,)","(38,)","(32,)","(0,)","(0,)","(0,)","(0,)"
"(30,)","(39,)","(32,)","(30,)","(-3.89,)","(5.03,)","(-5.57,)","(-2.22,)","(30,)","(39,)","(32,)","(30,)","(37,)","(44,)","(38,)","(45,)","(30,)","(39,)","(32,)","(30,)","(0,)","(0,)","(0,)","(0,)"
"(31,)","(31,)","(34,)","(29,)","(0.7,)","(-8.21,)","(1.67,)","(-0.67,)","(31,)","(31,)","(34,)","(29,)","(35,)","(42,)","(36,)","(43,)","(31,)","(31,)","(34,)","(29,)","(0,)","(0,)","(0,)","(0,)"
"(29,)","(29,)","(28,)","(29,)","(-1.05,)","(-1.38,)","(-5.82,)","(0.0,)","(29,)","(29,)","(28,)","(29,)","(32,)","(41,)","(34,)","(41,)","(29,)","(29,)","(28,)","(29,)","(0,)","(0,)","(0,)","(0,)"
"(32,)","(32,)","(31,)","(31,)","(2.56,)","(2.89,)","(2.64,)","(1.38,)","(32,)","(32,)","(31,)","(31,)","(31,)","(33,)","(33,)","(30,)","(32,)","(32,)","(31,)","(31,)","(0,)","(0,)","(0,)","(0,)"
"(28,)","(32,)","(32,)","(29,)","(-4.15,)","(0.0,)","(1.51,)","(-1.38,)","(28,)","(32,)","(32,)","(29,)","(30,)","(32,)","(32,)","(30,)","(28,)","(32,)","(32,)","(29,)","(0,)","(0,)","(0,)","(0,)"
"(27,)","(35,)","(31,)","(31,)","(-0.59,)","(2.57,)","(-1.51,)","(1.38,)","(27,)","(35,)","(31,)","(31,)","(29,)","(33,)","(31,)","(29,)","(27,)","(35,)","(31,)","(31,)","(0,)","(0,)","(0,)","(0,)"
"(43,)","(35,)","(34,)","(31,)","(15.23,)","(0.0,)","(3.18,)","(0.0,)","(43,)","(35,)","(34,)","(31,)","(31,)","(32,)","(31,)","(30,)","(43,)","(35,)","(34,)","(31,)","(0,)","(0,)","(0,)","(0,)"
"(32,)","(36,)","(33,)","(31,)","(-10.49,)","(0.95,)","(-0.85,)","(0.74,)","(32,)","(36,)","(33,)","(31,)","(31,)","(33,)","(31,)","(30,)","(32,)","(36,)","(33,)","(31,)","(0,)","(0,)","(0,)","(0,)"
"(34,)","(34,)","(35,)","(33,)","(2.11,)","(-1.4,)","(1.75,)","(1.59,)","(34,)","(34,)","(35,)","(33,)","(32,)","(34,)","(32,)","(31,)","(34,)","(34,)","(35,)","(33,)","(0,)","(0,)","(0,)","(0,)"
"(35,)","(41,)","(38,)","(35,)","(0.46,)","(7.03,)","(3.01,)","(2.22,)","(35,)","(41,)","(38,)","(35,)","(33,)","(35,)","(33,)","(31,)","(35,)","(41,)","(38,)","(35,)","(0,)","(0,)","(0,)","(0,)"
"(36,)","(38,)","(37,)","(34,)","(1.44,)","(-3.57,)","(-1.06,)","(-1.37,)","(36,)","(38,)","(37,)","(34,)","(34,)","(36,)","(34,)","(32,)","(36,)","(38,)","(37,)","(34,)","(0,)","(0,)","(0,)","(0,)"
"(38,)","(41,)","(38,)","(36,)","(1.57,)","(3.57,)","(1.06,)","(1.85,)","(38,)","(41,)","(38,)","(36,)","(36,)","(37,)","(35,)","(33,)","(38,)","(41,)","(38,)","(36,)","(0,)","(0,)","(0,)","(0,)"
"(35,)","(40,)","(38,)","(34,)","(-3.01,)","(-1.26,)","(0.0,)","(-1.85,)","(35,)","(40,)","(38,)","(34,)","(35,)","(38,)","(36,)","(33,)","(35,)","(40,)","(38,)","(34,)","(0,)","(0,)","(0,)","(0,)"
"(38,)","(43,)","(38,)","(37,)","(3.56,)","(2.61,)","(0.0,)","(2.85,)","(38,)","(43,)","(38,)","(37,)","(36,)","(39,)","(37,)","(34,)","(38,)","(43,)","(38,)","(37,)","(0,)","(0,)","(0,)","(0,)"
"(36,)","(39,)","(76,)","(53,)","(-2.61,)","(-3.8,)","(38.1,)","(16.3,)","(36,)","(39,)","(76,)","(53,)","(36,)","(40,)","(44,)","(38,)","(36,)","(39,)","(76,)","(53,)","(0,)","(0,)","(0,)","(0,)"
"(39,)","(37,)","(39,)","(37,)","(3.18,)","(-2.18,)","(-36.97,)","(-16.3,)","(39,)","(37,)","(39,)","(37,)","(37,)","(39,)","(44,)","(38,)","(39,)","(37,)","(39,)","(37,)","(0,)","(0,)","(0,)","(0,)"
"(70,)","(64,)","(70,)","(66,)","(30.96,)","(27.48,)","(30.96,)","(29.63,)","(70,)","(64,)","(70,)","(66,)","(42,)","(44,)","(49,)","(43,)","(70,)","(64,)","(70,)","(66,)","(0,)","(0,)","(0,)","(0,)"
"(36,)","(41,)","(36,)","(97,)","(-34.14,)","(-22.85,)","(-34.14,)","(30.89,)","(36,)","(41,)","(36,)","(97,)","(42,)","(44,)","(49,)","(54,)","(36,)","(41,)","(36,)","(97,)","(0,)","(0,)","(0,)","(0,)"
"(62,)","(45,)","(31,)","(33,)","(25.98,)","(3.53,)","(-4.29,)","(-64.23,)","(62,)","(45,)","(31,)","(33,)","(46,)","(44,)","(48,)","(53,)","(62,)","(45,)","(31,)","(33,)","(0,)","(0,)","(0,)","(0,)"
"(98,)","(45,)","(31,)","(31,)","(36.75,)","(0.78,)","(-0.74,)","(-2.33,)","(98,)","(45,)","(31,)","(31,)","(56,)","(45,)","(47,)","(52,)","(98,)","(45,)","(31,)","(31,)","(0,)","(0,)","(0,)","(0,)"
"(63,)","(37,)","(28,)","(31,)","(-35.27,)","(-8.94,)","(-2.02,)","(0.0,)","(63,)","(37,)","(28,)","(31,)","(61,)","(44,)","(39,)","(49,)","(63,)","(37,)","(28,)","(31,)","(0,)","(0,)","(0,)","(0,)"
"(27,)","(33,)","(53,)","(48,)","(-35.71,)","(-3.28,)","(24.35,)","(17.19,)","(27,)","(33,)","(53,)","(48,)","(59,)","(44,)","(41,)","(51,)","(27,)","(33,)","(53,)","(48,)","(0,)","(0,)","(0,)","(0,)"
"(29,)","(28,)","(30,)","(29,)","(1.85,)","(-5.39,)","(-23.03,)","(-18.56,)","(29,)","(28,)","(30,)","(29,)","(52,)","(38,)","(34,)","(44,)","(29,)","(28,)","(30,)","(29,)","(0,)","(0,)","(0,)","(0,)"
"(30,)","(25,)","(34,)","(27,)","(0.67,)","(-3.21,)","(4.33,)","(-1.85,)","(30,)","(25,)","(34,)","(27,)","(51,)","(35,)","(34,)","(33,)","(30,)","(25,)","(34,)","(27,)","(0,)","(0,)","(0,)","(0,)"
"(50,)","(23,)","(45,)","(78,)","(20.01,)","(-1.35,)","(11.34,)","(50.65,)","(50,)","(23,)","(45,)","(78,)","(49,)","(31,)","(36,)","(40,)","(50,)","(23,)","(45,)","(78,)","(0,)","(0,)","(0,)","(0,)"
"(49,)","(24,)","(41,)","(111,)","(-0.93,)","(0.43,)","(-4.31,)","(32.68,)","(49,)","(24,)","(41,)","(111,)","(41,)","(28,)","(38,)","(54,)","(49,)","(24,)","(41,)","(111,)","(0,)","(0,)","(0,)","(0,)"
"(49,)","(24,)","(45,)","(111,)","(0.0,)","(0.0,)","(4.31,)","(0.0,)","(49,)","(24,)","(45,)","(111,)","(39,)","(26,)","(41,)","(67,)","(49,)","(24,)","(45,)","(111,)","(0,)","(0,)","(0,)","(0,)"
"(37,)","(21,)","(45,)","(18,)","(-11.82,)","(-2.74,)","(0.0,)","(-93.09,)","(37,)","(21,)","(45,)","(18,)","(40,)","(24,)","(40,)","(62,)","(37,)","(21,)","(45,)","(18,)","(0,)","(0,)","(0,)","(0,)"
"(37,)","(31,)","(17,)","(16,)","(0.0,)","(10.24,)","(-28.43,)","(-1.76,)","(37,)","(31,)","(17,)","(16,)","(42,)","(24,)","(37,)","(60,)","(37,)","(31,)","(17,)","(16,)","(0,)","(0,)","(0,)","(0,)"
"(31,)","(31,)","(14,)","(16,)","(-6.19,)","(0.0,)","(-3.05,)","(0.0,)","(31,)","(31,)","(14,)","(16,)","(42,)","(25,)","(34,)","(58,)","(31,)","(31,)","(14,)","(16,)","(0,)","(0,)","(0,)","(0,)"
"(31,)","(26,)","(14,)","(0,)","(0.0,)","(-5.08,)","(0.0,)","(-16.26,)","(31,)","(26,)","(14,)","(0,)","(39,)","(26,)","(29,)","(45,)","(31,)","(26,)","(14,)","(0,)","(0,)","(0,)","(0,)","(0,)"
"(12,)","(26,)","(0,)","(11,)","(-18.91,)","(0.0,)","(-14.49,)","(11.3,)","(12,)","(26,)","(0,)","(11,)","(32,)","(26,)","(22,)","(28,)","(12,)","(26,)","(0,)","(11,)","(0,)","(0,)","(0,)","(0,)"
"(12,)","(0,)","(9,)","(11,)","(0.0,)","(-26.67,)","(9.73,)","(0.0,)","(12,)","(0,)","(9,)","(11,)","(26,)","(22,)","(16,)","(12,)","(12,)","(0,)","(9,)","(11,)","(0,)","(0,)","(0,)","(0,)"
"(0,)","(11,)","(9,)","(0,)","(-12.46,)","(11.59,)","(0.0,)","(-11.3,)","(0,)","(11,)","(9,)","(0,)","(20,)","(20,)","(10,)","(9,)","(0,)","(11,)","(9,)","(0,)","(0,)","(0,)","(0,)","(0,)"
"(10,)","(0,)","(0,)","(0,)","(10.1,)","(-11.59,)","(-9.73,)","(0.0,)","(10,)","(0,)","(0,)","(0,)","(16,)","(15,)","(7,)","(6,)","(10,)","(0,)","(0,)","(0,)","(0,)","(0,)","(0,)","(0,)"
"(26,)","(21,)","(0,)","(0,)","(16.04,)","(21.16,)","(0.0,)","(0.0,)","(26,)","(21,)","(0,)","(0,)","(15,)","(14,)","(5,)","(3,)","(26,)","(21,)","(0,)","(0,)","(0,)","(0,)","(0,)","(0,)"
"(0,)","(21,)","(0,)","(0,)","(-26.14,)","(0.0,)","(0.0,)","(0.0,)","(0,)","(21,)","(0,)","(0,)","(10,)","(13,)","(3,)","(3,)","(0,)","(21,)","(0,)","(0,)","(0,)","(0,)","(0,)","(0,)"
"(13,)","(0,)","(0,)","(0,)","(13.07,)","(-21.16,)","(0.0,)","(0.0,)","(13,)","(0,)","(0,)","(0,)","(10,)","(8,)","(3,)","(1,)","(13,)","(0,)","(0,)","(0,)","(0,)","(0,)","(0,)","(0,)"
"(26,)","(0,)","(0,)","(0,)","(13.07,)","(0.0,)","(0.0,)","(0.0,)","(26,)","(0,)","(0,)","(0,)","(12,)","(8,)","(1,)","(0,)","(26,)","(0,)","(0,)","(0,)","(0,)","(0,)","(0,)","(0,)"
"(26,)","(0,)","(0,)","(0,)","(0.0,)","(0.0,)","(0.0,)","(0.0,)","(26,)","(0,)","(0,)","(0,)","(16,)","(7,)","(0,)","(0,)","(26,)","(0,)","(0,)","(0,)","(0,)","(0,)","(0,)","(0,)"
"(0,)","(5,)","(0,)","(0,)","(-26.14,)","(5.77,)","(0.0,)","(0.0,)","(0,)","(5,)","(0,)","(0,)","(15,)","(7,)","(0,)","(0,)","(0,)","(5,)","(0,)","(0,)","(0,)","(0,)","(0,)","(0,)"
"(13,)","(0,)","(0,)","(0,)","(13.07,)","(-5.77,)","(0.0,)","(0.0,)","(13,)","(0,)","(0,)","(0,)","(13,)","(4,)","(0,)","(0,)","(13,)","(0,)","(0,)","(0,)","(0,)","(0,)","(0,)","(0,)"
"(26,)","(0,)","(0,)","(0,)","(13.07,)","(0.0,)","(0.0,)","(0.0,)","(26,)","(0,)","(0,)","(0,)","(17,)","(0,)","(0,)","(0,)","(26,)","(0,)","(0,)","(0,)","(0,)","(0,)","(0,)","(0,)"
"(26,)","(0,)","(0,)","(0,)","(0.0,)","(0.0,)","(0.0,)","(0.0,)","(26,)","(0,)","(0,)","(0,)","(19,)","(0,)","(0,)","(0,)","(26,)","(0,)","(0,)","(0,)","(0,)","(0,)","(0,)","(0,)"
"(26,)","(0,)","(0,)","(0,)","(0.0,)","(0.0,)","(0.0,)","(0.0,)","(26,)","(0,)","(0,)","(0,)","(19,)","(0,)","(0,)","(0,)","(26,)","(0,)","(0,)","(0,)","(0,)","(0,)","(0,)","(0,)"
"(26,)","(0,)","(0,)","(0,)","(0.0,)","(0.0,)","(0.0,)","(0.0,)","(26,)","(0,)","(0,)","(0,)","(19,)","(0,)","(0,)","(0,)","(26,)","(0,)","(0,)","(0,)","(0,)","(0,)","(0,)","(0,)"
"(26,)","(0,)","(0,)","(0,)","(0.0,)","(0.0,)","(0.0,)","(0.0,)","(26,)","(0,)","(0,)","(0,)","(23,)","(0,)","(0,)","(0,)","(26,)","(0,)","(0,)","(0,)","(0,)","(0,)","(0,)","(0,)"
"(26,)","(0,)","(0,)","(0,)","(0.0,)","(0.0,)","(0.0,)","(0.0,)","(26,)","(0,)","(0,)","(0,)","(26,)","(0,)","(0,)","(0,)","(26,)","(0,)","(0,)","(0,)","(0,)","(0,)","(0,)","(0,)"
"(26,)","(3,)","(0,)","(0,)","(0.0,)","(3.27,)","(0.0,)","(0.0,)","(26,)","(3,)","(0,)","(0,)","(26,)","(0,)","(0,)","(0,)","(26,)","(3,)","(0,)","(0,)","(0,)","(0,)","(0,)","(0,)"
"(26,)","(0,)","(0,)","(0,)","(0.0,)","(-3.27,)","(0.0,)","(0.0,)","(26,)","(0,)","(0,)","(0,)","(26,)","(0,)","(0,)","(0,)","(26,)","(0,)","(0,)","(0,)","(0,)","(0,)","(0,)","(0,)"
"(0,)","(13,)","(0,)","(0,)","(-26.14,)","(13.07,)","(0.0,)","(0.0,)","(0,)","(13,)","(0,)","(0,)","(21,)","(2,)","(0,)","(0,)","(0,)","(13,)","(0,)","(0,)","(0,)","(0,)","(0,)","(0,)"
"(0,)","(0,)","(0,)","(0,)","(0.0,)","(-13.07,)","(0.0,)","(0.0,)","(0,)","(0,)","(0,)","(0,)","(17,)","(2,)","(0,)","(0,)","(0,)","(0,)","(0,)","(0,)","(0,)","(0,)","(0,)","(0,)"
"(8,)","(0,)","(0,)","(0,)","(8.71,)","(0.0,)","(0.0,)","(0.0,)","(8,)","(0,)","(0,)","(0,)","(14,)","(2,)","(0,)","(0,)","(8,)","(0,)","(0,)","(0,)","(0,)","(0,)","(0,)","(0,)"
"(26,)","(0,)","(0,)","(0,)","(17.43,)","(0.0,)","(0.0,)","(0.0,)","(26,)","(0,)","(0,)","(0,)","(14,)","(2,)","(0,)","(0,)","(26,)","(0,)","(0,)","(0,)","(0,)","(0,)","(0,)","(0,)"
"(26,)","(0,)","(0,)","(0,)","(0.0,)","(0.0,)","(0.0,)","(0.0,)","(26,)","(0,)","(0,)","(0,)","(14,)","(2,)","(0,)","(0,)","(26,)","(0,)","(0,)","(0,)","(0,)","(0,)","(0,)","(0,)"
"(26,)","(5,)","(0,)","(0,)","(0.0,)","(5.23,)","(0.0,)","(0.0,)","(26,)","(5,)","(0,)","(0,)","(14,)","(3,)","(0,)","(0,)","(26,)","(5,)","(0,)","(0,)","(0,)","(0,)","(0,)","(0,)"
"(26,)","(0,)","(0,)","(0,)","(0.0,)","(-5.23,)","(0.0,)","(0.0,)","(26,)","(0,)","(0,)","(0,)","(18,)","(0,)","(0,)","(0,)","(26,)","(0,)","(0,)","(0,)","(0,)","(0,)","(0,)","(0,)"
"(26,)","(0,)","(0,)","(0,)","(0.0,)","(0.0,)","(0.0,)","(0.0,)","(26,)","(0,)","(0,)","(0,)","(23,)","(0,)","(0,)","(0,)","(26,)","(0,)","(0,)","(0,)","(0,)","(0,)","(0,)","(0,)"
"(26,)","(0,)","(0,)","(0,)","(0.0,)","(0.0,)","(0.0,)","(0.0,)","(26,)","(0,)","(0,)","(0,)","(26,)","(0,)","(0,)","(0,)","(26,)","(0,)","(0,)","(0,)","(0,)","(0,)","(0,)","(0,)"
"(26,)","(0,)","(0,)","(0,)","(0.0,)","(0.0,)","(0.0,)","(0.0,)","(26,)","(0,)","(0,)","(0,)","(26,)","(0,)","(0,)","(0,)","(26,)","(0,)","(0,)","(0,)","(0,)","(0,)","(0,)","(0,)"
"(26,)","(0,)","(0,)","(0,)","(0.0,)","(0.0,)","(0.0,)","(0.0,)","(26,)","(0,)","(0,)","(0,)","(26,)","(0,)","(0,)","(0,)","(26,)","(0,)","(0,)","(0,)","(0,)","(0,)","(0,)","(0,)"
"(26,)","(0,)","(0,)","(0,)","(0.0,)","(0.0,)","(0.0,)","(0.0,)","(26,)","(0,)","(0,)","(0,)","(26,)","(0,)","(0,)","(0,)","(26,)","(0,)","(0,)","(0,)","(0,)","(0,)","(0,)","(0,)"
"(26,)","(3,)","(0,)","(0,)","(0.0,)","(3.73,)","(0.0,)","(0.0,)","(26,)","(3,)","(0,)","(0,)","(26,)","(0,)","(0,)","(0,)","(26,)","(3,)","(0,)","(0,)","(0,)","(0,)","(0,)","(0,)"
"(26,)","(0,)","(0,)","(0,)","(0.0,)","(-3.73,)","(0.0,)","(0.0,)","(26,)","(0,)","(0,)","(0,)","(26,)","(0,)","(0,)","(0,)","(26,)","(0,)","(0,)","(0,)","(0,)","(0,)","(0,)","(0,)"
"(26,)","(0,)","(0,)","(0,)","(0.0,)","(0.0,)","(0.0,)","(0.0,)","(26,)","(0,)","(0,)","(0,)","(26,)","(0,)","(0,)","(0,)","(26,)","(0,)","(0,)","(0,)","(0,)","(0,)","(0,)","(0,)"
"(26,)","(0,)","(0,)","(0,)","(0.0,)","(0.0,)","(0.0,)","(0.0,)","(26,)","(0,)","(0,)","(0,)","(26,)","(0,)","(0,)","(0,)","(26,)","(0,)","(0,)","(0,)","(0,)","(0,)","(0,)","(0,)"
"(26,)","(0,)","(0,)","(0,)","(0.0,)","(0.0,)","(0.0,)","(0.0,)","(26,)","(0,)","(0,)","(0,)","(26,)","(0,)","(0,)","(0,)","(26,)","(0,)","(0,)","(0,)","(0,)","(0,)","(0,)","(0,)"
