"(26,)","(0,)","(0,)","(0,)","(0,)","(0,)","(0,)","(0,)","(0.0,)","(-26.14,)","(0.0,)","(0.0,)","('null',)","(0,)","(0,)","(0,)","('null',)","(0,)","(0,)","(0,)"
"(26,)","(0,)","(0,)","(0,)","(0,)","(0,)","(0,)","(0,)","(0.0,)","(-8.71,)","(0.0,)","(0.0,)","('null',)","(0,)","(0,)","(0,)","('null',)","(0,)","(0,)","(0,)"
"(26,)","(0,)","(0,)","(0,)","(0,)","(0,)","(0,)","(0,)","(0.0,)","(0.0,)","(0.0,)","(0.0,)","('null',)","(0,)","(0,)","(0,)","('null',)","(0,)","(0,)","(0,)"
"(26,)","(0,)","(0,)","(0,)","(0,)","(0,)","(0,)","(0,)","(0.0,)","(0.0,)","(0.0,)","(0.0,)","('null',)","(0,)","(0,)","(0,)","('null',)","(0,)","(0,)","(0,)"
"(26,)","(6,)","(0,)","(0,)","(0,)","(0,)","(0,)","(0,)","(0.0,)","(6.54,)","(0.0,)","(0.0,)","('null',)","(6,)","(0,)","(0,)","('null',)","(1,)","(0,)","(0,)"
"(26,)","(0,)","(0,)","(0,)","(0,)","(0,)","(0,)","(0,)","(0.0,)","(-6.54,)","(0.0,)","(0.0,)","('null',)","(0,)","(0,)","(0,)","('null',)","(1,)","(0,)","(0,)"
"(26,)","(0,)","(0,)","(0,)","(0,)","(0,)","(0,)","(0,)","(0.0,)","(0.0,)","(0.0,)","(0.0,)","('null',)","(0,)","(0,)","(0,)","('null',)","(1,)","(0,)","(0,)"
"(26,)","(0,)","(0,)","(0,)","(0,)","(0,)","(0,)","(0,)","(0.0,)","(0.0,)","(0.0,)","(0.0,)","('null',)","(0,)","(0,)","(0,)","('null',)","(1,)","(0,)","(0,)"
"(26,)","(0,)","(0,)","(0,)","(0,)","(0,)","(0,)","(0,)","(0.0,)","(0.0,)","(0.0,)","(0.0,)","('null',)","(0,)","(0,)","(0,)","('null',)","(1,)","(0,)","(0,)"
"(26,)","(0,)","(0,)","(0,)","(0,)","(0,)","(0,)","(0,)","(0.0,)","(0.0,)","(0.0,)","(0.0,)","('null',)","(0,)","(0,)","(0,)","('null',)","(1,)","(0,)","(0,)"
"(26,)","(0,)","(0,)","(0,)","(0,)","(0,)","(0,)","(0,)","(0.0,)","(0.0,)","(0.0,)","(0.0,)","('null',)","(0,)","(0,)","(0,)","('null',)","(0,)","(0,)","(0,)"
"(26,)","(0,)","(0,)","(0,)","(0,)","(0,)","(0,)","(0,)","(0.0,)","(0.0,)","(0.0,)","(0.0,)","('null',)","(0,)","(0,)","(0,)","('null',)","(0,)","(0,)","(0,)"
"(26,)","(0,)","(0,)","(0,)","(0,)","(0,)","(0,)","(0,)","(0.0,)","(0.0,)","(0.0,)","(0.0,)","('null',)","(0,)","(0,)","(0,)","('null',)","(0,)","(0,)","(0,)"
"(26,)","(2,)","(0,)","(0,)","(0,)","(0,)","(0,)","(0,)","(0.0,)","(2.9,)","(0.0,)","(0.0,)","('null',)","(2,)","(0,)","(0,)","('null',)","(0,)","(0,)","(0,)"
"(26,)","(0,)","(0,)","(0,)","(0,)","(0,)","(0,)","(0,)","(0.0,)","(-2.9,)","(0.0,)","(0.0,)","('null',)","(0,)","(0,)","(0,)","('null',)","(0,)","(0,)","(0,)"
"(26,)","(0,)","(0,)","(0,)","(0,)","(0,)","(0,)","(0,)","(0.0,)","(0.0,)","(0.0,)","(0.0,)","('null',)","(0,)","(0,)","(0,)","('null',)","(0,)","(0,)","(0,)"
"(26,)","(0,)","(0,)","(0,)","(0,)","(0,)","(0,)","(0,)","(0.0,)","(0.0,)","(0.0,)","(0.0,)","('null',)","(0,)","(0,)","(0,)","('null',)","(0,)","(0,)","(0,)"
"(26,)","(0,)","(0,)","(0,)","(0,)","(0,)","(0,)","(0,)","(0.0,)","(0.0,)","(0.0,)","(0.0,)","('null',)","(0,)","(0,)","(0,)","('null',)","(0,)","(0,)","(0,)"
"(26,)","(5,)","(0,)","(0,)","(0,)","(0,)","(0,)","(0,)","(0.0,)","(5.23,)","(0.0,)","(0.0,)","('null',)","(5,)","(0,)","(0,)","('null',)","(1,)","(0,)","(0,)"
"(26,)","(0,)","(0,)","(0,)","(0,)","(0,)","(0,)","(0,)","(0.0,)","(-5.23,)","(0.0,)","(0.0,)","('null',)","(0,)","(0,)","(0,)","('null',)","(0,)","(0,)","(0,)"
"(26,)","(0,)","(0,)","(0,)","(0,)","(0,)","(0,)","(0,)","(0.0,)","(0.0,)","(0.0,)","(0.0,)","('null',)","(0,)","(0,)","(0,)","('null',)","(0,)","(0,)","(0,)"
"(26,)","(0,)","(0,)","(0,)","(0,)","(0,)","(0,)","(0,)","(0.0,)","(0.0,)","(0.0,)","(0.0,)","('null',)","(0,)","(0,)","(0,)","('null',)","(0,)","(0,)","(0,)"
"(26,)","(0,)","(0,)","(0,)","(0,)","(0,)","(0,)","(0,)","(0.0,)","(0.0,)","(0.0,)","(0.0,)","('null',)","(0,)","(0,)","(0,)","('null',)","(0,)","(0,)","(0,)"
"(26,)","(5,)","(0,)","(0,)","(0,)","(0,)","(0,)","(0,)","(0.0,)","(5.23,)","(0.0,)","(0.0,)","('null',)","(5,)","(0,)","(0,)","('null',)","(1,)","(0,)","(0,)"
"(26,)","(0,)","(0,)","(0,)","(0,)","(0,)","(0,)","(0,)","(0.0,)","(-5.23,)","(0.0,)","(0.0,)","('null',)","(0,)","(0,)","(0,)","('null',)","(0,)","(0,)","(0,)"
"(26,)","(0,)","(0,)","(0,)","(0,)","(0,)","(0,)","(0,)","(0.0,)","(0.0,)","(0.0,)","(0.0,)","('null',)","(0,)","(0,)","(0,)","('null',)","(0,)","(0,)","(0,)"
"(26,)","(0,)","(0,)","(0,)","(0,)","(0,)","(0,)","(0,)","(0.0,)","(0.0,)","(0.0,)","(0.0,)","('null',)","(0,)","(0,)","(0,)","('null',)","(0,)","(0,)","(0,)"
"(26,)","(0,)","(0,)","(0,)","(0,)","(0,)","(0,)","(0,)","(0.0,)","(0.0,)","(0.0,)","(0.0,)","('null',)","(0,)","(0,)","(0,)","('null',)","(0,)","(0,)","(0,)"
"(26,)","(0,)","(0,)","(0,)","(0,)","(0,)","(0,)","(0,)","(0.0,)","(0.0,)","(0.0,)","(0.0,)","('null',)","(0,)","(0,)","(0,)","('null',)","(0,)","(0,)","(0,)"
"(26,)","(0,)","(0,)","(0,)","(0,)","(0,)","(0,)","(0,)","(0.0,)","(0.0,)","(0.0,)","(0.0,)","('null',)","(0,)","(0,)","(0,)","('null',)","(0,)","(0,)","(0,)"
"(26,)","(0,)","(0,)","(0,)","(0,)","(0,)","(0,)","(0,)","(0.0,)","(0.0,)","(0.0,)","(0.0,)","('null',)","(0,)","(0,)","(0,)","('null',)","(0,)","(0,)","(0,)"
"(26,)","(0,)","(0,)","(0,)","(0,)","(0,)","(0,)","(0,)","(0.0,)","(0.0,)","(0.0,)","(0.0,)","('null',)","(0,)","(0,)","(0,)","('null',)","(0,)","(0,)","(0,)"
"(26,)","(0,)","(0,)","(0,)","(0,)","(0,)","(0,)","(0,)","(0.0,)","(0.0,)","(0.0,)","(0.0,)","('null',)","(0,)","(0,)","(0,)","('null',)","(0,)","(0,)","(0,)"
"(0,)","(0,)","(0,)","(0,)","(0,)","(0,)","(0,)","(0,)","(-26.14,)","(0.0,)","(0.0,)","(0.0,)","(0,)","(0,)","(0,)","(0,)","(0,)","(0,)","(0,)","(0,)"
"(13,)","(0,)","(0,)","(0,)","(0,)","(0,)","(0,)","(0,)","(13.07,)","(0.0,)","(0.0,)","(0.0,)","(13,)","(0,)","(0,)","(0,)","(6,)","(0,)","(0,)","(0,)"
"(26,)","(0,)","(0,)","(0,)","(0,)","(0,)","(0,)","(0,)","(13.07,)","(0.0,)","(0.0,)","(0.0,)","(26,)","(0,)","(0,)","(0,)","(13,)","(0,)","(0,)","(0,)"
"(26,)","(0,)","(0,)","(0,)","(0,)","(0,)","(0,)","(0,)","(0.0,)","(0.0,)","(0.0,)","(0.0,)","(26,)","(0,)","(0,)","(0,)","(16,)","(0,)","(0,)","(0,)"
"(26,)","(0,)","(0,)","(0,)","(0,)","(0,)","(0,)","(0,)","(0.0,)","(0.0,)","(0.0,)","(0.0,)","(26,)","(0,)","(0,)","(0,)","(18,)","(0,)","(0,)","(0,)"
"(26,)","(0,)","(0,)","(0,)","(0,)","(0,)","(0,)","(0,)","(0.0,)","(0.0,)","(0.0,)","(0.0,)","(26,)","(0,)","(0,)","(0,)","(19,)","(0,)","(0,)","(0,)"
"(26,)","(0,)","(0,)","(0,)","(0,)","(0,)","(0,)","(0,)","(0.0,)","(0.0,)","(0.0,)","(0.0,)","(26,)","(0,)","(0,)","(0,)","(23,)","(0,)","(0,)","(0,)"
"(26,)","(0,)","(0,)","(0,)","(0,)","(0,)","(0,)","(0,)","(0.0,)","(0.0,)","(0.0,)","(0.0,)","(26,)","(0,)","(0,)","(0,)","(26,)","(0,)","(0,)","(0,)"
"(26,)","(0,)","(0,)","(0,)","(0,)","(0,)","(0,)","(0,)","(0.0,)","(0.0,)","(0.0,)","(0.0,)","(26,)","(0,)","(0,)","(0,)","(26,)","(0,)","(0,)","(0,)"
"(26,)","(1,)","(0,)","(0,)","(0,)","(0,)","(0,)","(0,)","(0.0,)","(1.38,)","(0.0,)","(0.0,)","(26,)","(1,)","(0,)","(0,)","(26,)","(0,)","(0,)","(0,)"
"(0,)","(0,)","(0,)","(0,)","(0,)","(0,)","(0,)","(0,)","(-26.14,)","(-1.38,)","(0.0,)","(0.0,)","(0,)","(0,)","(0,)","(0,)","(21,)","(0,)","(0,)","(0,)"
"(13,)","(0,)","(0,)","(0,)","(0,)","(0,)","(0,)","(0,)","(13.07,)","(0.0,)","(0.0,)","(0.0,)","(13,)","(0,)","(0,)","(0,)","(19,)","(0,)","(0,)","(0,)"
"(26,)","(0,)","(0,)","(0,)","(0,)","(0,)","(0,)","(0,)","(13.07,)","(0.0,)","(0.0,)","(0.0,)","(26,)","(0,)","(0,)","(0,)","(19,)","(0,)","(0,)","(0,)"
"(26,)","(0,)","(0,)","(0,)","(0,)","(0,)","(0,)","(0,)","(0.0,)","(0.0,)","(0.0,)","(0.0,)","(26,)","(0,)","(0,)","(0,)","(19,)","(0,)","(0,)","(0,)"
"(26,)","(0,)","(0,)","(0,)","(0,)","(0,)","(0,)","(0,)","(0.0,)","(0.0,)","(0.0,)","(0.0,)","(26,)","(0,)","(0,)","(0,)","(19,)","(0,)","(0,)","(0,)"
"(26,)","(0,)","(0,)","(0,)","(0,)","(0,)","(0,)","(0,)","(0.0,)","(0.0,)","(0.0,)","(0.0,)","(26,)","(0,)","(0,)","(0,)","(19,)","(0,)","(0,)","(0,)"
"(26,)","(0,)","(0,)","(0,)","(0,)","(0,)","(0,)","(0,)","(0.0,)","(0.0,)","(0.0,)","(0.0,)","(26,)","(0,)","(0,)","(0,)","(23,)","(0,)","(0,)","(0,)"
"(26,)","(0,)","(0,)","(0,)","(0,)","(0,)","(0,)","(0,)","(0.0,)","(0.0,)","(0.0,)","(0.0,)","(26,)","(0,)","(0,)","(0,)","(26,)","(0,)","(0,)","(0,)"
"(26,)","(0,)","(0,)","(0,)","(0,)","(0,)","(0,)","(0,)","(0.0,)","(0.0,)","(0.0,)","(0.0,)","(26,)","(0,)","(0,)","(0,)","(26,)","(0,)","(0,)","(0,)"
"(26,)","(0,)","(0,)","(0,)","(0,)","(0,)","(0,)","(0,)","(0.0,)","(0.0,)","(0.0,)","(0.0,)","(26,)","(0,)","(0,)","(0,)","(26,)","(0,)","(0,)","(0,)"
"(0,)","(0,)","(0,)","(0,)","(0,)","(0,)","(0,)","(0,)","(-26.14,)","(0.0,)","(0.0,)","(0.0,)","(0,)","(0,)","(0,)","(0,)","(21,)","(0,)","(0,)","(0,)"
"(12,)","(4,)","(0,)","(0,)","(0,)","(0,)","(0,)","(0,)","(12.94,)","(4.13,)","(0.19,)","(0.19,)","(12,)","(4,)","(0,)","(0,)","(19,)","(0,)","(0,)","(0,)"
"(0,)","(4,)","(0,)","(0,)","(0,)","(0,)","(0,)","(0,)","(-12.94,)","(0.0,)","(0.0,)","(0.0,)","(0,)","(4,)","(0,)","(0,)","(15,)","(1,)","(0,)","(0,)"
"(0,)","(4,)","(0,)","(0,)","(0,)","(0,)","(0,)","(0,)","(0.0,)","(0.0,)","(0.0,)","(-0.19,)","(0,)","(4,)","(0,)","(0,)","(10,)","(2,)","(0,)","(0,)"
"(0,)","(4,)","(0,)","(0,)","(0,)","(0,)","(0,)","(0,)","(0.0,)","(0.0,)","(0.0,)","(0.0,)","(0,)","(4,)","(0,)","(0,)","(6,)","(2,)","(0,)","(0,)"
"(0,)","(4,)","(0,)","(0,)","(0,)","(0,)","(0,)","(0,)","(0.0,)","(0.0,)","(0.0,)","(0.0,)","(0,)","(4,)","(0,)","(0,)","(2,)","(3,)","(0,)","(0,)"
"(0,)","(4,)","(0,)","(0,)","(0,)","(0,)","(0,)","(0,)","(0.0,)","(0.0,)","(0.0,)","(0.0,)","(0,)","(4,)","(0,)","(0,)","(2,)","(4,)","(0,)","(0,)"
"(0,)","(4,)","(0,)","(0,)","(0,)","(0,)","(0,)","(0,)","(0.0,)","(0.0,)","(0.0,)","(0.0,)","(0,)","(4,)","(0,)","(0,)","(0,)","(4,)","(0,)","(0,)"
"(0,)","(4,)","(0,)","(0,)","(0,)","(0,)","(0,)","(0,)","(0.0,)","(0.0,)","(0.0,)","(0.0,)","(0,)","(4,)","(0,)","(0,)","(0,)","(4,)","(0,)","(0,)"
"(0,)","(0,)","(0,)","(0,)","(0,)","(0,)","(0,)","(0,)","(0.0,)","(-4.13,)","(-0.19,)","(0.0,)","(0,)","(0,)","(0,)","(0,)","(0,)","(3,)","(0,)","(0,)"
"(0,)","(0,)","(0,)","(0,)","(0,)","(0,)","(0,)","(0,)","(0.0,)","(0.0,)","(0.0,)","(0.0,)","(0,)","(0,)","(0,)","(0,)","(0,)","(2,)","(0,)","(0,)"
"(0,)","(0,)","(0,)","(0,)","(0,)","(0,)","(0,)","(0,)","(0.0,)","(0.0,)","(0.0,)","(0.0,)","(0,)","(0,)","(0,)","(0,)","(0,)","(2,)","(0,)","(0,)"
"(0,)","(0,)","(0,)","(0,)","(0,)","(0,)","(0,)","(0,)","(0.0,)","(0.0,)","(0.0,)","(0.0,)","(0,)","(0,)","(0,)","(0,)","(0,)","(1,)","(0,)","(0,)"
"(4,)","(4,)","(0,)","(2,)","(-3,)","(-2,)","(-2,)","(-2,)","(4.07,)","(4.54,)","(0.0,)","(2.13,)","(4,)","(4,)","(0,)","(2,)","(0,)","(1,)","(0,)","(0,)"
"(4,)","(83,)","(4,)","(2,)","(-11,)","(-11,)","(-11,)","(-11,)","(0.0,)","(78.8,)","(4.09,)","(0.0,)","(4,)","('null',)","(4,)","(2,)","(1,)","(0,)","(0,)","(0,)"
"(0,)","(83,)","(4,)","(0,)","(-14,)","(-15,)","(-15,)","(-15,)","(-4.07,)","(0.0,)","(0.0,)","(-2.13,)","(0,)","('null',)","(4,)","(0,)","(1,)","(1,)","(1,)","(0,)"
"(0,)","(0,)","(0,)","(0,)","(-11,)","(-12,)","(-13,)","(-13,)","(0.0,)","(-83.33,)","(-4.09,)","(0.0,)","(0,)","(0,)","(0,)","(0,)","(1,)","(1,)","(1,)","(0,)"
"(0,)","(0,)","(0,)","(0,)","(-10,)","(-9,)","(-9,)","(-10,)","(0.0,)","(0.0,)","(0.0,)","(0.0,)","(0,)","(0,)","(0,)","(0,)","(1,)","(1,)","(1,)","(0,)"
"(5,)","(0,)","(0,)","(5,)","(-10,)","(-10,)","(-9,)","(-10,)","(5.27,)","(0.0,)","(0.0,)","(5.31,)","(5,)","(0,)","(0,)","(5,)","(2,)","(1,)","(1,)","(1,)"
"(148,)","(0,)","(0,)","(5,)","(-10,)","(-11,)","(-10,)","(-10,)","(142.88,)","(0.0,)","(0.0,)","(0.0,)","('null',)","(0,)","(0,)","(5,)","(1,)","(0,)","(1,)","(2,)"
"(148,)","(0,)","(0,)","(0,)","(-10,)","(-11,)","(-11,)","(-11,)","(0.0,)","(0.0,)","(0.0,)","(-5.31,)","('null',)","(0,)","(0,)","(0,)","(1,)","(0,)","(0,)","(1,)"
"(0,)","(3,)","(3,)","(0,)","(-10,)","(-11,)","(-11,)","(-11,)","(-148.15,)","(3.56,)","(3.75,)","(0.0,)","(0,)","(3,)","(3,)","(0,)","(1,)","(0,)","(0,)","(1,)"
"(8,)","(3,)","(3,)","(6,)","(-8,)","(-8,)","(-8,)","(-8,)","(8.23,)","(0.0,)","(0.0,)","(6.57,)","(8,)","(3,)","(3,)","(6,)","(3,)","(1,)","(1,)","(2,)"
"(8,)","(12,)","(11,)","(6,)","(-6,)","(-6,)","(-6,)","(-6,)","(0.0,)","(9.14,)","(7.75,)","(0.0,)","(8,)","(12,)","(11,)","(6,)","(5,)","(3,)","(2,)","(3,)"
"(21,)","(12,)","(11,)","(13,)","(-1,)","(-2,)","(-2,)","(-2,)","(13.45,)","(0.0,)","(0.0,)","(7.04,)","(21,)","(12,)","(11,)","(13,)","(9,)","(5,)","(4,)","(5,)"
"(21,)","(16,)","(18,)","(20,)","(1,)","(1,)","(1,)","(1,)","(0.0,)","(3.56,)","(6.77,)","(6.6,)","(21,)","(16,)","(18,)","(20,)","(11,)","(7,)","(7,)","(7,)"
"(26,)","(31,)","(23,)","(25,)","(1,)","(1,)","(1,)","(1,)","(4.46,)","(15.49,)","(5.13,)","(5.44,)","(26,)","(31,)","(23,)","(25,)","(14,)","(12,)","(11,)","(11,)"
"(61,)","(78,)","(29,)","(27,)","(0,)","(0,)","(0,)","(0,)","(35.39,)","(46.69,)","(6.24,)","(2.14,)","('null',)","('null',)","(29,)","(27,)","(16,)","(14,)","(15,)","(16,)"
"(39,)","(34,)","(34,)","(35,)","(0,)","(0,)","(0,)","(0,)","(-22.32,)","(-43.8,)","(4.56,)","(7.31,)","(39,)","(34,)","(34,)","(35,)","(23,)","(21,)","(21,)","(21,)"
"(80,)","(39,)","(39,)","(38,)","(0,)","(0,)","(0,)","(0,)","(40.78,)","(4.58,)","(5.03,)","(3.01,)","('null',)","(39,)","(39,)","(38,)","(26,)","(26,)","(25,)","(26,)"
"(43,)","(63,)","(41,)","(43,)","(0,)","(0,)","(0,)","(0,)","(-36.99,)","(24.28,)","(2.45,)","(4.92,)","(43,)","('null',)","(41,)","(43,)","(32,)","(30,)","(30,)","(31,)"
"(68,)","(47,)","(47,)","(48,)","(0,)","(0,)","(0,)","(0,)","(25.37,)","(-15.87,)","(5.95,)","(5.47,)","('null',)","(47,)","(47,)","(48,)","(36,)","(37,)","(35,)","(36,)"
"(51,)","(52,)","(51,)","(51,)","(0,)","(0,)","(0,)","(0,)","(-17.09,)","(4.67,)","(3.66,)","(2.8,)","(51,)","(52,)","(51,)","(51,)","(44,)","(43,)","(40,)","(40,)"
"(72,)","(54,)","(53,)","(54,)","(0,)","(0,)","(0,)","(0,)","(20.79,)","(2.13,)","(2.05,)","(3.14,)","('null',)","(54,)","(53,)","(54,)","(44,)","(45,)","(44,)","(44,)"
"(78,)","(62,)","(56,)","(57,)","(0,)","(0,)","(0,)","(0,)","(6.36,)","(7.59,)","(3.4,)","(3.55,)","('null',)","(62,)","(56,)","(57,)","(47,)","(50,)","(47,)","(48,)"
"(70,)","(61,)","(60,)","(60,)","(0,)","(0,)","(0,)","(0,)","(-8.26,)","(-0.48,)","(3.87,)","(2.64,)","(70,)","(61,)","(60,)","(60,)","(54,)","(55,)","(51,)","(52,)"
"(74,)","(63,)","(63,)","(63,)","(0,)","(0,)","(0,)","(0,)","(3.9,)","(1.95,)","(2.89,)","(2.89,)","(74,)","(63,)","(63,)","(63,)","(65,)","(56,)","(55,)","(55,)"
"(66,)","(66,)","(66,)","(66,)","(0,)","(0,)","(0,)","(0,)","(-7.41,)","(3.17,)","(3.17,)","(3.17,)","(66,)","(66,)","(66,)","(66,)","(65,)","(59,)","(58,)","(58,)"
"(70,)","(68,)","(97,)","(67,)","(6,)","(6,)","(5,)","(5,)","(3.51,)","(1.71,)","(30.89,)","(1.13,)","(70,)","(68,)","('null',)","(67,)","(70,)","(62,)","(59,)","(61,)"
"(80,)","(66,)","(70,)","(70,)","(14,)","(15,)","(14,)","(14,)","(9.82,)","(-1.71,)","(-27.39,)","(2.38,)","(80,)","(66,)","(70,)","(70,)","(72,)","(64,)","(63,)","(63,)"
"(88,)","(115,)","(88,)","(105,)","(25,)","(26,)","(25,)","(25,)","(8.89,)","(49.28,)","(18.71,)","(35.09,)","(88,)","('null',)","(88,)","('null',)","(74,)","(64,)","(69,)","(65,)"
"(148,)","(68,)","(68,)","(71,)","(34,)","(36,)","(35,)","(35,)","(59.26,)","(-46.98,)","(-20.51,)","(-33.83,)","('null',)","(68,)","(68,)","(71,)","(75,)","(66,)","(71,)","(67,)"
"(78,)","(72,)","(76,)","(71,)","(35,)","(36,)","(37,)","(36,)","(-69.72,)","(3.76,)","(8.55,)","(0.0,)","(78,)","(72,)","(76,)","(71,)","(76,)","(68,)","(73,)","(69,)"
"(75,)","(76,)","(74,)","(72,)","(33,)","(33,)","(33,)","(33,)","(-2.96,)","(4.2,)","(-2.85,)","(0.64,)","(75,)","(76,)","(74,)","(72,)","(78,)","(70,)","(75,)","(70,)"
"(86,)","(80,)","(75,)","(72,)","(32,)","(31,)","(31,)","(31,)","(11.48,)","(3.08,)","(1.4,)","(0.66,)","(86,)","(80,)","(75,)","(72,)","(81,)","(72,)","(75,)","(71,)"
"(80,)","(78,)","(78,)","(76,)","(32,)","(32,)","(31,)","(32,)","(-6.96,)","(-1.57,)","(2.96,)","(4.2,)","(80,)","(78,)","(78,)","(76,)","(81,)","(74,)","(76,)","(72,)"
"(83,)","(78,)","(81,)","(81,)","(32,)","(33,)","(32,)","(32,)","(3.33,)","(0.0,)","(3.2,)","(4.71,)","(83,)","(78,)","(81,)","(81,)","(80,)","(75,)","(75,)","(73,)"
"(85,)","(83,)","(83,)","(83,)","(32,)","(33,)","(32,)","(32,)","(1.77,)","(4.9,)","(1.7,)","(1.7,)","(85,)","(83,)","(83,)","(83,)","(81,)","(77,)","(77,)","(75,)"
"(81,)","(83,)","(86,)","(81,)","(27,)","(27,)","(27,)","(28,)","(-3.47,)","(0.0,)","(3.62,)","(-1.7,)","(81,)","(83,)","(86,)","(81,)","(81,)","(79,)","(79,)","(77,)"
"(88,)","(88,)","(83,)","(83,)","(21,)","(21,)","(21,)","(21,)","(7.26,)","(5.56,)","(-3.62,)","(1.7,)","(88,)","(88,)","(83,)","(83,)","(83,)","(81,)","(81,)","(79,)"
"(118,)","(126,)","(111,)","(111,)","(12,)","(11,)","(11,)","(11,)","(29.63,)","(38.1,)","(27.78,)","(27.78,)","('null',)","('null',)","('null',)","(111,)","(83,)","(82,)","(82,)","(85,)"
"(86,)","(86,)","(85,)","(81,)","(-1,)","(-2,)","(-2,)","(-2,)","(-31.56,)","(-40.03,)","(-26.0,)","(-29.48,)","(86,)","(86,)","(85,)","(81,)","(84,)","(83,)","(83,)","(86,)"
"(98,)","(124,)","(81,)","(81,)","(-15,)","(-17,)","(-17,)","(-16,)","(11.81,)","(37.07,)","(-3.47,)","(0.0,)","(98,)","('null',)","(81,)","(81,)","(87,)","(85,)","(83,)","(86,)"
"(105,)","(78,)","(95,)","(113,)","(-20,)","(-22,)","(-22,)","(-22,)","(6.5,)","(-45.6,)","(13.61,)","(31.84,)","(105,)","(78,)","(95,)","('null',)","(91,)","(83,)","(86,)","(87,)"
"(80,)","(118,)","(85,)","(81,)","(-25,)","(-25,)","(-25,)","(-25,)","(-25.26,)","(40.09,)","(-10.13,)","(-31.84,)","(80,)","('null',)","(85,)","(81,)","(91,)","(84,)","(85,)","(87,)"
"(90,)","(83,)","(80,)","(80,)","(-30,)","(-30,)","(-30,)","(-30,)","(10.91,)","(-35.19,)","(-5.11,)","(-0.82,)","(90,)","(83,)","(80,)","(80,)","(91,)","(82,)","(85,)","(86,)"
"(83,)","(81,)","(78,)","(81,)","(-40,)","(-40,)","(-39,)","(-39,)","(-7.58,)","(-1.7,)","(-1.57,)","(0.82,)","(83,)","(81,)","(78,)","(81,)","(90,)","(82,)","(84,)","(80,)"
"(93,)","(88,)","(81,)","(80,)","(-48,)","(-49,)","(-49,)","(-49,)","(9.69,)","(7.26,)","(3.2,)","(-1.63,)","(93,)","(88,)","(81,)","(80,)","(91,)","(82,)","(83,)","(80,)"
"(83,)","(81,)","(115,)","(111,)","(-48,)","(-49,)","(-50,)","(-50,)","(-9.69,)","(-7.26,)","(34.31,)","(31.11,)","(83,)","(81,)","('null',)","('null',)","(89,)","(82,)","(83,)","(80,)"
"(85,)","(83,)","(82,)","(83,)","(-45,)","(-45,)","(-46,)","(-45,)","(1.77,)","(1.7,)","(-33.89,)","(-27.78,)","(85,)","(83,)","(82,)","(83,)","(85,)","(83,)","(81,)","(81,)"
"(87,)","(85,)","(83,)","(85,)","(-44,)","(-43,)","(-43,)","(-42,)","(2.33,)","(1.77,)","(1.28,)","(1.77,)","(87,)","(85,)","(83,)","(85,)","(86,)","(83,)","(80,)","(81,)"
"(86,)","(86,)","(115,)","(84,)","(-46,)","(-46,)","(-45,)","(-45,)","(-0.48,)","(1.85,)","(32.61,)","(-0.45,)","(86,)","(86,)","('null',)","(84,)","(86,)","(84,)","(81,)","(82,)"
"(115,)","(87,)","(86,)","(86,)","(-49,)","(-50,)","(-50,)","(-50,)","(28.99,)","(0.48,)","(-28.99,)","(2.3,)","('null',)","(87,)","(86,)","(86,)","(86,)","(85,)","(83,)","(83,)"
"(90,)","(86,)","(86,)","(86,)","(-53,)","(-54,)","(-55,)","(-54,)","(-25.55,)","(-0.48,)","(-0.94,)","(0.0,)","(90,)","(86,)","(86,)","(86,)","(86,)","(84,)","(84,)","(84,)"
"(90,)","(86,)","(86,)","(87,)","(-56,)","(-56,)","(-57,)","(-56,)","(0.51,)","(0.0,)","(0.94,)","(0.48,)","(90,)","(86,)","(86,)","(87,)","(87,)","(85,)","(84,)","(85,)"
"(88,)","(88,)","(86,)","(86,)","(-58,)","(-58,)","(-58,)","(-58,)","(-2.02,)","(1.93,)","(0.0,)","(-0.48,)","(88,)","(88,)","(86,)","(86,)","(88,)","(86,)","(85,)","(85,)"
"(90,)","(88,)","(90,)","(90,)","(-59,)","(-59,)","(-59,)","(-59,)","(2.02,)","(0.0,)","(3.44,)","(3.95,)","(90,)","(88,)","(90,)","(90,)","(88,)","(86,)","(86,)","(86,)"
"(93,)","(90,)","(86,)","(90,)","(-61,)","(-61,)","(-61,)","(-61,)","(2.66,)","(2.02,)","(-3.44,)","(-0.51,)","(93,)","(90,)","(86,)","(90,)","(90,)","(87,)","(86,)","(87,)"
"(93,)","(91,)","(90,)","(90,)","(-63,)","(-64,)","(-64,)","(-63,)","(-0.54,)","(1.04,)","(3.44,)","(0.51,)","(93,)","(91,)","(90,)","(90,)","(90,)","(88,)","(87,)","(88,)"
"(93,)","(90,)","(90,)","(91,)","(-63,)","(-63,)","(-64,)","(-63,)","(0.54,)","(-1.04,)","(0.51,)","(1.04,)","(93,)","(90,)","(90,)","(91,)","(91,)","(88,)","(88,)","(89,)"
"(95,)","(91,)","(91,)","(93,)","(-63,)","(-63,)","(-63,)","(-63,)","(1.67,)","(1.04,)","(1.04,)","(1.07,)","(95,)","(91,)","(91,)","(93,)","(92,)","(89,)","(88,)","(90,)"
"(136,)","(152,)","(133,)","(102,)","(-56,)","(-55,)","(-56,)","(-56,)","(41.51,)","(60.43,)","(41.38,)","(9.54,)","('null',)","('null',)","('null',)","(102,)","(92,)","(90,)","(89,)","(92,)"
"(90,)","(88,)","(90,)","(93,)","(-44,)","(-43,)","(-44,)","(-44,)","(-45.84,)","(-63.49,)","(-42.42,)","(-9.54,)","(90,)","(88,)","(90,)","(93,)","(92,)","(90,)","(89,)","(93,)"
"(114,)","(88,)","(88,)","(91,)","(-35,)","(-34,)","(-34,)","(-34,)","(24.03,)","(0.0,)","(-2.02,)","(-1.07,)","('null',)","(88,)","(88,)","(91,)","(92,)","(89,)","(89,)","(93,)"
"(93,)","(88,)","(100,)","(108,)","(-35,)","(-34,)","(-33,)","(-33,)","(-21.92,)","(0.0,)","(11.11,)","(16.15,)","(93,)","(88,)","(100,)","(108,)","(92,)","(89,)","(91,)","(96,)"
"(90,)","(90,)","(88,)","(87,)","(-34,)","(-34,)","(-34,)","(-34,)","(-2.63,)","(2.02,)","(-11.11,)","(-20.68,)","(90,)","(90,)","(88,)","(87,)","(92,)","(89,)","(91,)","(95,)"
"(93,)","(88,)","(86,)","(88,)","(-33,)","(-33,)","(-33,)","(-33,)","(2.63,)","(-2.02,)","(-1.93,)","(1.46,)","(93,)","(88,)","(86,)","(88,)","(91,)","(88,)","(90,)","(94,)"
"(91,)","(90,)","(88,)","(90,)","(-32,)","(-32,)","(-32,)","(-32,)","(-1.07,)","(2.02,)","(1.93,)","(1.51,)","(91,)","(90,)","(88,)","(90,)","(91,)","(88,)","(90,)","(92,)"
"(93,)","(93,)","(90,)","(93,)","(-32,)","(-31,)","(-32,)","(-32,)","(1.61,)","(2.66,)","(1.51,)","(2.63,)","(93,)","(93,)","(90,)","(93,)","(92,)","(89,)","(90,)","(92,)"
"(93,)","(93,)","(90,)","(91,)","(-31,)","(-31,)","(-31,)","(-31,)","(-0.54,)","(-0.54,)","(0.51,)","(-1.07,)","(93,)","(93,)","(90,)","(91,)","(92,)","(90,)","(90,)","(92,)"
"(95,)","(93,)","(93,)","(93,)","(-31,)","(-31,)","(-31,)","(-31,)","(2.21,)","(0.54,)","(2.66,)","(1.07,)","(95,)","(93,)","(93,)","(93,)","(92,)","(91,)","(89,)","(90,)"
"(95,)","(93,)","(93,)","(91,)","(-30,)","(-30,)","(-30,)","(-30,)","(0.0,)","(-0.54,)","(-0.54,)","(-1.07,)","(95,)","(93,)","(93,)","(91,)","(93,)","(91,)","(90,)","(91,)"
"(93,)","(93,)","(93,)","(95,)","(-28,)","(-28,)","(-29,)","(-28,)","(-1.67,)","(0.54,)","(0.54,)","(3.28,)","(93,)","(93,)","(93,)","(95,)","(93,)","(92,)","(91,)","(92,)"
"(161,)","(166,)","(138,)","(113,)","(-20,)","(-20,)","(-21,)","(-22,)","(68.05,)","(73.1,)","(45.32,)","(18.24,)","('null',)","('null',)","('null',)","(113,)","(93,)","(93,)","(91,)","(96,)"
"(93,)","(111,)","(90,)","(95,)","(-11,)","(-10,)","(-10,)","(-11,)","(-68.59,)","(-55.56,)","(-47.98,)","(-18.24,)","(93,)","(111,)","(90,)","(95,)","(93,)","(96,)","(91,)","(96,)"
"(91,)","(88,)","(88,)","(90,)","(0,)","(0,)","(0,)","(0,)","(-1.07,)","(-22.22,)","(-2.02,)","(-4.84,)","(91,)","(88,)","(88,)","(90,)","(93,)","(95,)","(91,)","(96,)"
"(90,)","(91,)","(88,)","(88,)","(4,)","(5,)","(6,)","(6,)","(-1.04,)","(3.07,)","(0.0,)","(-1.51,)","(90,)","(91,)","(88,)","(88,)","(92,)","(95,)","(90,)","(95,)"
"(144,)","(137,)","(86,)","(87,)","(11,)","(11,)","(11,)","(12,)","(53.24,)","(45.98,)","(-1.93,)","(-1.46,)","('null',)","('null',)","(86,)","(87,)","(91,)","(95,)","(89,)","(94,)"
"(111,)","(90,)","(90,)","(88,)","(18,)","(18,)","(18,)","(18,)","(-33.03,)","(-47.54,)","(3.44,)","(1.46,)","('null',)","(90,)","(90,)","(88,)","(91,)","(95,)","(88,)","(93,)"
"(86,)","(90,)","(88,)","(88,)","(28,)","(28,)","(27,)","(27,)","(-24.15,)","(0.51,)","(-1.51,)","(0.0,)","(86,)","(90,)","(88,)","(88,)","(90,)","(94,)","(88,)","(89,)"
"(88,)","(88,)","(86,)","(87,)","(35,)","(36,)","(35,)","(35,)","(1.93,)","(-2.02,)","(-1.93,)","(-1.46,)","(88,)","(88,)","(86,)","(87,)","(88,)","(89,)","(87,)","(88,)"
"(114,)","(117,)","(87,)","(85,)","(43,)","(44,)","(44,)","(44,)","(25.4,)","(28.76,)","(0.48,)","(-2.33,)","('null',)","('null',)","(87,)","(85,)","(88,)","(89,)","(87,)","(87,)"
"(86,)","(88,)","(86,)","(86,)","(50,)","(51,)","(51,)","(51,)","(-27.33,)","(-28.76,)","(-0.48,)","(1.85,)","(86,)","(88,)","(86,)","(86,)","(86,)","(89,)","(87,)","(86,)"
"(88,)","(90,)","(88,)","(88,)","(56,)","(56,)","(56,)","(56,)","(1.93,)","(1.51,)","(1.93,)","(1.93,)","(88,)","(90,)","(88,)","(88,)","(87,)","(89,)","(87,)","(87,)"
"(88,)","(88,)","(91,)","(88,)","(59,)","(59,)","(59,)","(59,)","(0.0,)","(-1.51,)","(3.07,)","(0.0,)","(88,)","(88,)","(91,)","(88,)","(87,)","(88,)","(87,)","(87,)"
"(126,)","(130,)","(161,)","(140,)","(65,)","(64,)","(64,)","(64,)","(38.1,)","(41.19,)","(69.66,)","(51.46,)","('null',)","('null',)","('null',)","(140,)","(87,)","(88,)","(87,)","(95,)"
"(115,)","(86,)","(90,)","(90,)","(71,)","(72,)","(71,)","(71,)","(-11.04,)","(-43.12,)","(-70.71,)","(-49.44,)","('null',)","(86,)","(90,)","(90,)","(87,)","(88,)","(88,)","(96,)"
"(91,)","(88,)","(86,)","(91,)","(76,)","(77,)","(77,)","(77,)","(-23.99,)","(1.93,)","(-3.95,)","(1.04,)","(91,)","(88,)","(86,)","(91,)","(88,)","(88,)","(88,)","(97,)"
"(90,)","(88,)","(91,)","(93,)","(78,)","(79,)","(80,)","(79,)","(-1.04,)","(0.0,)","(5.0,)","(1.07,)","(90,)","(88,)","(91,)","(93,)","(89,)","(88,)","(89,)","(98,)"
"(158,)","(129,)","(88,)","(90,)","(85,)","(85,)","(85,)","(84,)","(67.82,)","(40.14,)","(-3.07,)","(-2.63,)","('null',)","('null',)","(88,)","(90,)","(89,)","(87,)","(89,)","(98,)"
"(106,)","(88,)","(90,)","(93,)","(92,)","(92,)","(92,)","(92,)","(-52.06,)","(-40.14,)","(1.51,)","(2.63,)","(106,)","(88,)","(90,)","(93,)","(95,)","(87,)","(89,)","(99,)"
"(90,)","(88,)","(90,)","(91,)","(93,)","(93,)","(94,)","(93,)","(-15.76,)","(0.0,)","(0.51,)","(-1.07,)","(90,)","(88,)","(90,)","(91,)","(94,)","(87,)","(89,)","(91,)"
"(116,)","(88,)","(88,)","(93,)","(90,)","(90,)","(91,)","(90,)","(26.05,)","(0.0,)","(-2.02,)","(1.07,)","('null',)","(88,)","(88,)","(93,)","(94,)","(88,)","(88,)","(91,)"
"(95,)","(95,)","(93,)","(91,)","(89,)","(88,)","(88,)","(88,)","(-21.72,)","(6.35,)","(4.68,)","(-1.07,)","(95,)","(95,)","(93,)","(91,)","(95,)","(89,)","(90,)","(91,)"
"(93,)","(93,)","(91,)","(93,)","(89,)","(89,)","(88,)","(89,)","(-2.21,)","(-1.67,)","(-1.61,)","(1.07,)","(93,)","(93,)","(91,)","(93,)","(96,)","(90,)","(90,)","(91,)"
"(95,)","(93,)","(93,)","(93,)","(89,)","(89,)","(89,)","(89,)","(2.21,)","(-0.54,)","(1.07,)","(0.54,)","(95,)","(93,)","(93,)","(93,)","(95,)","(90,)","(90,)","(92,)"
"(95,)","(93,)","(93,)","(95,)","(89,)","(90,)","(90,)","(90,)","(0.0,)","(0.54,)","(0.54,)","(1.67,)","(95,)","(93,)","(93,)","(95,)","(93,)","(91,)","(91,)","(92,)"
"(95,)","(95,)","(95,)","(95,)","(89,)","(90,)","(90,)","(90,)","(0.0,)","(1.67,)","(1.67,)","(0.0,)","(95,)","(95,)","(95,)","(95,)","(94,)","(92,)","(92,)","(93,)"
"(96,)","(93,)","(95,)","(96,)","(89,)","(90,)","(90,)","(90,)","(1.73,)","(-2.21,)","(0.0,)","(1.73,)","(96,)","(93,)","(95,)","(96,)","(94,)","(93,)","(93,)","(93,)"
"(96,)","(96,)","(95,)","(95,)","(89,)","(90,)","(90,)","(90,)","(0.0,)","(3.95,)","(0.0,)","(-1.73,)","(96,)","(96,)","(95,)","(95,)","(95,)","(93,)","(93,)","(94,)"
"(97,)","(95,)","(95,)","(95,)","(89,)","(90,)","(90,)","(90,)","(0.59,)","(-1.73,)","(0.0,)","(0.0,)","(97,)","(95,)","(95,)","(95,)","(95,)","(94,)","(94,)","(94,)"
"(95,)","(96,)","(96,)","(96,)","(89,)","(90,)","(90,)","(90,)","(-2.32,)","(1.73,)","(1.73,)","(1.73,)","(95,)","(96,)","(96,)","(96,)","(95,)","(94,)","(94,)","(95,)"
"(100,)","(95,)","(96,)","(96,)","(89,)","(90,)","(90,)","(90,)","(5.39,)","(-1.73,)","(0.0,)","(0.0,)","(100,)","(95,)","(96,)","(96,)","(96,)","(95,)","(95,)","(95,)"
"(96,)","(96,)","(97,)","(97,)","(89,)","(90,)","(90,)","(90,)","(-3.66,)","(1.73,)","(0.59,)","(0.59,)","(96,)","(96,)","(97,)","(97,)","(96,)","(95,)","(95,)","(95,)"
"(97,)","(95,)","(96,)","(96,)","(89,)","(90,)","(90,)","(90,)","(0.59,)","(-1.73,)","(-0.59,)","(-0.59,)","(97,)","(95,)","(96,)","(96,)","(96,)","(95,)","(95,)","(95,)"
"(96,)","(96,)","(96,)","(96,)","(89,)","(90,)","(90,)","(90,)","(-0.59,)","(1.73,)","(0.0,)","(0.0,)","(96,)","(96,)","(96,)","(96,)","(96,)","(95,)","(96,)","(96,)"
"(98,)","(96,)","(96,)","(96,)","(89,)","(90,)","(90,)","(90,)","(1.8,)","(0.0,)","(0.0,)","(0.0,)","(98,)","(96,)","(96,)","(96,)","(97,)","(95,)","(96,)","(96,)"
"(98,)","(97,)","(97,)","(97,)","(89,)","(90,)","(90,)","(90,)","(0.0,)","(0.59,)","(0.59,)","(0.59,)","(98,)","(97,)","(97,)","(97,)","(97,)","(95,)","(96,)","(96,)"
"(121,)","(113,)","(162,)","(152,)","(82,)","(82,)","(82,)","(83,)","(22.45,)","(15.91,)","(65.04,)","(54.82,)","('null',)","(113,)","('null',)","('null',)","(97,)","(98,)","(96,)","(96,)"
"(96,)","(126,)","(100,)","(138,)","(68,)","(68,)","(68,)","(69,)","(-24.24,)","(13.51,)","(-61.97,)","(-13.49,)","(96,)","(126,)","(100,)","('null',)","(97,)","(103,)","(97,)","(96,)"
"(121,)","(102,)","(113,)","(88,)","(52,)","(51,)","(52,)","(52,)","(24.24,)","(-24.42,)","(12.85,)","(-50.0,)","('null',)","(102,)","(113,)","(88,)","(97,)","(105,)","(100,)","(94,)"
"(105,)","(156,)","(81,)","(90,)","(36,)","(33,)","(34,)","(35,)","(-15.95,)","(54.3,)","(-31.84,)","(2.02,)","(105,)","('null',)","(81,)","(90,)","(99,)","(106,)","(97,)","(92,)"
"(105,)","(121,)","(78,)","(86,)","(22,)","(19,)","(19,)","(20,)","(0.0,)","(-35.65,)","(-3.2,)","(-4.89,)","(105,)","(121,)","(78,)","(86,)","(101,)","(111,)","(93,)","(90,)"
"(106,)","(68,)","(100,)","(117,)","(20,)","(18,)","(17,)","(17,)","(1.4,)","(-52.84,)","(21.57,)","(31.63,)","(106,)","(68,)","('null',)","('null',)","(103,)","(106,)","(93,)","(88,)"
"(104,)","(102,)","(76,)","(78,)","(16,)","(16,)","(15,)","(15,)","(-2.09,)","(34.19,)","(-23.08,)","(-39.22,)","(104,)","('null',)","(76,)","(78,)","(103,)","(104,)","(89,)","(85,)"
"(80,)","(80,)","(78,)","(80,)","(9,)","(10,)","(10,)","(10,)","(-24.58,)","(-22.56,)","(1.51,)","(1.57,)","(80,)","(80,)","(78,)","(80,)","(100,)","(92,)","(85,)","(84,)"
"(81,)","(81,)","(76,)","(78,)","(8,)","(8,)","(8,)","(8,)","(1.63,)","(1.63,)","(-1.51,)","(-1.57,)","(81,)","(81,)","(76,)","(78,)","(96,)","(87,)","(77,)","(82,)"
"(115,)","(85,)","(81,)","(78,)","(10,)","(9,)","(9,)","(9,)","(34.31,)","(3.47,)","(4.71,)","(0.0,)","('null',)","(85,)","(81,)","(78,)","(95,)","(87,)","(77,)","(80,)"
"(85,)","(84,)","(85,)","(83,)","(11,)","(11,)","(11,)","(11,)","(-30.84,)","(-0.45,)","(3.47,)","(4.9,)","(85,)","(84,)","(85,)","(83,)","(91,)","(79,)","(79,)","(79,)"
"(86,)","(86,)","(85,)","(85,)","(11,)","(11,)","(11,)","(11,)","(1.85,)","(2.3,)","(0.0,)","(1.77,)","(86,)","(86,)","(85,)","(85,)","(87,)","(83,)","(80,)","(80,)"
"(90,)","(88,)","(87,)","(86,)","(11,)","(11,)","(11,)","(11,)","(3.44,)","(1.93,)","(2.33,)","(0.92,)","(90,)","(88,)","(87,)","(86,)","(84,)","(84,)","(82,)","(81,)"
"(90,)","(91,)","(86,)","(86,)","(11,)","(11,)","(11,)","(11,)","(0.51,)","(3.07,)","(-0.48,)","(0.94,)","(90,)","(91,)","(86,)","(86,)","(86,)","(85,)","(83,)","(82,)"
"(90,)","(93,)","(90,)","(90,)","(11,)","(11,)","(11,)","(11,)","(-0.51,)","(1.07,)","(3.95,)","(3.95,)","(90,)","(93,)","(90,)","(90,)","(88,)","(87,)","(85,)","(84,)"
"(93,)","(91,)","(90,)","(88,)","(11,)","(11,)","(11,)","(11,)","(2.63,)","(-1.07,)","(-0.51,)","(-2.02,)","(93,)","(91,)","(90,)","(88,)","(89,)","(88,)","(87,)","(86,)"
"(93,)","(95,)","(93,)","(90,)","(11,)","(11,)","(11,)","(11,)","(0.54,)","(3.28,)","(2.63,)","(2.02,)","(93,)","(95,)","(93,)","(90,)","(90,)","(90,)","(88,)","(87,)"
"(95,)","(93,)","(91,)","(91,)","(11,)","(11,)","(11,)","(11,)","(1.67,)","(-2.21,)","(-1.07,)","(1.04,)","(95,)","(93,)","(91,)","(91,)","(91,)","(91,)","(89,)","(88,)"
"(95,)","(93,)","(93,)","(93,)","(11,)","(11,)","(11,)","(11,)","(0.0,)","(0.54,)","(1.07,)","(1.07,)","(95,)","(93,)","(93,)","(93,)","(92,)","(92,)","(90,)","(89,)"
"(93,)","(96,)","(91,)","(91,)","(11,)","(11,)","(11,)","(11,)","(-1.67,)","(3.4,)","(-1.07,)","(-1.07,)","(93,)","(96,)","(91,)","(91,)","(93,)","(93,)","(91,)","(90,)"
"(98,)","(95,)","(95,)","(93,)","(11,)","(11,)","(11,)","(11,)","(5.2,)","(-1.73,)","(3.28,)","(1.07,)","(98,)","(95,)","(95,)","(93,)","(94,)","(93,)","(92,)","(91,)"
"(95,)","(96,)","(95,)","(93,)","(11,)","(11,)","(11,)","(11,)","(-3.53,)","(1.73,)","(0.0,)","(0.54,)","(95,)","(96,)","(95,)","(93,)","(94,)","(94,)","(93,)","(91,)"
"(95,)","(95,)","(93,)","(93,)","(11,)","(11,)","(11,)","(11,)","(0.0,)","(-1.73,)","(-1.67,)","(0.0,)","(95,)","(95,)","(93,)","(93,)","(95,)","(94,)","(93,)","(92,)"
"(98,)","(97,)","(95,)","(93,)","(11,)","(11,)","(11,)","(11,)","(3.53,)","(2.32,)","(1.67,)","(-0.54,)","(98,)","(97,)","(95,)","(93,)","(95,)","(95,)","(93,)","(92,)"
"(108,)","(118,)","(177,)","(158,)","(3,)","(4,)","(4,)","(4,)","(9.34,)","(20.96,)","(82.54,)","(65.71,)","(108,)","('null',)","('null',)","('null',)","(97,)","(95,)","(93,)","(92,)"
"(96,)","(138,)","(96,)","(108,)","(-10,)","(-10,)","(-10,)","(-9,)","(-11.14,)","(20.37,)","(-80.81,)","(-50.62,)","(96,)","('null',)","(96,)","(108,)","(98,)","(95,)","(94,)","(96,)"
"(100,)","(100,)","(97,)","(86,)","(-25,)","(-26,)","(-26,)","(-25,)","(3.66,)","(-38.89,)","(0.59,)","(-21.15,)","(100,)","(100,)","(97,)","(86,)","(98,)","(97,)","(95,)","(94,)"
"(93,)","(97,)","(102,)","(83,)","(-41,)","(-44,)","(-44,)","(-43,)","(-7.61,)","(-2.44,)","(5.0,)","(-3.62,)","(93,)","(97,)","(102,)","(83,)","(98,)","(97,)","(96,)","(92,)"
"(100,)","(88,)","(100,)","(78,)","(-57,)","(-63,)","(-63,)","(-60,)","(6.98,)","(-8.67,)","(-1.94,)","(-4.9,)","(100,)","(88,)","(100,)","(78,)","(99,)","(95,)","(98,)","(89,)"
"(105,)","(124,)","(100,)","(74,)","(-73,)","(-81,)","(-81,)","(-78,)","(5.26,)","(35.14,)","(0.0,)","(-4.36,)","(105,)","('null',)","(100,)","(74,)","(100,)","(95,)","(99,)","(85,)"
"(140,)","(90,)","(90,)","(72,)","(-89,)","(-97,)","(-96,)","(-95,)","(35.09,)","(-33.12,)","(-9.72,)","(-1.35,)","('null',)","(90,)","(90,)","(72,)","(98,)","(93,)","(97,)","(83,)"
"(83,)","(65,)","(114,)","(126,)","(-97,)","(-99,)","(-99,)","(-99,)","(-57.02,)","(-25.87,)","(23.38,)","(54.26,)","(83,)","(65,)","('null',)","('null',)","(96,)","(88,)","(97,)","(78,)"
"(81,)","(66,)","(68,)","(72,)","(-93,)","(-91,)","(-92,)","(-93,)","(-1.7,)","(1.63,)","(-45.32,)","(-54.26,)","(81,)","(66,)","(68,)","(72,)","(92,)","(81,)","(92,)","(75,)"
"(97,)","(65,)","(67,)","(72,)","(-88,)","(-86,)","(-85,)","(-86,)","(15.93,)","(-1.63,)","(-1.17,)","(0.0,)","(97,)","(65,)","(67,)","(72,)","(93,)","(74,)","(85,)","(73,)"
"(88,)","(72,)","(76,)","(74,)","(-86,)","(-86,)","(-85,)","(-85,)","(-8.67,)","(7.69,)","(9.13,)","(1.35,)","(88,)","(72,)","(76,)","(74,)","(90,)","(71,)","(80,)","(72,)"
"(88,)","(78,)","(78,)","(75,)","(-87,)","(-87,)","(-87,)","(-87,)","(0.0,)","(5.7,)","(1.51,)","(1.4,)","(88,)","(78,)","(78,)","(75,)","(87,)","(72,)","(75,)","(73,)"
"(108,)","(80,)","(80,)","(78,)","(-86,)","(-87,)","(-87,)","(-87,)","(19.95,)","(1.57,)","(1.57,)","(2.96,)","(108,)","(80,)","(80,)","(78,)","(90,)","(71,)","(73,)","(74,)"
"(83,)","(80,)","(80,)","(80,)","(-86,)","(-86,)","(-86,)","(-86,)","(-25.51,)","(0.0,)","(0.0,)","(1.57,)","(83,)","(80,)","(80,)","(80,)","(90,)","(73,)","(74,)","(75,)"
"(85,)","(83,)","(83,)","(85,)","(-85,)","(-85,)","(-85,)","(-85,)","(1.77,)","(3.33,)","(3.33,)","(5.11,)","(85,)","(83,)","(83,)","(85,)","(91,)","(76,)","(77,)","(77,)"
"(86,)","(85,)","(83,)","(85,)","(-85,)","(-85,)","(-85,)","(-85,)","(1.85,)","(1.77,)","(0.0,)","(0.0,)","(86,)","(85,)","(83,)","(85,)","(89,)","(79,)","(80,)","(79,)"
"(87,)","(86,)","(86,)","(86,)","(-85,)","(-85,)","(-85,)","(-85,)","(0.48,)","(0.92,)","(3.62,)","(0.92,)","(87,)","(86,)","(86,)","(86,)","(89,)","(82,)","(81,)","(81,)"
"(88,)","(86,)","(88,)","(88,)","(-85,)","(-85,)","(-85,)","(-85,)","(1.46,)","(0.94,)","(1.93,)","(2.87,)","(88,)","(86,)","(88,)","(88,)","(89,)","(83,)","(83,)","(83,)"
"(90,)","(90,)","(88,)","(88,)","(-85,)","(-85,)","(-85,)","(-85,)","(2.02,)","(3.44,)","(0.0,)","(0.0,)","(90,)","(90,)","(88,)","(88,)","(86,)","(85,)","(84,)","(85,)"
"(90,)","(88,)","(88,)","(88,)","(-85,)","(-85,)","(-85,)","(-85,)","(-0.51,)","(-1.51,)","(0.0,)","(0.0,)","(90,)","(88,)","(88,)","(88,)","(87,)","(86,)","(86,)","(86,)"
"(90,)","(93,)","(93,)","(93,)","(-85,)","(-85,)","(-85,)","(-85,)","(0.51,)","(4.13,)","(4.13,)","(4.13,)","(90,)","(93,)","(93,)","(93,)","(88,)","(88,)","(87,)","(88,)"
"(93,)","(90,)","(90,)","(91,)","(-85,)","(-85,)","(-85,)","(-85,)","(2.66,)","(-2.63,)","(-2.63,)","(-1.07,)","(93,)","(90,)","(90,)","(91,)","(89,)","(88,)","(88,)","(89,)"
"(93,)","(90,)","(90,)","(91,)","(-85,)","(-85,)","(-85,)","(-85,)","(0.0,)","(0.51,)","(0.51,)","(0.0,)","(93,)","(90,)","(90,)","(91,)","(90,)","(89,)","(89,)","(89,)"
"(93,)","(91,)","(93,)","(93,)","(-85,)","(-85,)","(-85,)","(-85,)","(-0.54,)","(1.04,)","(2.66,)","(1.07,)","(93,)","(91,)","(93,)","(93,)","(91,)","(90,)","(90,)","(90,)"
"(93,)","(95,)","(93,)","(93,)","(-85,)","(-85,)","(-85,)","(-85,)","(0.54,)","(3.28,)","(-0.54,)","(0.54,)","(93,)","(95,)","(93,)","(93,)","(92,)","(91,)","(91,)","(91,)"
"(95,)","(93,)","(95,)","(93,)","(-84,)","(-84,)","(-84,)","(-84,)","(1.67,)","(-2.21,)","(2.21,)","(-0.54,)","(95,)","(93,)","(95,)","(93,)","(92,)","(92,)","(92,)","(92,)"
"(96,)","(93,)","(95,)","(95,)","(-83,)","(-84,)","(-83,)","(-83,)","(1.73,)","(0.54,)","(0.0,)","(2.21,)","(96,)","(93,)","(95,)","(95,)","(93,)","(92,)","(92,)","(92,)"
"(140,)","(152,)","(144,)","(177,)","(-76,)","(-76,)","(-76,)","(-76,)","(43.38,)","(58.81,)","(49.69,)","(82.54,)","('null',)","('null',)","('null',)","(177,)","(94,)","(92,)","(93,)","(107,)"
"(90,)","(88,)","(93,)","(93,)","(-65,)","(-65,)","(-65,)","(-65,)","(-49.44,)","(-63.49,)","(-51.36,)","(-84.21,)","(90,)","(88,)","(93,)","(93,)","(93,)","(92,)","(93,)","(107,)"
"(96,)","(90,)","(90,)","(90,)","(-56,)","(-55,)","(-55,)","(-55,)","(6.06,)","(2.02,)","(-2.66,)","(-2.66,)","(96,)","(90,)","(90,)","(90,)","(94,)","(91,)","(93,)","(106,)"
"(93,)","(88,)","(86,)","(90,)","(-54,)","(-53,)","(-53,)","(-53,)","(-3.95,)","(-2.02,)","(-3.95,)","(-0.51,)","(93,)","(88,)","(86,)","(90,)","(94,)","(90,)","(91,)","(106,)"
"(91,)","(105,)","(88,)","(88,)","(-53,)","(-52,)","(-52,)","(-52,)","(-1.07,)","(16.37,)","(1.93,)","(-1.51,)","(91,)","(105,)","(88,)","(88,)","(93,)","(92,)","(90,)","(105,)"
"(95,)","(90,)","(88,)","(91,)","(-50,)","(-51,)","(-51,)","(-50,)","(3.28,)","(-14.35,)","(0.0,)","(3.07,)","(95,)","(90,)","(88,)","(91,)","(93,)","(92,)","(89,)","(104,)"
"(95,)","(90,)","(90,)","(90,)","(-47,)","(-48,)","(-47,)","(-48,)","(0.0,)","(-0.51,)","(1.51,)","(-1.04,)","(95,)","(90,)","(90,)","(90,)","(93,)","(91,)","(89,)","(90,)"
"(93,)","(88,)","(93,)","(91,)","(-46,)","(-46,)","(-45,)","(-46,)","(-1.67,)","(-1.51,)","(2.63,)","(1.04,)","(93,)","(88,)","(93,)","(91,)","(93,)","(91,)","(89,)","(90,)"
"(95,)","(96,)","(90,)","(90,)","(-46,)","(-46,)","(-46,)","(-46,)","(1.67,)","(8.08,)","(-2.63,)","(-1.04,)","(95,)","(96,)","(90,)","(90,)","(93,)","(92,)","(89,)","(90,)"
"(96,)","(93,)","(90,)","(91,)","(-46,)","(-46,)","(-46,)","(-46,)","(1.73,)","(-3.4,)","(0.51,)","(1.04,)","(96,)","(93,)","(90,)","(91,)","(94,)","(93,)","(89,)","(90,)"
"(95,)","(93,)","(93,)","(93,)","(-46,)","(-46,)","(-47,)","(-47,)","(-1.73,)","(-0.54,)","(2.66,)","(1.07,)","(95,)","(93,)","(93,)","(93,)","(94,)","(91,)","(90,)","(91,)"
"(93,)","(93,)","(95,)","(95,)","(-46,)","(-46,)","(-47,)","(-47,)","(-2.21,)","(0.54,)","(1.67,)","(2.21,)","(93,)","(93,)","(95,)","(95,)","(94,)","(92,)","(91,)","(91,)"
"(95,)","(95,)","(93,)","(93,)","(-46,)","(-46,)","(-47,)","(-47,)","(2.21,)","(1.67,)","(-1.67,)","(-1.67,)","(95,)","(95,)","(93,)","(93,)","(94,)","(93,)","(92,)","(92,)"
"(96,)","(95,)","(95,)","(93,)","(-46,)","(-46,)","(-47,)","(-47,)","(1.73,)","(0.0,)","(1.67,)","(-0.54,)","(96,)","(95,)","(95,)","(93,)","(95,)","(94,)","(92,)","(92,)"
"(95,)","(95,)","(95,)","(93,)","(-46,)","(-46,)","(-47,)","(-47,)","(-1.73,)","(0.0,)","(0.0,)","(0.54,)","(95,)","(95,)","(95,)","(93,)","(95,)","(94,)","(93,)","(93,)"
"(96,)","(93,)","(93,)","(95,)","(-46,)","(-46,)","(-47,)","(-47,)","(1.73,)","(-2.21,)","(-1.67,)","(1.67,)","(96,)","(93,)","(93,)","(95,)","(95,)","(94,)","(94,)","(93,)"
"(148,)","(152,)","(153,)","(115,)","(-40,)","(-40,)","(-41,)","(-40,)","(51.18,)","(59.36,)","(60.28,)","(20.7,)","('null',)","('null',)","('null',)","(115,)","(95,)","(94,)","(94,)","(97,)"
"(117,)","(124,)","(91,)","(93,)","(-26,)","(-26,)","(-27,)","(-27,)","(-30.5,)","(-28.35,)","(-61.89,)","(-22.37,)","('null',)","('null',)","(91,)","(93,)","(95,)","(94,)","(93,)","(97,)"
"(90,)","(102,)","(86,)","(88,)","(-11,)","(-10,)","(-11,)","(-11,)","(-26.74,)","(-21.47,)","(-5.0,)","(-4.68,)","(90,)","(102,)","(86,)","(88,)","(94,)","(96,)","(92,)","(96,)"
"(88,)","(84,)","(81,)","(85,)","(4,)","(6,)","(4,)","(5,)","(-2.02,)","(-17.91,)","(-5.32,)","(-3.78,)","(88,)","(84,)","(81,)","(85,)","(92,)","(93,)","(89,)","(94,)"
"(88,)","(80,)","(78,)","(81,)","(19,)","(23,)","(22,)","(21,)","(0.0,)","(-4.66,)","(-3.2,)","(-3.47,)","(88,)","(80,)","(78,)","(81,)","(90,)","(89,)","(85,)","(92,)"
"(83,)","(78,)","(76,)","(74,)","(27,)","(30,)","(30,)","(29,)","(-5.56,)","(-1.57,)","(-1.51,)","(-7.56,)","(83,)","(78,)","(76,)","(74,)","(87,)","(86,)","(82,)","(89,)"
"(80,)","(81,)","(86,)","(81,)","(24,)","(25,)","(26,)","(26,)","(-3.33,)","(3.2,)","(10.03,)","(7.56,)","(80,)","(81,)","(86,)","(81,)","(85,)","(85,)","(83,)","(83,)"
"(83,)","(85,)","(106,)","(76,)","(19,)","(18,)","(18,)","(18,)","(3.33,)","(3.47,)","(19.71,)","(-4.71,)","(83,)","(85,)","(106,)","(76,)","(85,)","(85,)","(85,)","(80,)"
"(83,)","(85,)","(78,)","(76,)","(18,)","(17,)","(16,)","(17,)","(0.0,)","(0.0,)","(-28.24,)","(0.0,)","(83,)","(85,)","(78,)","(76,)","(84,)","(82,)","(84,)","(78,)"
"(113,)","(86,)","(90,)","(81,)","(20,)","(20,)","(19,)","(19,)","(30.14,)","(1.85,)","(12.48,)","(4.71,)","('null',)","(86,)","(90,)","(81,)","(83,)","(82,)","(85,)","(78,)"
"(86,)","(82,)","(85,)","(86,)","(20,)","(21,)","(20,)","(20,)","(-26.52,)","(-4.91,)","(-5.8,)","(5.32,)","(86,)","(82,)","(85,)","(86,)","(83,)","(82,)","(86,)","(79,)"
"(86,)","(95,)","(86,)","(84,)","(19,)","(19,)","(19,)","(19,)","(0.0,)","(13.19,)","(0.92,)","(-2.3,)","(86,)","(95,)","(86,)","(84,)","(83,)","(85,)","(88,)","(80,)"
"(87,)","(88,)","(85,)","(85,)","(18,)","(18,)","(18,)","(18,)","(0.48,)","(-6.35,)","(-0.92,)","(0.45,)","(87,)","(88,)","(85,)","(85,)","(85,)","(86,)","(88,)","(81,)"
"(90,)","(90,)","(88,)","(86,)","(18,)","(18,)","(18,)","(18,)","(3.48,)","(1.51,)","(3.78,)","(1.85,)","(90,)","(90,)","(88,)","(86,)","(86,)","(87,)","(85,)","(83,)"
"(91,)","(90,)","(90,)","(91,)","(18,)","(18,)","(18,)","(18,)","(1.04,)","(0.51,)","(1.51,)","(5.0,)","(91,)","(90,)","(90,)","(91,)","(88,)","(88,)","(87,)","(85,)"
"(93,)","(91,)","(90,)","(90,)","(18,)","(18,)","(18,)","(18,)","(1.07,)","(1.04,)","(0.51,)","(-1.04,)","(93,)","(91,)","(90,)","(90,)","(88,)","(89,)","(87,)","(87,)"
"(93,)","(93,)","(93,)","(91,)","(18,)","(18,)","(18,)","(18,)","(0.54,)","(1.07,)","(2.66,)","(1.04,)","(93,)","(93,)","(93,)","(91,)","(90,)","(91,)","(88,)","(87,)"
"(95,)","(95,)","(93,)","(93,)","(18,)","(18,)","(18,)","(18,)","(1.67,)","(2.21,)","(0.0,)","(1.07,)","(95,)","(95,)","(93,)","(93,)","(91,)","(91,)","(89,)","(89,)"
"(93,)","(93,)","(95,)","(93,)","(18,)","(18,)","(18,)","(18,)","(-1.67,)","(-1.67,)","(1.67,)","(0.54,)","(93,)","(93,)","(95,)","(93,)","(92,)","(92,)","(91,)","(90,)"
"(98,)","(97,)","(95,)","(95,)","(18,)","(18,)","(18,)","(18,)","(5.2,)","(3.99,)","(0.0,)","(1.67,)","(98,)","(97,)","(95,)","(95,)","(93,)","(93,)","(92,)","(92,)"
"(96,)","(96,)","(96,)","(95,)","(18,)","(18,)","(18,)","(18,)","(-1.8,)","(-0.59,)","(1.73,)","(0.0,)","(96,)","(96,)","(96,)","(95,)","(94,)","(94,)","(93,)","(92,)"
"(97,)","(96,)","(97,)","(96,)","(18,)","(18,)","(18,)","(18,)","(0.59,)","(0.0,)","(0.59,)","(1.73,)","(97,)","(96,)","(97,)","(96,)","(95,)","(95,)","(94,)","(93,)"
"(96,)","(95,)","(95,)","(95,)","(18,)","(18,)","(18,)","(18,)","(-0.59,)","(-1.73,)","(-2.32,)","(-1.73,)","(96,)","(95,)","(95,)","(95,)","(95,)","(95,)","(95,)","(94,)"
"(148,)","(144,)","(144,)","(177,)","(26,)","(25,)","(25,)","(25,)","(51.18,)","(48.91,)","(48.91,)","(82.54,)","('null',)","('null',)","('null',)","(177,)","(96,)","(95,)","(95,)","(108,)"
"(97,)","(113,)","(93,)","(95,)","(39,)","(39,)","(38,)","(39,)","(-50.59,)","(-30.67,)","(-51.12,)","(-82.54,)","(97,)","(113,)","(93,)","(95,)","(96,)","(99,)","(95,)","(108,)"
"(118,)","(93,)","(87,)","(88,)","(55,)","(56,)","(54,)","(54,)","(20.96,)","(-20.45,)","(-5.59,)","(-6.35,)","('null',)","(93,)","(87,)","(88,)","(96,)","(98,)","(93,)","(107,)"
"(88,)","(106,)","(85,)","(90,)","(70,)","(73,)","(71,)","(71,)","(-29.63,)","(13.64,)","(-2.33,)","(1.51,)","(88,)","(106,)","(85,)","(90,)","(94,)","(100,)","(91,)","(106,)"
"(121,)","(106,)","(81,)","(76,)","(86,)","(91,)","(88,)","(88,)","(32.32,)","(0.0,)","(-3.47,)","(-14.21,)","('null',)","(106,)","(81,)","(76,)","(93,)","(102,)","(88,)","(103,)"
"(102,)","(80,)","(80,)","(74,)","(101,)","(108,)","(105,)","(105,)","(-18.65,)","(-26.67,)","(-1.63,)","(-2.12,)","(102,)","(80,)","(80,)","(74,)","(95,)","(99,)","(85,)","(100,)"
"(102,)","(68,)","(78,)","(72,)","(117,)","(126,)","(123,)","(122,)","(0.0,)","(-11.62,)","(-1.57,)","(-1.35,)","(102,)","(68,)","(78,)","(72,)","(97,)","(94,)","(84,)","(82,)"
"(95,)","(85,)","(75,)","(95,)","(132,)","(140,)","(138,)","(138,)","(-7.33,)","(16.73,)","(-2.96,)","(22.51,)","(95,)","(85,)","(75,)","('null',)","(96,)","(89,)","(81,)","(80,)"
"(66,)","(72,)","(85,)","(91,)","(140,)","(142,)","(143,)","(142,)","(-28.57,)","(-13.03,)","(9.63,)","(-3.28,)","(66,)","(72,)","(85,)","(91,)","(90,)","(86,)","(80,)","(80,)"
"(88,)","(72,)","(70,)","(70,)","(137,)","(135,)","(136,)","(137,)","(22.22,)","(0.66,)","(-14.93,)","(-21.78,)","('null',)","(72,)","(70,)","(70,)","(91,)","(80,)","(78,)","(76,)"
"(97,)","(75,)","(71,)","(72,)","(129,)","(127,)","(127,)","(128,)","(8.67,)","(2.74,)","(1.25,)","(2.55,)","('null',)","(75,)","(71,)","(72,)","(91,)","(75,)","(76,)","(75,)"
"(83,)","(75,)","(70,)","(75,)","(125,)","(124,)","(124,)","(124,)","(-14.23,)","(0.0,)","(-1.25,)","(2.74,)","(83,)","(75,)","(70,)","(75,)","(86,)","(74,)","(74,)","(76,)"
"(88,)","(121,)","(102,)","(151,)","(117,)","(118,)","(117,)","(117,)","(5.56,)","(45.74,)","(32.39,)","(76.04,)","(88,)","('null',)","('null',)","('null',)","(83,)","(75,)","(74,)","(77,)"
"(80,)","(111,)","(74,)","(83,)","(104,)","(103,)","(103,)","(104,)","(-8.89,)","(-10.1,)","(-28.49,)","(-68.18,)","(80,)","('null',)","(74,)","(83,)","(79,)","(73,)","(74,)","(78,)"
"(90,)","(142,)","(68,)","(75,)","(88,)","(86,)","(87,)","(88,)","(10.4,)","(31.75,)","(-5.11,)","(-7.86,)","(90,)","('null',)","(68,)","(75,)","(85,)","(74,)","(70,)","(75,)"
"(90,)","(75,)","(70,)","(74,)","(73,)","(69,)","(71,)","(71,)","(0.51,)","(-67.39,)","(1.21,)","(-1.4,)","(90,)","(75,)","(70,)","(74,)","(86,)","(75,)","(70,)","(75,)"
"(78,)","(121,)","(74,)","(75,)","(57,)","(51,)","(54,)","(54,)","(-12.48,)","(45.74,)","(3.9,)","(1.4,)","(78,)","('null',)","(74,)","(75,)","(84,)","(75,)","(71,)","(76,)"
"(97,)","(98,)","(78,)","(106,)","(41,)","(37,)","(39,)","(39,)","(19.13,)","(-22.45,)","(4.36,)","(31.19,)","(97,)","('null',)","(78,)","('null',)","(87,)","(75,)","(72,)","(76,)"
"(86,)","(57,)","(125,)","(102,)","(37,)","(36,)","(36,)","(36,)","(-11.54,)","(-40.79,)","(46.57,)","(-4.1,)","(86,)","(57,)","('null',)","('null',)","(86,)","(66,)","(72,)","(76,)"
"(78,)","(66,)","(67,)","(66,)","(43,)","(44,)","(42,)","(42,)","(-7.59,)","(8.7,)","(-57.2,)","(-35.9,)","(78,)","(66,)","(67,)","(66,)","(86,)","(66,)","(71,)","(72,)"
"(98,)","(67,)","(70,)","(70,)","(46,)","(48,)","(47,)","(47,)","(20.33,)","(1.13,)","(2.38,)","(3.51,)","(98,)","(67,)","(70,)","(70,)","(87,)","(66,)","(71,)","(71,)"
"(86,)","(72,)","(72,)","(74,)","(46,)","(47,)","(47,)","(47,)","(-11.81,)","(4.28,)","(1.9,)","(3.9,)","(86,)","(72,)","(72,)","(74,)","(87,)","(65,)","(72,)","(71,)"
"(74,)","(75,)","(74,)","(74,)","(38,)","(38,)","(39,)","(39,)","(-12.88,)","(3.4,)","(2.0,)","(0.0,)","(74,)","(75,)","(74,)","(74,)","(86,)","(67,)","(72,)","(71,)"
"(117,)","(76,)","(74,)","(76,)","(29,)","(28,)","(29,)","(29,)","(43.57,)","(1.45,)","(0.0,)","(2.85,)","('null',)","(76,)","(74,)","(76,)","(84,)","(68,)","(71,)","(72,)"
"(83,)","(128,)","(128,)","(80,)","(18,)","(16,)","(17,)","(16,)","(-34.31,)","(51.28,)","(54.13,)","(3.08,)","(83,)","('null',)","('null',)","(80,)","(83,)","(71,)","(71,)","(73,)"
"(124,)","(93,)","(75,)","(88,)","(5,)","(3,)","(3,)","(3,)","(40.7,)","(-34.64,)","(-52.73,)","(8.89,)","('null',)","(93,)","(75,)","(88,)","(85,)","(76,)","(73,)","(77,)"
"(95,)","(97,)","(76,)","(85,)","(-8,)","(-9,)","(-10,)","(-9,)","(-28.79,)","(3.99,)","(0.72,)","(-3.78,)","(95,)","(97,)","(76,)","(85,)","(84,)","(82,)","(74,)","(79,)"
"(68,)","(98,)","(75,)","(84,)","(-13,)","(-14,)","(-14,)","(-14,)","(-26.86,)","(1.2,)","(-0.72,)","(-0.45,)","(68,)","(98,)","(75,)","(84,)","(80,)","(87,)","(74,)","(81,)"
"(86,)","(88,)","(80,)","(78,)","(-17,)","(-17,)","(-18,)","(-17,)","(18.58,)","(-9.88,)","(4.53,)","(-6.22,)","(86,)","(88,)","(80,)","(78,)","(83,)","(90,)","(76,)","(81,)"
"(86,)","(76,)","(75,)","(78,)","(-23,)","(-23,)","(-23,)","(-23,)","(0.0,)","(-11.97,)","(-4.53,)","(0.0,)","(86,)","(76,)","(75,)","(78,)","(83,)","(90,)","(76,)","(82,)"
"(141,)","(153,)","(118,)","(137,)","(-31,)","(-31,)","(-31,)","(-31,)","(54.89,)","(76.92,)","(43.05,)","(59.5,)","('null',)","('null',)","('null',)","(137,)","(83,)","(90,)","(76,)","(91,)"
"(90,)","(80,)","(97,)","(81,)","(-35,)","(-37,)","(-37,)","(-37,)","(-50.93,)","(-73.85,)","(-20.96,)","(-56.3,)","(90,)","(80,)","('null',)","(81,)","(85,)","(87,)","(76,)","(90,)"
"(93,)","(80,)","(82,)","(81,)","(-37,)","(-38,)","(-38,)","(-38,)","(2.11,)","(0.0,)","(-15.51,)","(0.0,)","(93,)","(80,)","(82,)","(81,)","(84,)","(84,)","(78,)","(89,)"
"(100,)","(83,)","(85,)","(83,)","(-37,)","(-37,)","(-37,)","(-37,)","(6.98,)","(3.33,)","(3.06,)","(1.7,)","(100,)","(83,)","(85,)","(83,)","(91,)","(81,)","(80,)","(89,)"
"(86,)","(85,)","(95,)","(83,)","(-32,)","(-32,)","(-32,)","(-32,)","(-13.04,)","(1.77,)","(10.13,)","(0.0,)","(86,)","(85,)","(95,)","(83,)","(91,)","(80,)","(84,)","(90,)"
"(87,)","(85,)","(85,)","(86,)","(-27,)","(-26,)","(-26,)","(-26,)","(0.48,)","(0.0,)","(-10.13,)","(2.69,)","(87,)","(85,)","(85,)","(86,)","(91,)","(82,)","(86,)","(91,)"
"(86,)","(84,)","(87,)","(85,)","(-18,)","(-18,)","(-17,)","(-17,)","(-0.48,)","(-0.45,)","(2.33,)","(-0.92,)","(86,)","(84,)","(87,)","(85,)","(90,)","(82,)","(86,)","(83,)"
"(88,)","(97,)","(85,)","(86,)","(-11,)","(-10,)","(-10,)","(-10,)","(1.93,)","(12.9,)","(-2.33,)","(1.85,)","(88,)","(97,)","(85,)","(86,)","(90,)","(85,)","(86,)","(84,)"
"(88,)","(85,)","(85,)","(86,)","(-11,)","(-10,)","(-10,)","(-10,)","(0.0,)","(-12.45,)","(0.0,)","(-0.94,)","(88,)","(85,)","(85,)","(86,)","(89,)","(86,)","(87,)","(84,)"
"(88,)","(90,)","(86,)","(85,)","(-14,)","(-15,)","(-14,)","(-15,)","(0.0,)","(5.29,)","(1.85,)","(-0.92,)","(88,)","(90,)","(86,)","(85,)","(87,)","(87,)","(87,)","(85,)"
"(119,)","(129,)","(121,)","(133,)","(-24,)","(-25,)","(-24,)","(-24,)","(30.16,)","(38.64,)","(34.26,)","(48.23,)","('null',)","('null',)","('null',)","(133,)","(87,)","(88,)","(85,)","(93,)"
"(113,)","(97,)","(86,)","(88,)","(-32,)","(-34,)","(-34,)","(-34,)","(-5.57,)","(-31.47,)","(-34.26,)","(-44.44,)","('null',)","(97,)","(86,)","(88,)","(87,)","(90,)","(85,)","(93,)"
"(93,)","(84,)","(86,)","(86,)","(-36,)","(-37,)","(-38,)","(-38,)","(-20.45,)","(-12.9,)","(0.0,)","(-1.93,)","(93,)","(84,)","(86,)","(86,)","(89,)","(90,)","(85,)","(94,)"
"(81,)","(85,)","(91,)","(85,)","(-36,)","(-36,)","(-37,)","(-37,)","(-11.39,)","(0.45,)","(5.0,)","(-1.85,)","(81,)","(85,)","(91,)","(85,)","(87,)","(88,)","(86,)","(93,)"
"(88,)","(86,)","(86,)","(86,)","(-37,)","(-37,)","(-37,)","(-37,)","(7.26,)","(1.85,)","(-5.0,)","(1.85,)","(88,)","(86,)","(86,)","(86,)","(87,)","(88,)","(87,)","(93,)"
"(90,)","(90,)","(86,)","(87,)","(-39,)","(-39,)","(-38,)","(-38,)","(2.02,)","(3.44,)","(0.0,)","(0.48,)","(90,)","(90,)","(86,)","(87,)","(88,)","(88,)","(87,)","(94,)"
"(91,)","(90,)","(90,)","(90,)","(-42,)","(-42,)","(-42,)","(-42,)","(1.04,)","(0.51,)","(3.44,)","(3.48,)","(91,)","(90,)","(90,)","(90,)","(88,)","(88,)","(87,)","(87,)"
"(93,)","(91,)","(90,)","(90,)","(-45,)","(-45,)","(-45,)","(-45,)","(1.07,)","(1.04,)","(0.51,)","(-0.51,)","(93,)","(91,)","(90,)","(90,)","(89,)","(87,)","(88,)","(87,)"
"(88,)","(90,)","(90,)","(90,)","(-44,)","(-45,)","(-45,)","(-45,)","(-4.13,)","(-1.04,)","(-0.51,)","(0.51,)","(88,)","(90,)","(90,)","(90,)","(88,)","(88,)","(88,)","(88,)"
"(95,)","(93,)","(93,)","(93,)","(-44,)","(-44,)","(-44,)","(-44,)","(6.35,)","(2.66,)","(2.63,)","(2.66,)","(95,)","(93,)","(93,)","(93,)","(90,)","(90,)","(89,)","(89,)"
"(95,)","(93,)","(93,)","(93,)","(-44,)","(-44,)","(-44,)","(-44,)","(0.0,)","(-0.54,)","(0.54,)","(-0.54,)","(95,)","(93,)","(93,)","(93,)","(92,)","(91,)","(90,)","(90,)"
"(96,)","(93,)","(93,)","(95,)","(-44,)","(-44,)","(-44,)","(-44,)","(1.73,)","(0.54,)","(0.0,)","(2.21,)","(96,)","(93,)","(93,)","(95,)","(93,)","(91,)","(91,)","(91,)"
"(93,)","(95,)","(95,)","(95,)","(-44,)","(-45,)","(-44,)","(-44,)","(-3.95,)","(1.67,)","(1.67,)","(0.0,)","(93,)","(95,)","(95,)","(95,)","(93,)","(92,)","(92,)","(92,)"
"(93,)","(93,)","(93,)","(93,)","(-44,)","(-45,)","(-44,)","(-44,)","(0.54,)","(-2.21,)","(-1.67,)","(-2.21,)","(93,)","(93,)","(93,)","(93,)","(93,)","(92,)","(92,)","(93,)"
"(95,)","(95,)","(95,)","(95,)","(-44,)","(-45,)","(-44,)","(-44,)","(1.67,)","(2.21,)","(1.67,)","(2.21,)","(95,)","(95,)","(95,)","(95,)","(94,)","(93,)","(93,)","(94,)"
"(98,)","(95,)","(96,)","(93,)","(-44,)","(-45,)","(-44,)","(-44,)","(3.53,)","(0.0,)","(1.73,)","(-2.21,)","(98,)","(95,)","(96,)","(93,)","(95,)","(94,)","(94,)","(94,)"
"(96,)","(96,)","(95,)","(95,)","(-44,)","(-45,)","(-44,)","(-44,)","(-1.8,)","(1.73,)","(-1.73,)","(2.21,)","(96,)","(96,)","(95,)","(95,)","(95,)","(94,)","(94,)","(94,)"
"(95,)","(95,)","(97,)","(96,)","(-44,)","(-45,)","(-44,)","(-44,)","(-1.73,)","(-1.73,)","(2.32,)","(1.73,)","(95,)","(95,)","(97,)","(96,)","(95,)","(94,)","(95,)","(94,)"
"(97,)","(97,)","(95,)","(95,)","(-44,)","(-45,)","(-44,)","(-44,)","(2.32,)","(2.32,)","(-2.32,)","(-1.73,)","(97,)","(97,)","(95,)","(95,)","(95,)","(95,)","(95,)","(94,)"
"(106,)","(113,)","(118,)","(126,)","(-51,)","(-51,)","(-51,)","(-51,)","(9.11,)","(15.91,)","(23.28,)","(31.75,)","(106,)","(113,)","('null',)","('null',)","(97,)","(98,)","(95,)","(94,)"
"(102,)","(95,)","(95,)","(91,)","(-61,)","(-62,)","(-62,)","(-62,)","(-4.1,)","(-18.24,)","(-23.28,)","(-35.03,)","(102,)","(95,)","(95,)","(91,)","(99,)","(98,)","(95,)","(94,)"
"(95,)","(90,)","(98,)","(90,)","(-68,)","(-69,)","(-69,)","(-69,)","(-7.33,)","(-4.33,)","(3.53,)","(-1.04,)","(95,)","(90,)","(98,)","(90,)","(98,)","(97,)","(96,)","(93,)"
"(90,)","(90,)","(88,)","(91,)","(-68,)","(-69,)","(-70,)","(-70,)","(-4.84,)","(-0.51,)","(-9.88,)","(1.04,)","(90,)","(90,)","(88,)","(91,)","(97,)","(96,)","(94,)","(92,)"
"(93,)","(88,)","(87,)","(88,)","(-66,)","(-66,)","(-66,)","(-66,)","(2.63,)","(-1.51,)","(-1.46,)","(-3.07,)","(93,)","(88,)","(87,)","(88,)","(97,)","(95,)","(92,)","(91,)"
"(91,)","(91,)","(95,)","(91,)","(-65,)","(-64,)","(-64,)","(-64,)","(-1.07,)","(3.07,)","(7.81,)","(3.07,)","(91,)","(91,)","(95,)","(91,)","(96,)","(94,)","(92,)","(90,)"
"(124,)","(93,)","(93,)","(93,)","(-67,)","(-67,)","(-66,)","(-66,)","(32.08,)","(1.07,)","(-1.67,)","(1.07,)","('null',)","(93,)","(93,)","(93,)","(94,)","(91,)","(92,)","(90,)"
"(91,)","(95,)","(96,)","(91,)","(-69,)","(-70,)","(-70,)","(-70,)","(-32.08,)","(2.21,)","(3.4,)","(-1.07,)","(91,)","(95,)","(96,)","(91,)","(92,)","(91,)","(92,)","(90,)"
"(118,)","(93,)","(95,)","(93,)","(-70,)","(-71,)","(-71,)","(-71,)","(26.56,)","(-2.21,)","(-1.73,)","(1.07,)","('null',)","(93,)","(95,)","(93,)","(91,)","(91,)","(92,)","(91,)"
"(88,)","(95,)","(98,)","(93,)","(-70,)","(-70,)","(-70,)","(-70,)","(-29.63,)","(2.21,)","(3.53,)","(0.54,)","(88,)","(95,)","(98,)","(93,)","(90,)","(92,)","(94,)","(91,)"
"(93,)","(126,)","(95,)","(90,)","(-74,)","(-74,)","(-73,)","(-73,)","(4.13,)","(31.75,)","(-3.53,)","(-2.66,)","(93,)","('null',)","(95,)","(90,)","(90,)","(93,)","(95,)","(91,)"
"(96,)","(95,)","(93,)","(93,)","(-78,)","(-78,)","(-78,)","(-78,)","(3.95,)","(-31.75,)","(-2.21,)","(2.66,)","(96,)","(95,)","(93,)","(93,)","(92,)","(94,)","(95,)","(92,)"
"(93,)","(91,)","(93,)","(90,)","(-86,)","(-87,)","(-86,)","(-86,)","(-3.95,)","(-3.28,)","(0.54,)","(-2.66,)","(93,)","(91,)","(93,)","(90,)","(92,)","(93,)","(95,)","(91,)"
"(98,)","(105,)","(90,)","(91,)","(-93,)","(-94,)","(-94,)","(-94,)","(5.74,)","(13.31,)","(-2.66,)","(1.04,)","(98,)","(105,)","(90,)","(91,)","(93,)","(95,)","(94,)","(91,)"
"(91,)","(90,)","(87,)","(124,)","(-92,)","(-93,)","(-94,)","(-94,)","(-6.81,)","(-14.87,)","(-3.48,)","(32.08,)","(91,)","(90,)","(87,)","('null',)","(93,)","(95,)","(92,)","(91,)"
"(97,)","(88,)","(90,)","(98,)","(-89,)","(-89,)","(-90,)","(-90,)","(5.61,)","(-1.51,)","(3.48,)","(-25.27,)","(97,)","(88,)","(90,)","(98,)","(94,)","(93,)","(91,)","(92,)"
"(95,)","(91,)","(91,)","(93,)","(-89,)","(-88,)","(-87,)","(-87,)","(-2.32,)","(3.07,)","(1.04,)","(-5.2,)","(95,)","(91,)","(91,)","(93,)","(95,)","(93,)","(90,)","(93,)"
"(96,)","(90,)","(88,)","(95,)","(-89,)","(-89,)","(-88,)","(-88,)","(1.73,)","(-1.04,)","(-3.07,)","(1.67,)","(96,)","(90,)","(88,)","(95,)","(95,)","(92,)","(89,)","(93,)"
"(90,)","(95,)","(95,)","(91,)","(-90,)","(-90,)","(-90,)","(-90,)","(-6.06,)","(4.33,)","(6.35,)","(-3.28,)","(90,)","(95,)","(95,)","(91,)","(94,)","(93,)","(90,)","(93,)"
"(91,)","(95,)","(97,)","(90,)","(-90,)","(-91,)","(-91,)","(-91,)","(1.04,)","(0.0,)","(2.32,)","(-1.04,)","(91,)","(95,)","(97,)","(90,)","(93,)","(91,)","(91,)","(93,)"
"(93,)","(95,)","(93,)","(91,)","(-90,)","(-90,)","(-90,)","(-90,)","(1.07,)","(0.0,)","(-3.99,)","(1.04,)","(93,)","(95,)","(93,)","(91,)","(93,)","(92,)","(92,)","(93,)"
"(96,)","(91,)","(95,)","(95,)","(-90,)","(-89,)","(-89,)","(-89,)","(3.95,)","(-3.28,)","(1.67,)","(3.28,)","(96,)","(91,)","(95,)","(95,)","(93,)","(92,)","(93,)","(92,)"
"(96,)","(97,)","(97,)","(95,)","(-90,)","(-89,)","(-89,)","(-89,)","(0.0,)","(5.61,)","(2.32,)","(0.0,)","(96,)","(97,)","(97,)","(95,)","(93,)","(93,)","(94,)","(92,)"
"(95,)","(95,)","(95,)","(93,)","(-90,)","(-89,)","(-89,)","(-89,)","(-1.73,)","(-2.32,)","(-2.32,)","(-1.67,)","(95,)","(95,)","(95,)","(93,)","(93,)","(94,)","(95,)","(92,)"
"(93,)","(95,)","(95,)","(93,)","(-96,)","(-95,)","(-95,)","(-95,)","(-1.67,)","(0.0,)","(0.0,)","(-0.54,)","(93,)","(95,)","(95,)","(93,)","(94,)","(94,)","(95,)","(92,)"
"(93,)","(97,)","(95,)","(91,)","(-103,)","(-104,)","(-104,)","(-104,)","(-0.54,)","(2.32,)","(0.0,)","(-1.07,)","(93,)","(97,)","(95,)","(91,)","(94,)","(95,)","(95,)","(93,)"
"(108,)","(125,)","(125,)","(138,)","(-113,)","(-116,)","(-115,)","(-115,)","(15.82,)","(28.23,)","(30.55,)","(46.93,)","(108,)","('null',)","('null',)","('null',)","(96,)","(95,)","(95,)","(93,)"
"(98,)","(97,)","(86,)","(90,)","(-123,)","(-125,)","(-125,)","(-125,)","(-10.08,)","(-28.23,)","(-38.83,)","(-47.98,)","(98,)","(97,)","(86,)","(90,)","(97,)","(96,)","(93,)","(92,)"
"(95,)","(88,)","(90,)","(88,)","(-129,)","(-130,)","(-130,)","(-131,)","(-3.53,)","(-8.67,)","(3.44,)","(-2.02,)","(95,)","(88,)","(90,)","(88,)","(97,)","(94,)","(92,)","(91,)"
"(88,)","(88,)","(86,)","(88,)","(-131,)","(-131,)","(-131,)","(-131,)","(-6.35,)","(0.0,)","(-3.44,)","(0.0,)","(88,)","(88,)","(86,)","(88,)","(95,)","(93,)","(90,)","(90,)"
"(88,)","(91,)","(90,)","(88,)","(-133,)","(-133,)","(-133,)","(-133,)","(0.0,)","(3.07,)","(3.95,)","(0.0,)","(88,)","(91,)","(90,)","(88,)","(95,)","(92,)","(89,)","(89,)"
"(90,)","(90,)","(88,)","(88,)","(-135,)","(-135,)","(-135,)","(-135,)","(2.02,)","(-1.04,)","(-2.02,)","(0.0,)","(90,)","(90,)","(88,)","(88,)","(94,)","(90,)","(88,)","(88,)"
"(91,)","(91,)","(93,)","(90,)","(-135,)","(-136,)","(-136,)","(-136,)","(1.04,)","(1.04,)","(4.13,)","(1.51,)","(91,)","(91,)","(93,)","(90,)","(91,)","(90,)","(88,)","(88,)"
"(90,)","(95,)","(93,)","(88,)","(-135,)","(-136,)","(-136,)","(-136,)","(-1.04,)","(3.28,)","(0.54,)","(-1.51,)","(90,)","(95,)","(93,)","(88,)","(90,)","(90,)","(90,)","(88,)"
"(91,)","(95,)","(90,)","(90,)","(-133,)","(-133,)","(-133,)","(-133,)","(1.04,)","(0.0,)","(-2.66,)","(1.51,)","(91,)","(95,)","(90,)","(90,)","(89,)","(91,)","(90,)","(88,)"
"(93,)","(93,)","(93,)","(90,)","(-131,)","(-130,)","(-131,)","(-130,)","(1.07,)","(-2.21,)","(2.66,)","(0.51,)","(93,)","(93,)","(93,)","(90,)","(90,)","(92,)","(91,)","(89,)"
"(91,)","(93,)","(93,)","(91,)","(-132,)","(-131,)","(-131,)","(-131,)","(-1.07,)","(0.54,)","(0.0,)","(1.04,)","(91,)","(93,)","(93,)","(91,)","(91,)","(92,)","(91,)","(89,)"
"(93,)","(93,)","(93,)","(90,)","(-134,)","(-134,)","(-134,)","(-134,)","(1.07,)","(0.0,)","(-0.54,)","(-1.04,)","(93,)","(93,)","(93,)","(90,)","(91,)","(93,)","(92,)","(89,)"
"(93,)","(97,)","(93,)","(90,)","(-134,)","(-135,)","(-134,)","(-134,)","(0.54,)","(3.99,)","(0.54,)","(-0.51,)","(93,)","(97,)","(93,)","(90,)","(91,)","(94,)","(92,)","(89,)"
"(95,)","(95,)","(93,)","(93,)","(-134,)","(-134,)","(-134,)","(-134,)","(1.67,)","(-2.32,)","(-0.54,)","(2.63,)","(95,)","(95,)","(93,)","(93,)","(92,)","(94,)","(92,)","(90,)"
"(93,)","(93,)","(95,)","(95,)","(-134,)","(-133,)","(-134,)","(-134,)","(-2.21,)","(-1.67,)","(2.21,)","(2.21,)","(93,)","(93,)","(95,)","(95,)","(93,)","(94,)","(93,)","(91,)"
"(93,)","(95,)","(95,)","(95,)","(-134,)","(-133,)","(-134,)","(-134,)","(0.54,)","(1.67,)","(0.0,)","(0.0,)","(93,)","(95,)","(95,)","(95,)","(93,)","(94,)","(93,)","(92,)"
"(97,)","(95,)","(95,)","(93,)","(-134,)","(-133,)","(-134,)","(-134,)","(3.99,)","(0.0,)","(0.0,)","(-1.67,)","(97,)","(95,)","(95,)","(93,)","(94,)","(94,)","(94,)","(92,)"
"(95,)","(96,)","(95,)","(93,)","(-134,)","(-133,)","(-134,)","(-134,)","(-2.32,)","(1.73,)","(0.0,)","(0.0,)","(95,)","(96,)","(95,)","(93,)","(94,)","(95,)","(94,)","(93,)"
"(96,)","(95,)","(96,)","(95,)","(-134,)","(-134,)","(-134,)","(-134,)","(1.73,)","(-1.73,)","(1.73,)","(1.67,)","(96,)","(95,)","(96,)","(95,)","(94,)","(94,)","(94,)","(94,)"
"(95,)","(96,)","(95,)","(93,)","(-135,)","(-136,)","(-135,)","(-135,)","(-1.73,)","(1.73,)","(-1.73,)","(-1.67,)","(95,)","(96,)","(95,)","(93,)","(94,)","(95,)","(95,)","(94,)"
"(96,)","(96,)","(95,)","(93,)","(-137,)","(-137,)","(-137,)","(-137,)","(1.73,)","(0.0,)","(0.0,)","(-0.54,)","(96,)","(96,)","(95,)","(93,)","(95,)","(95,)","(95,)","(93,)"
"(96,)","(97,)","(98,)","(93,)","(-134,)","(-134,)","(-135,)","(-134,)","(0.0,)","(0.59,)","(3.53,)","(0.54,)","(96,)","(97,)","(98,)","(93,)","(95,)","(95,)","(95,)","(93,)"
"(93,)","(95,)","(93,)","(96,)","(-132,)","(-131,)","(-132,)","(-132,)","(-3.95,)","(-2.32,)","(-5.74,)","(3.4,)","(93,)","(95,)","(93,)","(96,)","(95,)","(95,)","(95,)","(93,)"
"(95,)","(96,)","(95,)","(93,)","(-132,)","(-132,)","(-131,)","(-132,)","(2.21,)","(1.73,)","(2.21,)","(-3.95,)","(95,)","(96,)","(95,)","(93,)","(95,)","(95,)","(95,)","(93,)"
"(93,)","(97,)","(95,)","(93,)","(-133,)","(-133,)","(-133,)","(-133,)","(-1.67,)","(0.59,)","(0.0,)","(0.54,)","(93,)","(97,)","(95,)","(93,)","(94,)","(96,)","(95,)","(93,)"
"(95,)","(95,)","(95,)","(93,)","(-133,)","(-134,)","(-134,)","(-134,)","(1.67,)","(-2.32,)","(0.0,)","(-0.54,)","(95,)","(95,)","(95,)","(93,)","(94,)","(96,)","(95,)","(93,)"
"(95,)","(96,)","(95,)","(95,)","(-133,)","(-134,)","(-134,)","(-134,)","(0.0,)","(1.73,)","(0.0,)","(2.21,)","(95,)","(96,)","(95,)","(95,)","(94,)","(96,)","(95,)","(93,)"
"(98,)","(95,)","(98,)","(96,)","(-133,)","(-133,)","(-133,)","(-133,)","(3.53,)","(-1.73,)","(3.53,)","(1.73,)","(98,)","(95,)","(98,)","(96,)","(94,)","(95,)","(95,)","(94,)"
"(95,)","(96,)","(93,)","(95,)","(-133,)","(-132,)","(-132,)","(-132,)","(-3.53,)","(1.73,)","(-5.74,)","(-1.73,)","(95,)","(96,)","(93,)","(95,)","(95,)","(95,)","(95,)","(94,)"
"(95,)","(96,)","(98,)","(95,)","(-133,)","(-133,)","(-133,)","(-133,)","(0.0,)","(0.0,)","(5.74,)","(0.0,)","(95,)","(96,)","(98,)","(95,)","(95,)","(95,)","(95,)","(94,)"
"(96,)","(98,)","(96,)","(98,)","(-133,)","(-133,)","(-133,)","(-133,)","(1.73,)","(1.8,)","(-1.8,)","(3.53,)","(96,)","(98,)","(96,)","(98,)","(95,)","(96,)","(95,)","(95,)"
"(114,)","(152,)","(136,)","(161,)","(-140,)","(-141,)","(-140,)","(-140,)","(17.32,)","(53.62,)","(39.78,)","(62.85,)","(114,)","('null',)","('null',)","('null',)","(98,)","(96,)","(96,)","(95,)"
"(95,)","(105,)","(93,)","(93,)","(-153,)","(-155,)","(-154,)","(-155,)","(-19.05,)","(-47.12,)","(-43.73,)","(-68.59,)","(95,)","(105,)","(93,)","(93,)","(98,)","(98,)","(95,)","(95,)"
"(152,)","(172,)","(166,)","(144,)","(-153,)","(-157,)","(-156,)","(-157,)","(57.14,)","(66.78,)","(73.64,)","(51.12,)","('null',)","('null',)","('null',)","(144,)","(99,)","(98,)","(95,)","(105,)"
"(105,)","(196,)","(98,)","(118,)","(-142,)","(-145,)","(-145,)","(-145,)","(-47.12,)","(24.04,)","(-67.9,)","(-25.63,)","(105,)","('null',)","(98,)","(118,)","(101,)","(99,)","(96,)","(109,)"
"(81,)","(96,)","(90,)","(88,)","(-127,)","(-129,)","(-130,)","(-130,)","(-23.63,)","(-99.11,)","(-7.86,)","(-29.63,)","(81,)","(96,)","(90,)","(88,)","(98,)","(99,)","(94,)","(108,)"
"(88,)","(102,)","(80,)","(93,)","(-112,)","(-113,)","(-114,)","(-113,)","(7.26,)","(5.59,)","(-10.91,)","(4.13,)","(88,)","(102,)","(80,)","(93,)","(96,)","(101,)","(90,)","(107,)"
"(108,)","(74,)","(100,)","(95,)","(-97,)","(-96,)","(-96,)","(-96,)","(19.22,)","(-28.49,)","(20.63,)","(2.21,)","(108,)","(74,)","(100,)","(95,)","(95,)","(94,)","(92,)","(105,)"
"(100,)","(95,)","(95,)","(95,)","(-82,)","(-78,)","(-79,)","(-78,)","(-8.11,)","(21.16,)","(-5.39,)","(0.0,)","(100,)","('null',)","(95,)","(95,)","(96,)","(90,)","(92,)","(105,)"
"(95,)","(72,)","(55,)","(95,)","(-66,)","(-61,)","(-61,)","(-61,)","(-4.76,)","(-22.51,)","(-39.68,)","(0.0,)","(95,)","(72,)","(55,)","(95,)","(96,)","(86,)","(86,)","(97,)"
"(115,)","(86,)","(33,)","(68,)","(-51,)","(-44,)","(-42,)","(-44,)","(20.7,)","(13.29,)","(-21.8,)","(-26.86,)","(115,)","(86,)","(33,)","(68,)","(97,)","(86,)","(75,)","(89,)"
"(97,)","(108,)","(33,)","(71,)","(-36,)","(-28,)","(-24,)","(-27,)","(-18.38,)","(22.09,)","(0.0,)","(3.05,)","(97,)","('null',)","(33,)","(71,)","(100,)","(83,)","(66,)","(86,)"
"(88,)","(65,)","(38,)","(81,)","(-21,)","(-11,)","(-8,)","(-10,)","(-8.67,)","(-43.07,)","(4.89,)","(10.2,)","(88,)","(65,)","(38,)","(81,)","(100,)","(74,)","(59,)","(84,)"
"(55,)","(83,)","(24,)","(57,)","(-6,)","(4,)","(5,)","(5,)","(-33.33,)","(18.29,)","(-13.96,)","(-23.66,)","(55,)","(83,)","(24,)","(57,)","(91,)","(76,)","(46,)","(77,)"
"(98,)","(65,)","(41,)","(75,)","(8,)","(20,)","(16,)","(22,)","(43.21,)","(-18.29,)","(16.98,)","(17.5,)","('null',)","(65,)","(41,)","(75,)","(90,)","(74,)","(37,)","(74,)"
"(78,)","(71,)","(39,)","(40,)","(23,)","(37,)","(25,)","(38,)","(-20.33,)","(6.39,)","(-1.87,)","(-35.07,)","('null',)","(71,)","(39,)","(40,)","(88,)","(74,)","(34,)","(65,)"
"(63,)","(95,)","(80,)","(70,)","(38,)","(53,)","(38,)","(54,)","(-14.94,)","(23.81,)","(40.2,)","(29.77,)","(63,)","('null',)","('null',)","('null',)","(75,)","(71,)","(35,)","(64,)"
"(106,)","(88,)","(98,)","(88,)","(38,)","(55,)","(39,)","(56,)","(43.17,)","(-6.35,)","(18.77,)","(18.71,)","(106,)","(88,)","('null',)","('null',)","(78,)","(74,)","(35,)","(63,)"
"(102,)","(83,)","(86,)","(97,)","(26,)","(43,)","(27,)","(44,)","(-4.1,)","(-5.56,)","(-12.74,)","(8.67,)","(102,)","(83,)","('null',)","('null',)","(81,)","(78,)","(34,)","(57,)"
"(133,)","(95,)","(70,)","(95,)","(12,)","(27,)","(12,)","(29,)","(30.77,)","(11.9,)","(-15.85,)","(-2.32,)","('null',)","(95,)","('null',)","('null',)","(90,)","(80,)","(40,)","(57,)"
"(67,)","(60,)","(86,)","(37,)","(-2,)","(10,)","(-3,)","(12,)","(-65.54,)","(-34.63,)","(16.78,)","(-58.2,)","(67,)","(60,)","('null',)","(37,)","(84,)","(79,)","(39,)","(38,)"
"(59,)","(108,)","(222,)","(40,)","(-6,)","(-5,)","(-10,)","(-4,)","(-8.1,)","(47.5,)","(135.27,)","(3.37,)","(59,)","('null',)","('null',)","(40,)","(79,)","(81,)","('null',)","(38,)"
"(102,)","(63,)","(43,)","(156,)","(-6,)","(-14,)","(-9,)","(-15,)","(42.86,)","(-44.62,)","(-178.51,)","(116.46,)","('null',)","(63,)","(43,)","('null',)","(83,)","(77,)","(43,)","(38,)"
"(102,)","(63,)","(43,)","(156,)","(-6,)","(-19,)","(-9,)","(-23,)","(0.0,)","(0.0,)","(0.0,)","(0.0,)","('null',)","(63,)","(43,)","('null',)","(76,)","(72,)","(43,)","(38,)"
"(0,)","(63,)","(43,)","(0,)","(-6,)","(-24,)","(-9,)","(-29,)","(-102.56,)","(0.0,)","(0.0,)","(-156.86,)","(0,)","(63,)","(43,)","(0,)","(42,)","(68,)","(43,)","(25,)"
"(0,)","(63,)","(43,)","(0,)","(-6,)","(-27,)","(-9,)","(-33,)","(0.0,)","(0.0,)","(0.0,)","(0.0,)","(0,)","(63,)","(43,)","(0,)","(31,)","(62,)","(43,)","(19,)"
"(0,)","(63,)","(43,)","(0,)","(-6,)","(-28,)","(-9,)","(-37,)","(0.0,)","(0.0,)","(0.0,)","(0.0,)","(0,)","(63,)","(43,)","(0,)","(14,)","(63,)","(43,)","(10,)"
"(0,)","(63,)","(43,)","(0,)","(-6,)","(-29,)","(-9,)","(-39,)","(0.0,)","(0.0,)","(0.0,)","(0.0,)","(0,)","(63,)","(43,)","(0,)","(0,)","(63,)","(43,)","(0,)"
"(0,)","(63,)","(43,)","(0,)","(-6,)","(-29,)","(-9,)","(-39,)","(0.0,)","(0.0,)","(0.0,)","(0.0,)","(0,)","(63,)","(43,)","(0,)","(0,)","(63,)","(43,)","(0,)"
"(0,)","(63,)","(43,)","(0,)","(-6,)","(-29,)","(-9,)","(-39,)","(0.0,)","(0.0,)","(0.0,)","(0.0,)","(0,)","(63,)","(43,)","(0,)","(0,)","(63,)","(43,)","(0,)"
"(0,)","(63,)","(43,)","(0,)","(-6,)","(-29,)","(-9,)","(-39,)","(0.0,)","(0.0,)","(0.0,)","(0.0,)","(0,)","(63,)","(43,)","(0,)","(0,)","(63,)","(43,)","(0,)"
"(0,)","(63,)","(43,)","(0,)","(-6,)","(-29,)","(-9,)","(-39,)","(0.0,)","(0.0,)","(0.0,)","(0.0,)","(0,)","(63,)","(43,)","(0,)","(0,)","(63,)","(43,)","(0,)"
"(0,)","(63,)","(43,)","(0,)","(-6,)","(-29,)","(-9,)","(-39,)","(0.0,)","(0.0,)","(0.0,)","(0.0,)","(0,)","(63,)","(43,)","(0,)","(0,)","(63,)","(43,)","(0,)"
"(0,)","(63,)","(43,)","(0,)","(-6,)","(-29,)","(-9,)","(-39,)","(0.0,)","(0.0,)","(0.0,)","(0.0,)","(0,)","(63,)","(43,)","(0,)","(0,)","(63,)","(43,)","(0,)"
"(0,)","(63,)","(43,)","(0,)","(-6,)","(-29,)","(-9,)","(-39,)","(0.0,)","(0.0,)","(0.0,)","(0.0,)","(0,)","(63,)","(43,)","(0,)","(0,)","(63,)","(43,)","(0,)"
"(0,)","(63,)","(43,)","(0,)","(-6,)","(-29,)","(-9,)","(-39,)","(0.0,)","(0.0,)","(0.0,)","(0.0,)","(0,)","(63,)","(43,)","(0,)","(0,)","(63,)","(43,)","(0,)"
"(0,)","(63,)","(43,)","(0,)","(-6,)","(-29,)","(-9,)","(-39,)","(0.0,)","(0.0,)","(0.0,)","(0.0,)","(0,)","(63,)","(43,)","(0,)","(0,)","(63,)","(43,)","(0,)"
"(0,)","(63,)","(43,)","(0,)","(-6,)","(-29,)","(-9,)","(-39,)","(0.0,)","(0.0,)","(0.0,)","(0.0,)","(0,)","(63,)","(43,)","(0,)","(0,)","(63,)","(43,)","(0,)"
"(0,)","(63,)","(43,)","(0,)","(-6,)","(-29,)","(-9,)","(-39,)","(0.0,)","(0.0,)","(0.0,)","(0.0,)","(0,)","(63,)","(43,)","(0,)","(0,)","(63,)","(43,)","(0,)"
"(0,)","(63,)","(43,)","(0,)","(-6,)","(-29,)","(-9,)","(-39,)","(0.0,)","(0.0,)","(0.0,)","(0.0,)","(0,)","(63,)","(43,)","(0,)","(0,)","(63,)","(43,)","(0,)"
"(0,)","(63,)","(43,)","(0,)","(-6,)","(-29,)","(-9,)","(-39,)","(0.0,)","(0.0,)","(0.0,)","(0.0,)","(0,)","(63,)","(43,)","(0,)","(0,)","(63,)","(43,)","(0,)"
"(0,)","(63,)","(43,)","(0,)","(-6,)","(-29,)","(-9,)","(-39,)","(0.0,)","(0.0,)","(0.0,)","(0.0,)","(0,)","(63,)","(43,)","(0,)","(0,)","(63,)","(43,)","(0,)"
"(0,)","(63,)","(43,)","(0,)","(-6,)","(-29,)","(-9,)","(-39,)","(0.0,)","(0.0,)","(0.0,)","(0.0,)","(0,)","(63,)","(43,)","(0,)","(0,)","(63,)","(43,)","(0,)"
"(0,)","(63,)","(43,)","(0,)","(-6,)","(-29,)","(-9,)","(-39,)","(0.0,)","(0.0,)","(0.0,)","(0.0,)","(0,)","(63,)","(43,)","(0,)","(0,)","(63,)","(43,)","(0,)"
"(0,)","(63,)","(43,)","(0,)","(-6,)","(-29,)","(-9,)","(-39,)","(0.0,)","(0.0,)","(0.0,)","(0.0,)","(0,)","(63,)","(43,)","(0,)","(0,)","(63,)","(43,)","(0,)"
"(0,)","(63,)","(43,)","(0,)","(-6,)","(-29,)","(-9,)","(-39,)","(0.0,)","(0.0,)","(0.0,)","(0.0,)","(0,)","(63,)","(43,)","(0,)","(0,)","(63,)","(43,)","(0,)"
"(0,)","(63,)","(43,)","(0,)","(-6,)","(-29,)","(-9,)","(-39,)","(0.0,)","(0.0,)","(0.0,)","(0.0,)","(0,)","(63,)","(43,)","(0,)","(0,)","(63,)","(43,)","(0,)"
"(0,)","(63,)","(43,)","(0,)","(-6,)","(-29,)","(-9,)","(-39,)","(0.0,)","(0.0,)","(0.0,)","(0.0,)","(0,)","(63,)","(43,)","(0,)","(0,)","(63,)","(43,)","(0,)"
"(0,)","(63,)","(43,)","(0,)","(-6,)","(-29,)","(-9,)","(-39,)","(0.0,)","(0.0,)","(0.0,)","(0.0,)","(0,)","(63,)","(43,)","(0,)","(0,)","(63,)","(43,)","(0,)"
"(0,)","(63,)","(43,)","(0,)","(-6,)","(-29,)","(-9,)","(-39,)","(0.0,)","(0.0,)","(0.0,)","(0.0,)","(0,)","(63,)","(43,)","(0,)","(0,)","(63,)","(43,)","(0,)"
"(0,)","(63,)","(43,)","(0,)","(-6,)","(-29,)","(-9,)","(-39,)","(0.0,)","(0.0,)","(0.0,)","(0.0,)","(0,)","(63,)","(43,)","(0,)","(0,)","(63,)","(43,)","(0,)"
"(0,)","(63,)","(43,)","(0,)","(-6,)","(-29,)","(-9,)","(-39,)","(0.0,)","(0.0,)","(0.0,)","(0.0,)","(0,)","(63,)","(43,)","(0,)","(0,)","(63,)","(43,)","(0,)"
"(0,)","(63,)","(43,)","(0,)","(-6,)","(-29,)","(-9,)","(-39,)","(0.0,)","(0.0,)","(0.0,)","(0.0,)","(0,)","(63,)","(43,)","(0,)","(0,)","(63,)","(43,)","(0,)"
"(0,)","(63,)","(43,)","(0,)","(-6,)","(-29,)","(-9,)","(-39,)","(0.0,)","(0.0,)","(0.0,)","(0.0,)","(0,)","(63,)","(43,)","(0,)","(0,)","(63,)","(43,)","(0,)"
"(0,)","(63,)","(43,)","(0,)","(-6,)","(-29,)","(-9,)","(-39,)","(0.0,)","(0.0,)","(0.0,)","(0.0,)","(0,)","(63,)","(43,)","(0,)","(0,)","(63,)","(43,)","(0,)"
"(0,)","(63,)","(43,)","(0,)","(-6,)","(-29,)","(-9,)","(-39,)","(0.0,)","(0.0,)","(0.0,)","(0.0,)","(0,)","(63,)","(43,)","(0,)","(0,)","(63,)","(43,)","(0,)"
"(0,)","(63,)","(43,)","(0,)","(-6,)","(-29,)","(-9,)","(-39,)","(0.0,)","(0.0,)","(0.0,)","(0.0,)","(0,)","(63,)","(43,)","(0,)","(0,)","(63,)","(43,)","(0,)"
"(0,)","(63,)","(43,)","(0,)","(-6,)","(-29,)","(-9,)","(-39,)","(0.0,)","(0.0,)","(0.0,)","(0.0,)","(0,)","(63,)","(43,)","(0,)","(0,)","(63,)","(43,)","(0,)"
"(0,)","(63,)","(43,)","(0,)","(-6,)","(-29,)","(-9,)","(-39,)","(0.0,)","(0.0,)","(0.0,)","(0.0,)","(0,)","(63,)","(43,)","(0,)","(0,)","(63,)","(43,)","(0,)"
"(0,)","(63,)","(43,)","(0,)","(-6,)","(-29,)","(-9,)","(-39,)","(0.0,)","(0.0,)","(0.0,)","(0.0,)","(0,)","(63,)","(43,)","(0,)","(0,)","(63,)","(43,)","(0,)"
"(0,)","(63,)","(43,)","(0,)","(-6,)","(-29,)","(-9,)","(-39,)","(0.0,)","(0.0,)","(0.0,)","(0.0,)","(0,)","(63,)","(43,)","(0,)","(0,)","(63,)","(43,)","(0,)"
"(0,)","(63,)","(43,)","(0,)","(-6,)","(-29,)","(-9,)","(-39,)","(0.0,)","(0.0,)","(0.0,)","(0.0,)","(0,)","(63,)","(43,)","(0,)","(0,)","(63,)","(43,)","(0,)"
"(0,)","(63,)","(43,)","(0,)","(-6,)","(-29,)","(-9,)","(-39,)","(0.0,)","(0.0,)","(0.0,)","(0.0,)","(0,)","(63,)","(43,)","(0,)","(0,)","(63,)","(43,)","(0,)"
"(0,)","(63,)","(43,)","(0,)","(-6,)","(-29,)","(-9,)","(-39,)","(0.0,)","(0.0,)","(0.0,)","(0.0,)","(0,)","(63,)","(43,)","(0,)","(0,)","(63,)","(43,)","(0,)"
"(0,)","(63,)","(43,)","(0,)","(-6,)","(-29,)","(-9,)","(-39,)","(0.0,)","(0.0,)","(0.0,)","(0.0,)","(0,)","(63,)","(43,)","(0,)","(0,)","(63,)","(43,)","(0,)"
"(0,)","(63,)","(43,)","(0,)","(-6,)","(-29,)","(-9,)","(-39,)","(0.0,)","(0.0,)","(0.0,)","(0.0,)","(0,)","(63,)","(43,)","(0,)","(0,)","(63,)","(43,)","(0,)"
"(0,)","(63,)","(43,)","(0,)","(-6,)","(-29,)","(-9,)","(-39,)","(0.0,)","(0.0,)","(0.0,)","(0.0,)","(0,)","(63,)","(43,)","(0,)","(0,)","(63,)","(43,)","(0,)"
"(0,)","(63,)","(43,)","(0,)","(-6,)","(-29,)","(-9,)","(-39,)","(0.0,)","(0.0,)","(0.0,)","(0.0,)","(0,)","(63,)","(43,)","(0,)","(0,)","(63,)","(43,)","(0,)"
"(0,)","(63,)","(43,)","(0,)","(-6,)","(-29,)","(-9,)","(-39,)","(0.0,)","(0.0,)","(0.0,)","(0.0,)","(0,)","(63,)","(43,)","(0,)","(0,)","(63,)","(43,)","(0,)"
"(0,)","(63,)","(43,)","(0,)","(-6,)","(-29,)","(-9,)","(-39,)","(0.0,)","(0.0,)","(0.0,)","(0.0,)","(0,)","(63,)","(43,)","(0,)","(0,)","(63,)","(43,)","(0,)"
"(0,)","(63,)","(43,)","(0,)","(-6,)","(-29,)","(-9,)","(-39,)","(0.0,)","(0.0,)","(0.0,)","(0.0,)","(0,)","(63,)","(43,)","(0,)","(0,)","(63,)","(43,)","(0,)"
"(0,)","(63,)","(43,)","(0,)","(-6,)","(-29,)","(-9,)","(-39,)","(0.0,)","(0.0,)","(0.0,)","(0.0,)","(0,)","(63,)","(43,)","(0,)","(0,)","(63,)","(43,)","(0,)"
"(0,)","(63,)","(43,)","(0,)","(-6,)","(-29,)","(-9,)","(-39,)","(0.0,)","(0.0,)","(0.0,)","(0.0,)","(0,)","(63,)","(43,)","(0,)","(0,)","(63,)","(43,)","(0,)"
"(0,)","(63,)","(43,)","(0,)","(-6,)","(-29,)","(-9,)","(-39,)","(0.0,)","(0.0,)","(0.0,)","(0.0,)","(0,)","(63,)","(43,)","(0,)","(0,)","(63,)","(43,)","(0,)"
"(0,)","(63,)","(43,)","(0,)","(-6,)","(-29,)","(-9,)","(-39,)","(0.0,)","(0.0,)","(0.0,)","(0.0,)","(0,)","(63,)","(43,)","(0,)","(0,)","(63,)","(43,)","(0,)"
"(0,)","(63,)","(43,)","(0,)","(-6,)","(-29,)","(-9,)","(-39,)","(0.0,)","(0.0,)","(0.0,)","(0.0,)","(0,)","(63,)","(43,)","(0,)","(0,)","(63,)","(43,)","(0,)"
"(0,)","(63,)","(43,)","(0,)","(-6,)","(-29,)","(-9,)","(-39,)","(0.0,)","(0.0,)","(0.0,)","(0.0,)","(0,)","(63,)","(43,)","(0,)","(0,)","(63,)","(43,)","(0,)"
"(0,)","(63,)","(43,)","(0,)","(-6,)","(-29,)","(-9,)","(-39,)","(0.0,)","(0.0,)","(0.0,)","(0.0,)","(0,)","(63,)","(43,)","(0,)","(0,)","(63,)","(43,)","(0,)"
"(0,)","(63,)","(43,)","(0,)","(-6,)","(-29,)","(-9,)","(-39,)","(0.0,)","(0.0,)","(0.0,)","(0.0,)","(0,)","(63,)","(43,)","(0,)","(0,)","(63,)","(43,)","(0,)"
"(0,)","(63,)","(43,)","(0,)","(-6,)","(-29,)","(-9,)","(-39,)","(0.0,)","(0.0,)","(0.0,)","(0.0,)","(0,)","(63,)","(43,)","(0,)","(0,)","(63,)","(43,)","(0,)"
"(0,)","(63,)","(43,)","(0,)","(-6,)","(-29,)","(-9,)","(-39,)","(0.0,)","(0.0,)","(0.0,)","(0.0,)","(0,)","(63,)","(43,)","(0,)","(0,)","(63,)","(43,)","(0,)"
"(0,)","(63,)","(43,)","(0,)","(-6,)","(-29,)","(-9,)","(-39,)","(0.0,)","(0.0,)","(0.0,)","(0.0,)","(0,)","(63,)","(43,)","(0,)","(0,)","(63,)","(43,)","(0,)"
"(0,)","(63,)","(43,)","(0,)","(-6,)","(-29,)","(-9,)","(-39,)","(0.0,)","(0.0,)","(0.0,)","(0.0,)","(0,)","(63,)","(43,)","(0,)","(0,)","(63,)","(43,)","(0,)"
"(0,)","(63,)","(43,)","(0,)","(-6,)","(-29,)","(-9,)","(-39,)","(0.0,)","(0.0,)","(0.0,)","(0.0,)","(0,)","(63,)","(43,)","(0,)","(0,)","(63,)","(43,)","(0,)"
"(0,)","(63,)","(43,)","(0,)","(-6,)","(-29,)","(-9,)","(-39,)","(0.0,)","(0.0,)","(0.0,)","(0.0,)","(0,)","(63,)","(43,)","(0,)","(0,)","(63,)","(43,)","(0,)"
"(0,)","(63,)","(43,)","(0,)","(-6,)","(-29,)","(-9,)","(-39,)","(0.0,)","(0.0,)","(0.0,)","(0.0,)","(0,)","(63,)","(43,)","(0,)","(0,)","(63,)","(43,)","(0,)"
"(0,)","(63,)","(43,)","(0,)","(-6,)","(-29,)","(-9,)","(-39,)","(0.0,)","(0.0,)","(0.0,)","(0.0,)","(0,)","(63,)","(43,)","(0,)","(0,)","(63,)","(43,)","(0,)"
"(0,)","(63,)","(43,)","(0,)","(-6,)","(-29,)","(-9,)","(-39,)","(0.0,)","(0.0,)","(0.0,)","(0.0,)","(0,)","(63,)","(43,)","(0,)","(0,)","(63,)","(43,)","(0,)"
"(0,)","(63,)","(43,)","(0,)","(-6,)","(-29,)","(-9,)","(-39,)","(0.0,)","(0.0,)","(0.0,)","(0.0,)","(0,)","(63,)","(43,)","(0,)","(0,)","(63,)","(43,)","(0,)"
"(0,)","(63,)","(43,)","(0,)","(-6,)","(-29,)","(-9,)","(-39,)","(0.0,)","(0.0,)","(0.0,)","(0.0,)","(0,)","(63,)","(43,)","(0,)","(0,)","(63,)","(43,)","(0,)"
"(0,)","(63,)","(43,)","(0,)","(-6,)","(-29,)","(-9,)","(-39,)","(0.0,)","(0.0,)","(0.0,)","(0.0,)","(0,)","(63,)","(43,)","(0,)","(0,)","(63,)","(43,)","(0,)"
"(0,)","(63,)","(43,)","(0,)","(-6,)","(-29,)","(-9,)","(-39,)","(0.0,)","(0.0,)","(0.0,)","(0.0,)","(0,)","(63,)","(43,)","(0,)","(0,)","(63,)","(43,)","(0,)"
"(0,)","(63,)","(43,)","(0,)","(-6,)","(-29,)","(-9,)","(-39,)","(0.0,)","(0.0,)","(0.0,)","(0.0,)","(0,)","(63,)","(43,)","(0,)","(0,)","(63,)","(43,)","(0,)"
"(0,)","(63,)","(43,)","(0,)","(-6,)","(-29,)","(-9,)","(-39,)","(0.0,)","(0.0,)","(0.0,)","(0.0,)","(0,)","(63,)","(43,)","(0,)","(0,)","(63,)","(43,)","(0,)"
"(0,)","(63,)","(43,)","(0,)","(-6,)","(-29,)","(-9,)","(-39,)","(0.0,)","(0.0,)","(0.0,)","(0.0,)","(0,)","(63,)","(43,)","(0,)","(0,)","(63,)","(43,)","(0,)"
"(0,)","(63,)","(43,)","(0,)","(-6,)","(-29,)","(-9,)","(-39,)","(0.0,)","(0.0,)","(0.0,)","(0.0,)","(0,)","(63,)","(43,)","(0,)","(0,)","(63,)","(43,)","(0,)"
"(0,)","(63,)","(43,)","(0,)","(-6,)","(-29,)","(-9,)","(-39,)","(0.0,)","(0.0,)","(0.0,)","(0.0,)","(0,)","(63,)","(43,)","(0,)","(0,)","(63,)","(43,)","(0,)"
"(0,)","(63,)","(43,)","(0,)","(-6,)","(-29,)","(-9,)","(-39,)","(0.0,)","(0.0,)","(0.0,)","(0.0,)","(0,)","(63,)","(43,)","(0,)","(0,)","(63,)","(43,)","(0,)"
"(0,)","(63,)","(43,)","(0,)","(-6,)","(-29,)","(-9,)","(-39,)","(0.0,)","(0.0,)","(0.0,)","(0.0,)","(0,)","(63,)","(43,)","(0,)","(0,)","(63,)","(43,)","(0,)"
"(0,)","(63,)","(43,)","(0,)","(-6,)","(-29,)","(-9,)","(-39,)","(0.0,)","(0.0,)","(0.0,)","(0.0,)","(0,)","(63,)","(43,)","(0,)","(0,)","(63,)","(43,)","(0,)"
"(0,)","(63,)","(43,)","(0,)","(-6,)","(-29,)","(-9,)","(-39,)","(0.0,)","(0.0,)","(0.0,)","(0.0,)","(0,)","(63,)","(43,)","(0,)","(0,)","(63,)","(43,)","(0,)"
"(0,)","(63,)","(43,)","(0,)","(-6,)","(-29,)","(-9,)","(-39,)","(0.0,)","(0.0,)","(0.0,)","(0.0,)","(0,)","(63,)","(43,)","(0,)","(0,)","(63,)","(43,)","(0,)"
"(0,)","(63,)","(43,)","(0,)","(-6,)","(-29,)","(-9,)","(-39,)","(0.0,)","(0.0,)","(0.0,)","(0.0,)","(0,)","(63,)","(43,)","(0,)","(0,)","(63,)","(43,)","(0,)"
"(0,)","(63,)","(43,)","(0,)","(-6,)","(-29,)","(-9,)","(-39,)","(0.0,)","(0.0,)","(0.0,)","(0.0,)","(0,)","(63,)","(43,)","(0,)","(0,)","(63,)","(43,)","(0,)"
"(0,)","(63,)","(43,)","(0,)","(-6,)","(-29,)","(-9,)","(-39,)","(0.0,)","(0.0,)","(0.0,)","(0.0,)","(0,)","(63,)","(43,)","(0,)","(0,)","(63,)","(43,)","(0,)"
"(0,)","(63,)","(43,)","(0,)","(-6,)","(-29,)","(-9,)","(-39,)","(0.0,)","(0.0,)","(0.0,)","(0.0,)","(0,)","(63,)","(43,)","(0,)","(0,)","(63,)","(43,)","(0,)"
"(0,)","(63,)","(43,)","(0,)","(-6,)","(-29,)","(-9,)","(-39,)","(0.0,)","(0.0,)","(0.0,)","(0.0,)","(0,)","(63,)","(43,)","(0,)","(0,)","(63,)","(43,)","(0,)"
"(0,)","(63,)","(43,)","(0,)","(-6,)","(-29,)","(-9,)","(-39,)","(0.0,)","(0.0,)","(0.0,)","(0.0,)","(0,)","(63,)","(43,)","(0,)","(0,)","(63,)","(43,)","(0,)"
"(0,)","(63,)","(43,)","(0,)","(-6,)","(-29,)","(-9,)","(-39,)","(0.0,)","(0.0,)","(0.0,)","(0.0,)","(0,)","(63,)","(43,)","(0,)","(0,)","(63,)","(43,)","(0,)"
"(0,)","(63,)","(43,)","(0,)","(-6,)","(-29,)","(-9,)","(-39,)","(0.0,)","(0.0,)","(0.0,)","(0.0,)","(0,)","(63,)","(43,)","(0,)","(0,)","(63,)","(43,)","(0,)"
"(0,)","(63,)","(43,)","(0,)","(-6,)","(-29,)","(-9,)","(-39,)","(0.0,)","(0.0,)","(0.0,)","(0.0,)","(0,)","(63,)","(43,)","(0,)","(0,)","(63,)","(43,)","(0,)"
"(0,)","(63,)","(43,)","(0,)","(-6,)","(-29,)","(-9,)","(-39,)","(0.0,)","(0.0,)","(0.0,)","(0.0,)","(0,)","(63,)","(43,)","(0,)","(0,)","(63,)","(43,)","(0,)"
"(0,)","(63,)","(43,)","(0,)","(-6,)","(-29,)","(-9,)","(-39,)","(0.0,)","(0.0,)","(0.0,)","(0.0,)","(0,)","(63,)","(43,)","(0,)","(0,)","(63,)","(43,)","(0,)"
"(0,)","(63,)","(43,)","(0,)","(-6,)","(-29,)","(-9,)","(-39,)","(0.0,)","(0.0,)","(0.0,)","(0.0,)","(0,)","(63,)","(43,)","(0,)","(0,)","(63,)","(43,)","(0,)"
"(0,)","(63,)","(43,)","(0,)","(-6,)","(-29,)","(-9,)","(-39,)","(0.0,)","(0.0,)","(0.0,)","(0.0,)","(0,)","(63,)","(43,)","(0,)","(0,)","(63,)","(43,)","(0,)"
"(0,)","(63,)","(43,)","(0,)","(-6,)","(-29,)","(-9,)","(-39,)","(0.0,)","(0.0,)","(0.0,)","(0.0,)","(0,)","(63,)","(43,)","(0,)","(0,)","(63,)","(43,)","(0,)"
"(0,)","(63,)","(43,)","(0,)","(-6,)","(-29,)","(-9,)","(-39,)","(0.0,)","(0.0,)","(0.0,)","(0.0,)","(0,)","(63,)","(43,)","(0,)","(0,)","(63,)","(43,)","(0,)"
"(0,)","(63,)","(43,)","(0,)","(-6,)","(-29,)","(-9,)","(-39,)","(0.0,)","(0.0,)","(0.0,)","(0.0,)","(0,)","(63,)","(43,)","(0,)","(0,)","(63,)","(43,)","(0,)"
"(0,)","(63,)","(43,)","(0,)","(-6,)","(-29,)","(-9,)","(-39,)","(0.0,)","(0.0,)","(0.0,)","(0.0,)","(0,)","(63,)","(43,)","(0,)","(0,)","(63,)","(43,)","(0,)"
"(0,)","(63,)","(43,)","(0,)","(-6,)","(-29,)","(-9,)","(-39,)","(0.0,)","(0.0,)","(0.0,)","(0.0,)","(0,)","(63,)","(43,)","(0,)","(0,)","(63,)","(43,)","(0,)"
"(0,)","(63,)","(43,)","(0,)","(-6,)","(-29,)","(-9,)","(-39,)","(0.0,)","(0.0,)","(0.0,)","(0.0,)","(0,)","(63,)","(43,)","(0,)","(0,)","(63,)","(43,)","(0,)"
"(0,)","(63,)","(43,)","(0,)","(-6,)","(-29,)","(-9,)","(-39,)","(0.0,)","(0.0,)","(0.0,)","(0.0,)","(0,)","(63,)","(43,)","(0,)","(0,)","(63,)","(43,)","(0,)"
"(0,)","(63,)","(43,)","(0,)","(-6,)","(-29,)","(-9,)","(-39,)","(0.0,)","(0.0,)","(0.0,)","(0.0,)","(0,)","(63,)","(43,)","(0,)","(0,)","(63,)","(43,)","(0,)"
"(0,)","(63,)","(43,)","(0,)","(-6,)","(-29,)","(-9,)","(-39,)","(0.0,)","(0.0,)","(0.0,)","(0.0,)","(0,)","(63,)","(43,)","(0,)","(0,)","(63,)","(43,)","(0,)"
"(0,)","(63,)","(43,)","(0,)","(-6,)","(-29,)","(-9,)","(-39,)","(0.0,)","(0.0,)","(0.0,)","(0.0,)","(0,)","(63,)","(43,)","(0,)","(0,)","(63,)","(43,)","(0,)"
