"(0,)","(0,)","(0,)","(0,)","(0,)","(0,)","(0,)","(0,)","(0,)","(0,)","(0,)","(0,)","(0,)","(0,)","(0,)","(0,)","(0,)","(0,)","(0,)","(0,)","(0,)","(0,)","(0,)","(0,)","(13205,)"
"(0,)","(0,)","(0,)","(0,)","(0,)","(0,)","(0,)","(0,)","(-140,)","(-140,)","(-140,)","(-140,)","(0,)","(0,)","(0,)","(0,)","(0,)","(0,)","(0,)","(0,)","(0,)","(0,)","(0,)","(0,)","(13307,)"
"(0,)","(0,)","(0,)","(0,)","(0,)","(0,)","(0,)","(0,)","(-140,)","(-140,)","(-140,)","(-140,)","(0,)","(0,)","(0,)","(0,)","(0,)","(0,)","(0,)","(0,)","(0,)","(0,)","(0,)","(0,)","(13358,)"
"(0,)","(0,)","(0,)","(0,)","(0,)","(0,)","(0,)","(0,)","(-140,)","(-140,)","(-140,)","(-140,)","(0,)","(0,)","(0,)","(0,)","(0,)","(0,)","(0,)","(0,)","(0,)","(0,)","(0,)","(0,)","(13409,)"
"(0,)","(0,)","(0,)","(0,)","(0,)","(0,)","(0,)","(0,)","(-140,)","(-140,)","(-140,)","(-140,)","(0,)","(0,)","(0,)","(0,)","(0,)","(0,)","(0,)","(0,)","(0,)","(0,)","(0,)","(0,)","(13460,)"
"(0,)","(0,)","(0,)","(0,)","(0,)","(0,)","(0,)","(0,)","(-140,)","(-140,)","(-140,)","(-140,)","(0,)","(0,)","(0,)","(0,)","(0,)","(0,)","(0,)","(0,)","(0,)","(0,)","(0,)","(0,)","(13511,)"
"(0,)","(0,)","(0,)","(0,)","(0,)","(0,)","(0,)","(0,)","(-140,)","(-140,)","(-140,)","(-140,)","(0,)","(0,)","(0,)","(0,)","(0,)","(0,)","(0,)","(0,)","(0,)","(0,)","(0,)","(0,)","(13562,)"
"(0,)","(0,)","(0,)","(0,)","(0,)","(0,)","(0,)","(0,)","(-140,)","(-140,)","(-140,)","(-140,)","(0,)","(0,)","(0,)","(0,)","(0,)","(0,)","(0,)","(0,)","(0,)","(0,)","(0,)","(0,)","(13613,)"
"(0,)","(0,)","(0,)","(0,)","(0,)","(0,)","(0,)","(0,)","(-140,)","(-140,)","(-140,)","(-140,)","(0,)","(0,)","(0,)","(0,)","(0,)","(0,)","(0,)","(0,)","(0,)","(0,)","(0,)","(0,)","(13664,)"
"(0,)","(0,)","(0,)","(0,)","(0,)","(0,)","(0,)","(0,)","(-140,)","(-140,)","(-140,)","(-140,)","(0,)","(0,)","(0,)","(0,)","(0,)","(0,)","(0,)","(0,)","(0,)","(0,)","(0,)","(0,)","(13715,)"
"(0,)","(0,)","(0,)","(0,)","(0,)","(0,)","(0,)","(0,)","(-140,)","(-140,)","(-140,)","(-140,)","(0,)","(0,)","(0,)","(0,)","(0,)","(0,)","(0,)","(0,)","(0,)","(0,)","(0,)","(0,)","(13766,)"
"(0,)","(0,)","(0,)","(0,)","(0,)","(0,)","(0,)","(0,)","(-140,)","(-140,)","(-140,)","(-140,)","(0,)","(0,)","(0,)","(0,)","(0,)","(0,)","(0,)","(0,)","(0,)","(0,)","(0,)","(0,)","(13817,)"
"(0,)","(0,)","(0,)","(0,)","(0,)","(0,)","(0,)","(0,)","(-140,)","(-140,)","(-140,)","(-140,)","(0,)","(0,)","(0,)","(0,)","(0,)","(0,)","(0,)","(0,)","(0,)","(0,)","(0,)","(0,)","(13868,)"
"(0,)","(0,)","(0,)","(0,)","(0,)","(0,)","(0,)","(0,)","(-140,)","(-140,)","(-140,)","(-140,)","(0,)","(0,)","(0,)","(0,)","(0,)","(0,)","(0,)","(0,)","(0,)","(0,)","(0,)","(0,)","(13919,)"
"(0,)","(0,)","(0,)","(0,)","(0,)","(0,)","(0,)","(0,)","(-140,)","(-140,)","(-140,)","(-140,)","(0,)","(0,)","(0,)","(0,)","(0,)","(0,)","(0,)","(0,)","(0,)","(0,)","(0,)","(0,)","(13970,)"
"(0,)","(0,)","(0,)","(0,)","(0,)","(0,)","(0,)","(0,)","(-140,)","(-140,)","(-140,)","(-140,)","(0,)","(0,)","(0,)","(0,)","(0,)","(0,)","(0,)","(0,)","(0,)","(0,)","(0,)","(0,)","(14021,)"
"(0,)","(0,)","(0,)","(0,)","(0,)","(0,)","(0,)","(0,)","(-140,)","(-140,)","(-140,)","(-140,)","(0,)","(0,)","(0,)","(0,)","(0,)","(0,)","(0,)","(0,)","(0,)","(0,)","(0,)","(0,)","(14072,)"
"(0,)","(0,)","(0,)","(0,)","(0,)","(0,)","(0,)","(0,)","(-140,)","(-140,)","(-140,)","(-140,)","(0,)","(0,)","(0,)","(0,)","(0,)","(0,)","(0,)","(0,)","(0,)","(0,)","(0,)","(0,)","(14123,)"
"(0,)","(0,)","(0,)","(0,)","(0,)","(0,)","(0,)","(0,)","(-140,)","(-140,)","(-140,)","(-140,)","(0,)","(0,)","(0,)","(0,)","(0,)","(0,)","(0,)","(0,)","(0,)","(0,)","(0,)","(0,)","(14174,)"
"(0,)","(0,)","(0,)","(0,)","(0,)","(0,)","(0,)","(0,)","(-140,)","(-140,)","(-140,)","(-140,)","(0,)","(0,)","(0,)","(0,)","(0,)","(0,)","(0,)","(0,)","(0,)","(0,)","(0,)","(0,)","(14225,)"
"(0,)","(0,)","(0,)","(0,)","(0,)","(0,)","(0,)","(0,)","(-140,)","(-140,)","(-140,)","(-140,)","(0,)","(0,)","(0,)","(0,)","(0,)","(0,)","(0,)","(0,)","(0,)","(0,)","(0,)","(0,)","(14276,)"
"(0,)","(0,)","(0,)","(0,)","(0,)","(0,)","(0,)","(0,)","(-140,)","(-140,)","(-140,)","(-140,)","(0,)","(0,)","(0,)","(0,)","(0,)","(0,)","(0,)","(0,)","(0,)","(0,)","(0,)","(0,)","(14327,)"
"(0,)","(0,)","(0,)","(0,)","(0,)","(0,)","(0,)","(0,)","(-140,)","(-140,)","(-140,)","(-140,)","(0,)","(0,)","(0,)","(0,)","(0,)","(0,)","(0,)","(0,)","(0,)","(0,)","(0,)","(0,)","(14378,)"
"(0,)","(0,)","(0,)","(0,)","(0,)","(0,)","(0,)","(0,)","(-140,)","(-140,)","(-140,)","(-140,)","(0,)","(0,)","(0,)","(0,)","(0,)","(0,)","(0,)","(0,)","(0,)","(0,)","(0,)","(0,)","(14429,)"
"(0,)","(0,)","(0,)","(0,)","(0,)","(0,)","(0,)","(0,)","(-140,)","(-140,)","(-140,)","(-140,)","(0,)","(0,)","(0,)","(0,)","(0,)","(0,)","(0,)","(0,)","(0,)","(0,)","(0,)","(0,)","(14480,)"
"(0,)","(0,)","(0,)","(0,)","(0,)","(0,)","(0,)","(0,)","(-140,)","(-140,)","(-140,)","(-140,)","(0,)","(0,)","(0,)","(0,)","(0,)","(0,)","(0,)","(0,)","(0,)","(0,)","(0,)","(0,)","(14531,)"
"(0,)","(0,)","(1,)","(0,)","(0,)","(0,)","(0,)","(0,)","(-140,)","(-140,)","(-140,)","(-140,)","(0,)","(0,)","(0,)","(0,)","(0,)","(0,)","(1,)","(0,)","(0,)","(0,)","(0,)","(0,)","(14582,)"
"(0,)","(0,)","(25,)","(25,)","(0,)","(0,)","(0,)","(0,)","(-140,)","(-140,)","(-140,)","(-140,)","(0,)","(0,)","(0,)","(0,)","(0,)","(0,)","('null',)","('null',)","(0,)","(0,)","(0,)","(0,)","(14633,)"
"(0,)","(0,)","(25,)","(25,)","(0,)","(0,)","(0,)","(0,)","(-140,)","(-140,)","(-140,)","(-140,)","(0,)","(0,)","(0,)","(0,)","(0,)","(0,)","('null',)","('null',)","(0,)","(0,)","(0,)","(0,)","(14684,)"
"(0,)","(0,)","(0,)","(0,)","(0,)","(0,)","(0,)","(0,)","(-140,)","(-140,)","(-140,)","(-140,)","(0,)","(0,)","(0,)","(0,)","(0,)","(0,)","(0,)","(0,)","(0,)","(0,)","(0,)","(0,)","(14735,)"
"(0,)","(0,)","(0,)","(0,)","(0,)","(0,)","(0,)","(0,)","(-140,)","(-140,)","(-140,)","(-140,)","(0,)","(0,)","(0,)","(0,)","(0,)","(0,)","(0,)","(0,)","(0,)","(0,)","(0,)","(0,)","(14786,)"
"(6,)","(0,)","(6,)","(6,)","(0,)","(0,)","(0,)","(0,)","(-140,)","(-140,)","(-140,)","(-140,)","(0,)","(0,)","(0,)","(0,)","(6,)","(0,)","(6,)","(6,)","(1,)","(0,)","(1,)","(1,)","(14837,)"
"(19,)","(0,)","(20,)","(19,)","(0,)","(0,)","(0,)","(0,)","(-140,)","(-140,)","(-140,)","(-140,)","(0,)","(0,)","(0,)","(0,)","(19,)","(0,)","(20,)","(19,)","(4,)","(0,)","(6,)","(6,)","(14888,)"
"(26,)","(0,)","(28,)","(25,)","(0,)","(0,)","(0,)","(0,)","(-140,)","(-140,)","(-140,)","(-140,)","(0,)","(0,)","(0,)","(0,)","(26,)","(0,)","(28,)","(25,)","(8,)","(0,)","(10,)","(10,)","(14939,)"
"(34,)","(0,)","(31,)","(32,)","(0,)","(0,)","(0,)","(0,)","(-140,)","(-140,)","(-140,)","(-140,)","(0,)","(0,)","(0,)","(0,)","(34,)","(0,)","(31,)","(32,)","(14,)","(0,)","(14,)","(13,)","(14990,)"
"(41,)","(0,)","(39,)","(35,)","(0,)","(0,)","(0,)","(0,)","(-140,)","(-140,)","(-140,)","(-140,)","(0,)","(0,)","(0,)","(0,)","(41,)","(0,)","(39,)","(35,)","(21,)","(0,)","(20,)","(19,)","(15041,)"
"(46,)","(0,)","(46,)","(42,)","(0,)","(0,)","(0,)","(0,)","(-140,)","(-140,)","(-140,)","(-140,)","(0,)","(0,)","(0,)","(0,)","(46,)","(0,)","(46,)","(42,)","(28,)","(0,)","(28,)","(26,)","(15092,)"
"(53,)","(0,)","(53,)","(47,)","(0,)","(0,)","(0,)","(0,)","(-140,)","(-140,)","(-140,)","(-140,)","(0,)","(0,)","(0,)","(0,)","(53,)","(0,)","(53,)","(47,)","(36,)","(0,)","(36,)","(33,)","(15143,)"
"(61,)","(0,)","(57,)","(53,)","(0,)","(0,)","(0,)","(0,)","(-140,)","(-140,)","(-140,)","(-140,)","(0,)","(0,)","(0,)","(0,)","(61,)","(0,)","(57,)","(53,)","(43,)","(0,)","(42,)","(39,)","(15194,)"
"(68,)","(0,)","(64,)","(61,)","(0,)","(0,)","(0,)","(0,)","(-140,)","(-140,)","(-140,)","(-140,)","(0,)","(0,)","(0,)","(0,)","(68,)","(0,)","(64,)","(61,)","(50,)","(0,)","(48,)","(45,)","(15245,)"
"(72,)","(0,)","(71,)","(66,)","(0,)","(0,)","(0,)","(0,)","(-140,)","(-140,)","(-140,)","(-140,)","(0,)","(0,)","(0,)","(0,)","(72,)","(0,)","(71,)","(66,)","(56,)","(0,)","(55,)","(50,)","(15296,)"
"(78,)","(0,)","(76,)","(70,)","(0,)","(0,)","(0,)","(0,)","(-140,)","(-140,)","(-140,)","(-140,)","(0,)","(0,)","(0,)","(0,)","(78,)","(0,)","(76,)","(70,)","(63,)","(0,)","(61,)","(56,)","(15347,)"
"(83,)","(0,)","(80,)","(75,)","(0,)","(0,)","(0,)","(0,)","(-140,)","(-140,)","(-140,)","(-140,)","(0,)","(0,)","(0,)","(0,)","(83,)","(0,)","(80,)","(75,)","(69,)","(0,)","(66,)","(62,)","(15398,)"
"(87,)","(0,)","(83,)","(78,)","(0,)","(0,)","(0,)","(0,)","(-140,)","(-140,)","(-140,)","(-140,)","(0,)","(0,)","(0,)","(0,)","(87,)","(0,)","(83,)","(78,)","(74,)","(0,)","(71,)","(67,)","(15449,)"
"(90,)","(0,)","(86,)","(81,)","(0,)","(0,)","(0,)","(0,)","(-140,)","(-140,)","(-140,)","(-140,)","(0,)","(0,)","(0,)","(0,)","(90,)","(0,)","(86,)","(81,)","(79,)","(0,)","(76,)","(71,)","(15500,)"
"(96,)","(0,)","(91,)","(83,)","(0,)","(0,)","(0,)","(0,)","(-140,)","(-140,)","(-140,)","(-140,)","(0,)","(0,)","(0,)","(0,)","(96,)","(0,)","(91,)","(83,)","(84,)","(0,)","(81,)","(75,)","(15551,)"
"(98,)","(0,)","(93,)","(87,)","(0,)","(0,)","(0,)","(0,)","(-140,)","(-140,)","(-140,)","(-140,)","(0,)","(0,)","(0,)","(0,)","(98,)","(0,)","(93,)","(87,)","(88,)","(0,)","(84,)","(79,)","(15602,)"
"(102,)","(0,)","(96,)","(88,)","(0,)","(0,)","(0,)","(0,)","(-140,)","(-140,)","(-140,)","(-140,)","(0,)","(0,)","(0,)","(0,)","(102,)","(0,)","(96,)","(88,)","(92,)","(0,)","(88,)","(82,)","(15653,)"
"(104,)","(0,)","(100,)","(93,)","(0,)","(0,)","(0,)","(0,)","(-140,)","(-140,)","(-140,)","(-140,)","(0,)","(0,)","(0,)","(0,)","(104,)","(0,)","(100,)","(93,)","(96,)","(0,)","(91,)","(85,)","(15704,)"
"(106,)","(0,)","(102,)","(91,)","(0,)","(0,)","(0,)","(0,)","(-140,)","(-140,)","(-140,)","(-140,)","(0,)","(0,)","(0,)","(0,)","(106,)","(0,)","(102,)","(91,)","(99,)","(0,)","(94,)","(87,)","(15755,)"
"(108,)","(0,)","(104,)","(95,)","(0,)","(0,)","(0,)","(0,)","(-140,)","(-140,)","(-140,)","(-140,)","(0,)","(0,)","(0,)","(0,)","(108,)","(0,)","(104,)","(95,)","(102,)","(0,)","(97,)","(89,)","(15806,)"
"(108,)","(0,)","(106,)","(95,)","(0,)","(0,)","(0,)","(0,)","(-140,)","(-140,)","(-140,)","(-140,)","(0,)","(0,)","(0,)","(0,)","(108,)","(0,)","(106,)","(95,)","(104,)","(0,)","(100,)","(91,)","(15857,)"
"(111,)","(0,)","(106,)","(96,)","(0,)","(0,)","(0,)","(0,)","(-140,)","(-140,)","(-140,)","(-140,)","(0,)","(0,)","(0,)","(0,)","(111,)","(0,)","(106,)","(96,)","(106,)","(0,)","(102,)","(93,)","(15908,)"
"(111,)","(0,)","(108,)","(98,)","(0,)","(0,)","(0,)","(0,)","(-140,)","(-140,)","(-140,)","(-140,)","(0,)","(0,)","(0,)","(0,)","(111,)","(0,)","(108,)","(98,)","(108,)","(0,)","(104,)","(94,)","(15959,)"
"(115,)","(0,)","(111,)","(102,)","(0,)","(0,)","(0,)","(0,)","(-140,)","(-140,)","(-140,)","(-140,)","(0,)","(0,)","(0,)","(0,)","(115,)","(0,)","(111,)","(102,)","(109,)","(0,)","(106,)","(96,)","(16010,)"
"(113,)","(0,)","(111,)","(102,)","(0,)","(0,)","(0,)","(0,)","(-140,)","(-140,)","(-140,)","(-140,)","(0,)","(0,)","(0,)","(0,)","(113,)","(0,)","(111,)","(102,)","(111,)","(0,)","(107,)","(98,)","(16061,)"
"(119,)","(0,)","(111,)","(102,)","(0,)","(0,)","(0,)","(0,)","(-140,)","(-140,)","(-140,)","(-140,)","(0,)","(0,)","(0,)","(0,)","(119,)","(0,)","(111,)","(102,)","(112,)","(0,)","(108,)","(99,)","(16112,)"
"(115,)","(0,)","(115,)","(104,)","(0,)","(0,)","(0,)","(0,)","(-140,)","(-140,)","(-140,)","(-140,)","(0,)","(0,)","(0,)","(0,)","(115,)","(0,)","(115,)","(104,)","(114,)","(0,)","(110,)","(100,)","(16163,)"
"(121,)","(0,)","(114,)","(102,)","(0,)","(0,)","(0,)","(0,)","(-140,)","(-140,)","(-140,)","(-140,)","(0,)","(0,)","(0,)","(0,)","(121,)","(0,)","(114,)","(102,)","(115,)","(0,)","(111,)","(101,)","(16214,)"
"(121,)","(0,)","(115,)","(104,)","(0,)","(0,)","(0,)","(0,)","(-140,)","(-140,)","(-140,)","(-140,)","(0,)","(0,)","(0,)","(0,)","(121,)","(0,)","(115,)","(104,)","(117,)","(0,)","(112,)","(102,)","(16265,)"
"(118,)","(0,)","(119,)","(106,)","(0,)","(0,)","(0,)","(0,)","(-140,)","(-140,)","(-140,)","(-140,)","(0,)","(0,)","(0,)","(0,)","(118,)","(0,)","(119,)","(106,)","(117,)","(0,)","(114,)","(103,)","(16316,)"
"(119,)","(0,)","(118,)","(104,)","(0,)","(0,)","(0,)","(0,)","(-140,)","(-140,)","(-140,)","(-140,)","(0,)","(0,)","(0,)","(0,)","(119,)","(0,)","(118,)","(104,)","(118,)","(0,)","(115,)","(103,)","(16367,)"
"(121,)","(0,)","(114,)","(106,)","(0,)","(0,)","(0,)","(0,)","(-140,)","(-140,)","(-140,)","(-140,)","(0,)","(0,)","(0,)","(0,)","(121,)","(0,)","(114,)","(106,)","(119,)","(0,)","(115,)","(104,)","(16418,)"
"(119,)","(0,)","(118,)","(104,)","(0,)","(0,)","(0,)","(0,)","(-140,)","(-140,)","(-140,)","(-140,)","(0,)","(0,)","(0,)","(0,)","(119,)","(0,)","(118,)","(104,)","(119,)","(0,)","(116,)","(104,)","(16469,)"
"(121,)","(0,)","(116,)","(108,)","(0,)","(0,)","(0,)","(0,)","(-140,)","(-140,)","(-140,)","(-140,)","(0,)","(0,)","(0,)","(0,)","(121,)","(0,)","(116,)","(108,)","(119,)","(0,)","(116,)","(105,)","(16520,)"
"(121,)","(0,)","(118,)","(106,)","(0,)","(0,)","(0,)","(0,)","(-140,)","(-140,)","(-140,)","(-140,)","(0,)","(0,)","(0,)","(0,)","(121,)","(0,)","(118,)","(106,)","(119,)","(0,)","(117,)","(105,)","(16571,)"
"(123,)","(0,)","(119,)","(108,)","(0,)","(0,)","(0,)","(0,)","(-140,)","(-140,)","(-140,)","(-140,)","(0,)","(0,)","(0,)","(0,)","(123,)","(0,)","(119,)","(108,)","(120,)","(0,)","(117,)","(106,)","(16622,)"
"(125,)","(0,)","(118,)","(106,)","(0,)","(0,)","(0,)","(0,)","(-140,)","(-140,)","(-140,)","(-140,)","(0,)","(0,)","(0,)","(0,)","(125,)","(0,)","(118,)","(106,)","(121,)","(0,)","(117,)","(106,)","(16673,)"
"(121,)","(0,)","(121,)","(106,)","(0,)","(0,)","(0,)","(0,)","(-140,)","(-140,)","(-140,)","(-140,)","(0,)","(0,)","(0,)","(0,)","(121,)","(0,)","(121,)","(106,)","(121,)","(0,)","(118,)","(106,)","(16724,)"
"(123,)","(0,)","(119,)","(108,)","(0,)","(0,)","(0,)","(0,)","(-140,)","(-140,)","(-140,)","(-140,)","(0,)","(0,)","(0,)","(0,)","(123,)","(0,)","(119,)","(108,)","(122,)","(0,)","(118,)","(107,)","(16775,)"
"(123,)","(0,)","(118,)","(109,)","(0,)","(0,)","(0,)","(0,)","(-140,)","(-140,)","(-140,)","(-140,)","(0,)","(0,)","(0,)","(0,)","(123,)","(0,)","(118,)","(109,)","(122,)","(0,)","(118,)","(107,)","(16826,)"
"(123,)","(0,)","(121,)","(108,)","(0,)","(0,)","(0,)","(0,)","(-140,)","(-140,)","(-140,)","(-140,)","(0,)","(0,)","(0,)","(0,)","(123,)","(0,)","(121,)","(108,)","(123,)","(0,)","(119,)","(107,)","(16877,)"
"(124,)","(0,)","(118,)","(108,)","(0,)","(0,)","(0,)","(0,)","(-140,)","(-140,)","(-140,)","(-140,)","(0,)","(0,)","(0,)","(0,)","(124,)","(0,)","(118,)","(108,)","(123,)","(0,)","(119,)","(107,)","(16928,)"
"(123,)","(0,)","(121,)","(108,)","(0,)","(0,)","(0,)","(0,)","(-140,)","(-140,)","(-140,)","(-140,)","(0,)","(0,)","(0,)","(0,)","(123,)","(0,)","(121,)","(108,)","(122,)","(0,)","(119,)","(107,)","(16979,)"
"(125,)","(0,)","(118,)","(108,)","(0,)","(0,)","(0,)","(0,)","(-140,)","(-140,)","(-140,)","(-140,)","(0,)","(0,)","(0,)","(0,)","(125,)","(0,)","(118,)","(108,)","(123,)","(0,)","(119,)","(108,)","(17030,)"
"(123,)","(0,)","(119,)","(108,)","(0,)","(0,)","(0,)","(0,)","(-140,)","(-140,)","(-140,)","(-140,)","(0,)","(0,)","(0,)","(0,)","(123,)","(0,)","(119,)","(108,)","(123,)","(0,)","(119,)","(108,)","(17081,)"
"(124,)","(0,)","(119,)","(109,)","(0,)","(0,)","(0,)","(0,)","(-140,)","(-140,)","(-140,)","(-140,)","(0,)","(0,)","(0,)","(0,)","(124,)","(0,)","(119,)","(109,)","(123,)","(0,)","(119,)","(108,)","(17132,)"
"(123,)","(0,)","(118,)","(108,)","(0,)","(0,)","(0,)","(0,)","(-140,)","(-140,)","(-140,)","(-140,)","(0,)","(0,)","(0,)","(0,)","(123,)","(0,)","(118,)","(108,)","(123,)","(0,)","(118,)","(108,)","(17183,)"
"(125,)","(0,)","(121,)","(108,)","(0,)","(0,)","(0,)","(0,)","(-140,)","(-140,)","(-140,)","(-140,)","(0,)","(0,)","(0,)","(0,)","(125,)","(0,)","(121,)","(108,)","(123,)","(0,)","(119,)","(108,)","(17234,)"
"(128,)","(0,)","(121,)","(113,)","(0,)","(0,)","(0,)","(0,)","(-140,)","(-140,)","(-140,)","(-140,)","(0,)","(0,)","(0,)","(0,)","(128,)","(0,)","(121,)","(113,)","(124,)","(0,)","(119,)","(109,)","(17285,)"
"(128,)","(0,)","(123,)","(111,)","(0,)","(0,)","(0,)","(0,)","(-140,)","(-140,)","(-140,)","(-140,)","(0,)","(0,)","(0,)","(0,)","(128,)","(0,)","(123,)","(111,)","(125,)","(0,)","(120,)","(109,)","(17336,)"
"(125,)","(0,)","(121,)","(111,)","(0,)","(0,)","(0,)","(0,)","(-140,)","(-140,)","(-140,)","(-140,)","(0,)","(0,)","(0,)","(0,)","(125,)","(0,)","(121,)","(111,)","(125,)","(0,)","(120,)","(110,)","(17387,)"
"(126,)","(0,)","(121,)","(111,)","(0,)","(0,)","(0,)","(0,)","(-140,)","(-140,)","(-140,)","(-140,)","(0,)","(0,)","(0,)","(0,)","(126,)","(0,)","(121,)","(111,)","(125,)","(0,)","(120,)","(110,)","(17438,)"
"(125,)","(0,)","(121,)","(111,)","(0,)","(0,)","(0,)","(0,)","(-140,)","(-140,)","(-140,)","(-140,)","(0,)","(0,)","(0,)","(0,)","(125,)","(0,)","(121,)","(111,)","(126,)","(0,)","(121,)","(110,)","(17489,)"
"(128,)","(0,)","(121,)","(111,)","(0,)","(0,)","(0,)","(0,)","(-140,)","(-140,)","(-140,)","(-140,)","(0,)","(0,)","(0,)","(0,)","(128,)","(0,)","(121,)","(111,)","(126,)","(0,)","(121,)","(111,)","(17540,)"
"(125,)","(0,)","(121,)","(111,)","(0,)","(0,)","(0,)","(0,)","(-140,)","(-140,)","(-140,)","(-140,)","(0,)","(0,)","(0,)","(0,)","(125,)","(0,)","(121,)","(111,)","(126,)","(0,)","(121,)","(111,)","(17591,)"
"(125,)","(0,)","(119,)","(111,)","(0,)","(0,)","(0,)","(0,)","(-140,)","(-140,)","(-140,)","(-140,)","(0,)","(0,)","(0,)","(0,)","(125,)","(0,)","(119,)","(111,)","(125,)","(0,)","(120,)","(111,)","(17642,)"
"(128,)","(0,)","(123,)","(111,)","(0,)","(0,)","(0,)","(0,)","(-140,)","(-140,)","(-140,)","(-140,)","(0,)","(0,)","(0,)","(0,)","(128,)","(0,)","(123,)","(111,)","(126,)","(0,)","(121,)","(111,)","(17693,)"
"(124,)","(0,)","(121,)","(111,)","(0,)","(0,)","(0,)","(0,)","(-140,)","(-140,)","(-140,)","(-140,)","(0,)","(0,)","(0,)","(0,)","(124,)","(0,)","(121,)","(111,)","(125,)","(0,)","(121,)","(111,)","(17744,)"
"(125,)","(0,)","(123,)","(108,)","(0,)","(0,)","(0,)","(0,)","(-140,)","(-140,)","(-140,)","(-140,)","(0,)","(0,)","(0,)","(0,)","(125,)","(0,)","(123,)","(108,)","(125,)","(0,)","(121,)","(110,)","(17795,)"
"(123,)","(0,)","(123,)","(111,)","(0,)","(0,)","(0,)","(0,)","(-140,)","(-140,)","(-140,)","(-140,)","(0,)","(0,)","(0,)","(0,)","(123,)","(0,)","(123,)","(111,)","(125,)","(0,)","(121,)","(110,)","(17846,)"
"(125,)","(0,)","(124,)","(111,)","(0,)","(0,)","(0,)","(0,)","(-140,)","(-140,)","(-140,)","(-140,)","(0,)","(0,)","(0,)","(0,)","(125,)","(0,)","(124,)","(111,)","(125,)","(0,)","(122,)","(110,)","(17897,)"
"(125,)","(0,)","(121,)","(111,)","(0,)","(0,)","(0,)","(0,)","(-140,)","(-140,)","(-140,)","(-140,)","(0,)","(0,)","(0,)","(0,)","(125,)","(0,)","(121,)","(111,)","(125,)","(0,)","(122,)","(110,)","(17948,)"
"(124,)","(0,)","(121,)","(109,)","(0,)","(0,)","(0,)","(0,)","(-140,)","(-140,)","(-140,)","(-140,)","(0,)","(0,)","(0,)","(0,)","(124,)","(0,)","(121,)","(109,)","(124,)","(0,)","(122,)","(110,)","(17999,)"
"(125,)","(0,)","(121,)","(108,)","(0,)","(0,)","(0,)","(0,)","(-140,)","(-140,)","(-140,)","(-140,)","(0,)","(0,)","(0,)","(0,)","(125,)","(0,)","(121,)","(108,)","(124,)","(0,)","(122,)","(109,)","(18050,)"
"(123,)","(0,)","(119,)","(108,)","(0,)","(0,)","(0,)","(0,)","(-140,)","(-140,)","(-140,)","(-140,)","(0,)","(0,)","(0,)","(0,)","(123,)","(0,)","(119,)","(108,)","(124,)","(0,)","(121,)","(109,)","(18101,)"
"(125,)","(0,)","(121,)","(108,)","(0,)","(0,)","(0,)","(0,)","(-140,)","(-140,)","(-140,)","(-140,)","(0,)","(0,)","(0,)","(0,)","(125,)","(0,)","(121,)","(108,)","(124,)","(0,)","(121,)","(109,)","(18152,)"
"(124,)","(0,)","(121,)","(111,)","(0,)","(0,)","(0,)","(0,)","(-140,)","(-140,)","(-140,)","(-140,)","(0,)","(0,)","(0,)","(0,)","(124,)","(0,)","(121,)","(111,)","(124,)","(0,)","(120,)","(109,)","(18203,)"
"(125,)","(0,)","(121,)","(109,)","(0,)","(0,)","(0,)","(0,)","(-140,)","(-140,)","(-140,)","(-140,)","(0,)","(0,)","(0,)","(0,)","(125,)","(0,)","(121,)","(109,)","(124,)","(0,)","(120,)","(108,)","(18254,)"
"(123,)","(0,)","(124,)","(111,)","(0,)","(0,)","(0,)","(0,)","(-130,)","(-130,)","(-152,)","(-152,)","(4,)","(-4,)","(-4,)","(4,)","(123,)","(0,)","(124,)","(111,)","(124,)","(0,)","(121,)","(109,)","(18305,)"
"(196,)","(0,)","(130,)","(155,)","(0,)","(-2,)","(-2,)","(2,)","(-130,)","(-130,)","(-152,)","(-152,)","(4,)","(-4,)","(-4,)","(4,)","('null',)","(0,)","(130,)","('null',)","(124,)","(0,)","(122,)","(109,)","(18356,)"
"(121,)","(0,)","(119,)","(111,)","(0,)","(-5,)","(-5,)","(5,)","(-127,)","(-127,)","(-155,)","(-155,)","(6,)","(-6,)","(-5,)","(5,)","(121,)","(0,)","(119,)","(111,)","(123,)","(0,)","(122,)","(110,)","(18407,)"
"(130,)","(0,)","(121,)","(111,)","(0,)","(-6,)","(-6,)","(5,)","(-127,)","(-127,)","(-155,)","(-155,)","(6,)","(-6,)","(-5,)","(5,)","(130,)","(0,)","(121,)","(111,)","(124,)","(0,)","(122,)","(110,)","(18458,)"
"(163,)","(0,)","(123,)","(112,)","(0,)","(-6,)","(-5,)","(5,)","(-127,)","(-127,)","(-155,)","(-155,)","(6,)","(-6,)","(-5,)","(5,)","('null',)","(0,)","(123,)","(112,)","(124,)","(0,)","(123,)","(110,)","(18509,)"
"(130,)","(0,)","(125,)","(115,)","(0,)","(-6,)","(-4,)","(5,)","(-127,)","(-127,)","(-155,)","(-155,)","(6,)","(-6,)","(-5,)","(5,)","(130,)","(0,)","(125,)","(115,)","(126,)","(0,)","(123,)","(112,)","(18560,)"
"(144,)","(0,)","(128,)","(116,)","(0,)","(-6,)","(-4,)","(5,)","(-127,)","(-127,)","(-155,)","(-155,)","(6,)","(-6,)","(-5,)","(5,)","(144,)","(0,)","(128,)","(116,)","(131,)","(0,)","(124,)","(113,)","(18611,)"
"(151,)","(0,)","(128,)","(115,)","(0,)","(-6,)","(-4,)","(5,)","(-127,)","(-127,)","(-155,)","(-155,)","(6,)","(-6,)","(-5,)","(5,)","(151,)","(0,)","(128,)","(115,)","(135,)","(0,)","(124,)","(113,)","(18662,)"
"(142,)","(0,)","(130,)","(119,)","(0,)","(-6,)","(-4,)","(5,)","(-119,)","(-119,)","(-166,)","(-166,)","(11,)","(-11,)","(-8,)","(8,)","(142,)","(0,)","(130,)","(119,)","(139,)","(0,)","(125,)","(114,)","(18713,)"
"(172,)","(0,)","(130,)","(121,)","(0,)","(-9,)","(-7,)","(6,)","(-119,)","(-119,)","(-166,)","(-166,)","(11,)","(-11,)","(-8,)","(8,)","('null',)","(0,)","(130,)","(121,)","(141,)","(0,)","(127,)","(116,)","(18764,)"
"(133,)","(0,)","(130,)","(121,)","(0,)","(-12,)","(-8,)","(8,)","(-109,)","(-109,)","(-183,)","(-183,)","(20,)","(-20,)","(-12,)","(12,)","(133,)","(0,)","(130,)","(121,)","(140,)","(0,)","(128,)","(117,)","(18815,)"
"(172,)","(0,)","(133,)","(121,)","(0,)","(-18,)","(-11,)","(10,)","(-109,)","(-109,)","(-183,)","(-183,)","(20,)","(-20,)","(-12,)","(12,)","('null',)","(0,)","(133,)","(121,)","(142,)","(0,)","(129,)","(118,)","(18866,)"
"(148,)","(0,)","(136,)","(128,)","(0,)","(-23,)","(-13,)","(13,)","(-109,)","(-109,)","(-183,)","(-183,)","(20,)","(-20,)","(-12,)","(12,)","(148,)","(0,)","(136,)","(128,)","(143,)","(0,)","(131,)","(120,)","(18917,)"
"(115,)","(0,)","(138,)","(126,)","(0,)","(-22,)","(-12,)","(12,)","(-109,)","(-109,)","(-183,)","(-183,)","(20,)","(-20,)","(-12,)","(12,)","(115,)","(0,)","(138,)","(126,)","(134,)","(0,)","(132,)","(122,)","(18968,)"
"(124,)","(0,)","(142,)","(133,)","(0,)","(-18,)","(-12,)","(11,)","(-109,)","(-109,)","(-183,)","(-183,)","(20,)","(-20,)","(-12,)","(12,)","(124,)","(0,)","(142,)","(133,)","(130,)","(0,)","(134,)","(125,)","(19019,)"
"(102,)","(0,)","(148,)","(136,)","(0,)","(-18,)","(-11,)","(11,)","(-109,)","(-109,)","(-183,)","(-183,)","(20,)","(-20,)","(-12,)","(12,)","(102,)","(0,)","(148,)","(136,)","(124,)","(0,)","(137,)","(127,)","(19070,)"
"(106,)","(0,)","(150,)","(138,)","(0,)","(-19,)","(-11,)","(11,)","(-114,)","(-114,)","(-174,)","(-174,)","(15,)","(-15,)","(-10,)","(10,)","(106,)","(0,)","(150,)","(138,)","(119,)","(0,)","(141,)","(130,)","(19121,)"
"(130,)","(0,)","(153,)","(142,)","(0,)","(-16,)","(-11,)","(10,)","(-114,)","(-114,)","(-174,)","(-174,)","(15,)","(-15,)","(-10,)","(10,)","('null',)","(0,)","(153,)","(142,)","(119,)","(0,)","(144,)","(133,)","(19172,)"
"(130,)","(0,)","(156,)","(141,)","(0,)","(-13,)","(-9,)","(9,)","(-140,)","(-140,)","(-140,)","(-140,)","(0,)","(0,)","(0,)","(0,)","('null',)","(0,)","(156,)","(141,)","(111,)","(0,)","(147,)","(136,)","(19223,)"
"(100,)","(0,)","(216,)","(222,)","(0,)","(-3,)","(-3,)","(3,)","(-140,)","(-140,)","(-140,)","(-140,)","(0,)","(0,)","(0,)","(0,)","(100,)","(0,)","('null',)","('null',)","(108,)","(0,)","(149,)","(138,)","(19274,)"
"(96,)","(0,)","(148,)","(153,)","(0,)","(6,)","(4,)","(-4,)","(-140,)","(-140,)","(-140,)","(-140,)","(0,)","(0,)","(0,)","(0,)","(96,)","(0,)","(148,)","(153,)","(101,)","(0,)","(151,)","(142,)","(19325,)"
"(102,)","(0,)","(163,)","(155,)","(0,)","(4,)","(3,)","(-3,)","(-140,)","(-140,)","(-140,)","(-140,)","(0,)","(0,)","(0,)","(0,)","(102,)","(0,)","(163,)","(155,)","(101,)","(0,)","(154,)","(145,)","(19376,)"
"(102,)","(0,)","(145,)","(133,)","(0,)","(-1,)","(0,)","(0,)","(-140,)","(-140,)","(-140,)","(-140,)","(0,)","(0,)","(0,)","(0,)","(102,)","(0,)","(145,)","(133,)","(100,)","(0,)","(153,)","(144,)","(19427,)"
"(106,)","(0,)","(144,)","(133,)","(0,)","(-3,)","(-1,)","(1,)","(-140,)","(-140,)","(-140,)","(-140,)","(0,)","(0,)","(0,)","(0,)","(106,)","(0,)","(144,)","(133,)","(101,)","(0,)","(151,)","(143,)","(19478,)"
"(108,)","(0,)","(142,)","(133,)","(0,)","(0,)","(0,)","(0,)","(-140,)","(-140,)","(-140,)","(-140,)","(0,)","(0,)","(0,)","(0,)","(108,)","(0,)","(142,)","(133,)","(102,)","(0,)","(148,)","(141,)","(19529,)"
"(111,)","(0,)","(141,)","(128,)","(0,)","(1,)","(0,)","(0,)","(-140,)","(-140,)","(-140,)","(-140,)","(0,)","(0,)","(0,)","(0,)","(111,)","(0,)","(141,)","(128,)","(104,)","(0,)","(147,)","(139,)","(19580,)"
"(113,)","(0,)","(142,)","(130,)","(0,)","(0,)","(0,)","(0,)","(-140,)","(-140,)","(-140,)","(-140,)","(0,)","(0,)","(0,)","(0,)","(113,)","(0,)","(142,)","(130,)","(107,)","(0,)","(146,)","(135,)","(19631,)"
"(113,)","(0,)","(136,)","(125,)","(0,)","(0,)","(0,)","(0,)","(-140,)","(-140,)","(-140,)","(-140,)","(0,)","(0,)","(0,)","(0,)","(113,)","(0,)","(136,)","(125,)","(108,)","(0,)","(141,)","(130,)","(19682,)"
"(114,)","(0,)","(133,)","(125,)","(0,)","(0,)","(0,)","(0,)","(-140,)","(-140,)","(-140,)","(-140,)","(0,)","(0,)","(0,)","(0,)","(114,)","(0,)","(133,)","(125,)","(110,)","(0,)","(139,)","(129,)","(19733,)"
"(118,)","(0,)","(136,)","(125,)","(0,)","(0,)","(0,)","(0,)","(-140,)","(-140,)","(-140,)","(-140,)","(0,)","(0,)","(0,)","(0,)","(118,)","(0,)","(136,)","(125,)","(112,)","(0,)","(138,)","(127,)","(19784,)"
"(116,)","(0,)","(133,)","(124,)","(0,)","(0,)","(0,)","(0,)","(-140,)","(-140,)","(-140,)","(-140,)","(0,)","(0,)","(0,)","(0,)","(116,)","(0,)","(133,)","(124,)","(114,)","(0,)","(136,)","(126,)","(19835,)"
"(118,)","(0,)","(133,)","(123,)","(0,)","(0,)","(0,)","(0,)","(-140,)","(-140,)","(-140,)","(-140,)","(0,)","(0,)","(0,)","(0,)","(118,)","(0,)","(133,)","(123,)","(115,)","(0,)","(135,)","(125,)","(19886,)"
"(119,)","(0,)","(133,)","(123,)","(0,)","(0,)","(0,)","(0,)","(-140,)","(-140,)","(-140,)","(-140,)","(0,)","(0,)","(0,)","(0,)","(119,)","(0,)","(133,)","(123,)","(116,)","(0,)","(134,)","(124,)","(19937,)"
"(118,)","(0,)","(133,)","(118,)","(0,)","(0,)","(0,)","(0,)","(-140,)","(-140,)","(-140,)","(-140,)","(0,)","(0,)","(0,)","(0,)","(118,)","(0,)","(133,)","(118,)","(117,)","(0,)","(133,)","(123,)","(19988,)"
"(121,)","(0,)","(133,)","(121,)","(0,)","(0,)","(0,)","(0,)","(-140,)","(-140,)","(-140,)","(-140,)","(0,)","(0,)","(0,)","(0,)","(121,)","(0,)","(133,)","(121,)","(118,)","(0,)","(133,)","(122,)","(20039,)"
"(119,)","(0,)","(130,)","(118,)","(0,)","(0,)","(0,)","(0,)","(-140,)","(-140,)","(-140,)","(-140,)","(0,)","(0,)","(0,)","(0,)","(119,)","(0,)","(130,)","(118,)","(118,)","(0,)","(132,)","(121,)","(20090,)"
"(124,)","(0,)","(130,)","(119,)","(0,)","(0,)","(0,)","(0,)","(-140,)","(-140,)","(-140,)","(-140,)","(0,)","(0,)","(0,)","(0,)","(124,)","(0,)","(130,)","(119,)","(119,)","(0,)","(132,)","(120,)","(20141,)"
"(119,)","(0,)","(125,)","(118,)","(0,)","(0,)","(0,)","(0,)","(-140,)","(-140,)","(-140,)","(-140,)","(0,)","(0,)","(0,)","(0,)","(119,)","(0,)","(125,)","(118,)","(120,)","(0,)","(130,)","(119,)","(20192,)"
"(123,)","(0,)","(128,)","(116,)","(0,)","(0,)","(0,)","(0,)","(-140,)","(-140,)","(-140,)","(-140,)","(0,)","(0,)","(0,)","(0,)","(123,)","(0,)","(128,)","(116,)","(120,)","(0,)","(129,)","(118,)","(20243,)"
"(121,)","(0,)","(125,)","(113,)","(0,)","(0,)","(0,)","(0,)","(-140,)","(-140,)","(-140,)","(-140,)","(0,)","(0,)","(0,)","(0,)","(121,)","(0,)","(125,)","(113,)","(121,)","(0,)","(128,)","(117,)","(20294,)"
"(123,)","(0,)","(125,)","(114,)","(0,)","(0,)","(0,)","(0,)","(-140,)","(-140,)","(-140,)","(-140,)","(0,)","(0,)","(0,)","(0,)","(123,)","(0,)","(125,)","(114,)","(121,)","(0,)","(127,)","(116,)","(20345,)"
"(121,)","(0,)","(128,)","(113,)","(0,)","(0,)","(0,)","(0,)","(-140,)","(-140,)","(-140,)","(-140,)","(0,)","(0,)","(0,)","(0,)","(121,)","(0,)","(128,)","(113,)","(121,)","(0,)","(126,)","(115,)","(20396,)"
"(124,)","(0,)","(128,)","(113,)","(0,)","(0,)","(0,)","(0,)","(-140,)","(-140,)","(-140,)","(-140,)","(0,)","(0,)","(0,)","(0,)","(124,)","(0,)","(128,)","(113,)","(121,)","(0,)","(126,)","(114,)","(20447,)"
"(123,)","(0,)","(128,)","(114,)","(0,)","(0,)","(0,)","(0,)","(-140,)","(-140,)","(-140,)","(-140,)","(0,)","(0,)","(0,)","(0,)","(123,)","(0,)","(128,)","(114,)","(122,)","(0,)","(127,)","(113,)","(20498,)"
"(123,)","(0,)","(126,)","(115,)","(0,)","(0,)","(0,)","(0,)","(-140,)","(-140,)","(-140,)","(-140,)","(0,)","(0,)","(0,)","(0,)","(123,)","(0,)","(126,)","(115,)","(122,)","(0,)","(126,)","(113,)","(20549,)"
"(123,)","(0,)","(125,)","(111,)","(0,)","(0,)","(0,)","(0,)","(-140,)","(-140,)","(-140,)","(-140,)","(0,)","(0,)","(0,)","(0,)","(123,)","(0,)","(125,)","(111,)","(122,)","(0,)","(126,)","(113,)","(20600,)"
"(121,)","(0,)","(125,)","(112,)","(0,)","(0,)","(0,)","(0,)","(-140,)","(-140,)","(-140,)","(-140,)","(0,)","(0,)","(0,)","(0,)","(121,)","(0,)","(125,)","(112,)","(122,)","(0,)","(126,)","(113,)","(20651,)"
"(123,)","(0,)","(123,)","(111,)","(0,)","(0,)","(0,)","(0,)","(-140,)","(-140,)","(-140,)","(-140,)","(0,)","(0,)","(0,)","(0,)","(123,)","(0,)","(123,)","(111,)","(122,)","(0,)","(125,)","(112,)","(20702,)"
"(123,)","(0,)","(125,)","(113,)","(0,)","(0,)","(0,)","(0,)","(-140,)","(-140,)","(-140,)","(-140,)","(0,)","(0,)","(0,)","(0,)","(123,)","(0,)","(125,)","(113,)","(122,)","(0,)","(125,)","(112,)","(20753,)"
"(124,)","(0,)","(124,)","(111,)","(0,)","(0,)","(0,)","(0,)","(-140,)","(-140,)","(-140,)","(-140,)","(0,)","(0,)","(0,)","(0,)","(124,)","(0,)","(124,)","(111,)","(122,)","(0,)","(124,)","(112,)","(20804,)"
"(123,)","(0,)","(123,)","(111,)","(0,)","(0,)","(0,)","(0,)","(-140,)","(-140,)","(-140,)","(-140,)","(0,)","(0,)","(0,)","(0,)","(123,)","(0,)","(123,)","(111,)","(122,)","(0,)","(124,)","(111,)","(20855,)"
"(123,)","(0,)","(125,)","(111,)","(0,)","(0,)","(0,)","(0,)","(-140,)","(-140,)","(-140,)","(-140,)","(0,)","(0,)","(0,)","(0,)","(123,)","(0,)","(125,)","(111,)","(122,)","(0,)","(124,)","(111,)","(20906,)"
"(123,)","(0,)","(123,)","(108,)","(0,)","(0,)","(0,)","(0,)","(-140,)","(-140,)","(-140,)","(-140,)","(0,)","(0,)","(0,)","(0,)","(123,)","(0,)","(123,)","(108,)","(123,)","(0,)","(123,)","(110,)","(20957,)"
"(121,)","(0,)","(126,)","(111,)","(0,)","(0,)","(0,)","(0,)","(-140,)","(-140,)","(-140,)","(-140,)","(0,)","(0,)","(0,)","(0,)","(121,)","(0,)","(126,)","(111,)","(122,)","(0,)","(124,)","(110,)","(21008,)"
"(123,)","(0,)","(123,)","(109,)","(0,)","(0,)","(0,)","(0,)","(-140,)","(-140,)","(-140,)","(-140,)","(0,)","(0,)","(0,)","(0,)","(123,)","(0,)","(123,)","(109,)","(122,)","(0,)","(124,)","(110,)","(21059,)"
"(123,)","(0,)","(123,)","(108,)","(0,)","(0,)","(0,)","(0,)","(-140,)","(-140,)","(-140,)","(-140,)","(0,)","(0,)","(0,)","(0,)","(123,)","(0,)","(123,)","(108,)","(122,)","(0,)","(123,)","(109,)","(21110,)"
"(128,)","(0,)","(123,)","(111,)","(0,)","(0,)","(0,)","(0,)","(-140,)","(-140,)","(-140,)","(-140,)","(0,)","(0,)","(0,)","(0,)","(128,)","(0,)","(123,)","(111,)","(123,)","(0,)","(123,)","(109,)","(21161,)"
"(126,)","(0,)","(126,)","(113,)","(0,)","(0,)","(0,)","(0,)","(-140,)","(-140,)","(-140,)","(-140,)","(0,)","(0,)","(0,)","(0,)","(126,)","(0,)","(126,)","(113,)","(124,)","(0,)","(124,)","(110,)","(21212,)"
"(125,)","(0,)","(123,)","(111,)","(0,)","(0,)","(0,)","(0,)","(-140,)","(-140,)","(-140,)","(-140,)","(0,)","(0,)","(0,)","(0,)","(125,)","(0,)","(123,)","(111,)","(124,)","(0,)","(124,)","(110,)","(21263,)"
"(125,)","(0,)","(125,)","(115,)","(0,)","(0,)","(0,)","(0,)","(-140,)","(-140,)","(-140,)","(-140,)","(0,)","(0,)","(0,)","(0,)","(125,)","(0,)","(125,)","(115,)","(125,)","(0,)","(123,)","(111,)","(21314,)"
"(125,)","(0,)","(123,)","(111,)","(0,)","(0,)","(0,)","(0,)","(-140,)","(-140,)","(-140,)","(-140,)","(0,)","(0,)","(0,)","(0,)","(125,)","(0,)","(123,)","(111,)","(125,)","(0,)","(123,)","(111,)","(21365,)"
"(125,)","(0,)","(126,)","(111,)","(0,)","(0,)","(0,)","(0,)","(-140,)","(-140,)","(-140,)","(-140,)","(0,)","(0,)","(0,)","(0,)","(125,)","(0,)","(126,)","(111,)","(125,)","(0,)","(124,)","(112,)","(21416,)"
"(124,)","(0,)","(125,)","(113,)","(0,)","(0,)","(0,)","(0,)","(-140,)","(-140,)","(-140,)","(-140,)","(0,)","(0,)","(0,)","(0,)","(124,)","(0,)","(125,)","(113,)","(125,)","(0,)","(124,)","(112,)","(21467,)"
"(125,)","(0,)","(123,)","(108,)","(0,)","(0,)","(0,)","(0,)","(-140,)","(-140,)","(-140,)","(-140,)","(0,)","(0,)","(0,)","(0,)","(125,)","(0,)","(123,)","(108,)","(124,)","(0,)","(124,)","(111,)","(21518,)"
"(125,)","(0,)","(125,)","(113,)","(0,)","(0,)","(0,)","(0,)","(-140,)","(-140,)","(-140,)","(-140,)","(0,)","(0,)","(0,)","(0,)","(125,)","(0,)","(125,)","(113,)","(124,)","(0,)","(124,)","(111,)","(21569,)"
"(125,)","(0,)","(121,)","(109,)","(0,)","(0,)","(0,)","(0,)","(-140,)","(-140,)","(-140,)","(-140,)","(0,)","(0,)","(0,)","(0,)","(125,)","(0,)","(121,)","(109,)","(124,)","(0,)","(123,)","(110,)","(21620,)"
"(125,)","(0,)","(125,)","(113,)","(0,)","(0,)","(0,)","(0,)","(-140,)","(-140,)","(-140,)","(-140,)","(0,)","(0,)","(0,)","(0,)","(125,)","(0,)","(125,)","(113,)","(124,)","(0,)","(124,)","(111,)","(21671,)"
"(128,)","(0,)","(123,)","(111,)","(0,)","(0,)","(0,)","(0,)","(-140,)","(-140,)","(-140,)","(-140,)","(0,)","(0,)","(0,)","(0,)","(128,)","(0,)","(123,)","(111,)","(125,)","(0,)","(123,)","(111,)","(21722,)"
"(126,)","(0,)","(123,)","(111,)","(0,)","(0,)","(0,)","(0,)","(-140,)","(-140,)","(-140,)","(-140,)","(0,)","(0,)","(0,)","(0,)","(126,)","(0,)","(123,)","(111,)","(125,)","(0,)","(123,)","(110,)","(21773,)"
"(128,)","(0,)","(124,)","(111,)","(0,)","(0,)","(0,)","(0,)","(-140,)","(-140,)","(-140,)","(-140,)","(0,)","(0,)","(0,)","(0,)","(128,)","(0,)","(124,)","(111,)","(126,)","(0,)","(123,)","(111,)","(21824,)"
"(125,)","(0,)","(123,)","(111,)","(0,)","(0,)","(0,)","(0,)","(-140,)","(-140,)","(-140,)","(-140,)","(0,)","(0,)","(0,)","(0,)","(125,)","(0,)","(123,)","(111,)","(126,)","(0,)","(123,)","(111,)","(21875,)"
"(125,)","(0,)","(123,)","(108,)","(0,)","(0,)","(0,)","(0,)","(-140,)","(-140,)","(-140,)","(-140,)","(0,)","(0,)","(0,)","(0,)","(125,)","(0,)","(123,)","(108,)","(126,)","(0,)","(123,)","(110,)","(21926,)"
"(125,)","(0,)","(123,)","(111,)","(0,)","(0,)","(0,)","(0,)","(-140,)","(-140,)","(-140,)","(-140,)","(0,)","(0,)","(0,)","(0,)","(125,)","(0,)","(123,)","(111,)","(126,)","(0,)","(123,)","(110,)","(21977,)"
"(124,)","(0,)","(124,)","(109,)","(0,)","(0,)","(0,)","(0,)","(-140,)","(-140,)","(-140,)","(-140,)","(0,)","(0,)","(0,)","(0,)","(124,)","(0,)","(124,)","(109,)","(125,)","(0,)","(123,)","(110,)","(22028,)"
"(125,)","(0,)","(121,)","(111,)","(0,)","(0,)","(0,)","(0,)","(-140,)","(-140,)","(-140,)","(-140,)","(0,)","(0,)","(0,)","(0,)","(125,)","(0,)","(121,)","(111,)","(125,)","(0,)","(123,)","(110,)","(22079,)"
"(128,)","(0,)","(121,)","(108,)","(0,)","(0,)","(0,)","(0,)","(-140,)","(-140,)","(-140,)","(-140,)","(0,)","(0,)","(0,)","(0,)","(128,)","(0,)","(121,)","(108,)","(125,)","(0,)","(122,)","(109,)","(22130,)"
"(125,)","(0,)","(121,)","(108,)","(0,)","(0,)","(0,)","(0,)","(-140,)","(-140,)","(-140,)","(-140,)","(0,)","(0,)","(0,)","(0,)","(125,)","(0,)","(121,)","(108,)","(125,)","(0,)","(122,)","(109,)","(22181,)"
"(128,)","(0,)","(121,)","(108,)","(0,)","(0,)","(0,)","(0,)","(-140,)","(-140,)","(-140,)","(-140,)","(0,)","(0,)","(0,)","(0,)","(128,)","(0,)","(121,)","(108,)","(125,)","(0,)","(121,)","(109,)","(22232,)"
"(123,)","(0,)","(118,)","(108,)","(0,)","(0,)","(0,)","(0,)","(-140,)","(-140,)","(-140,)","(-140,)","(0,)","(0,)","(0,)","(0,)","(123,)","(0,)","(118,)","(108,)","(125,)","(0,)","(121,)","(108,)","(22283,)"
"(126,)","(0,)","(121,)","(109,)","(0,)","(0,)","(0,)","(0,)","(-140,)","(-140,)","(-140,)","(-140,)","(0,)","(0,)","(0,)","(0,)","(126,)","(0,)","(121,)","(109,)","(125,)","(0,)","(120,)","(108,)","(22334,)"
"(123,)","(0,)","(121,)","(111,)","(0,)","(0,)","(0,)","(0,)","(-140,)","(-140,)","(-140,)","(-140,)","(0,)","(0,)","(0,)","(0,)","(123,)","(0,)","(121,)","(111,)","(125,)","(0,)","(120,)","(108,)","(22385,)"
"(125,)","(0,)","(124,)","(111,)","(0,)","(0,)","(0,)","(0,)","(-140,)","(-140,)","(-140,)","(-140,)","(0,)","(0,)","(0,)","(0,)","(125,)","(0,)","(124,)","(111,)","(125,)","(0,)","(121,)","(109,)","(22436,)"
"(128,)","(0,)","(123,)","(111,)","(0,)","(0,)","(0,)","(0,)","(-140,)","(-140,)","(-140,)","(-140,)","(0,)","(0,)","(0,)","(0,)","(128,)","(0,)","(123,)","(111,)","(125,)","(0,)","(121,)","(109,)","(22487,)"
"(125,)","(0,)","(121,)","(111,)","(0,)","(0,)","(0,)","(0,)","(-140,)","(-140,)","(-140,)","(-140,)","(0,)","(0,)","(0,)","(0,)","(125,)","(0,)","(121,)","(111,)","(125,)","(0,)","(121,)","(110,)","(22538,)"
"(128,)","(0,)","(123,)","(113,)","(0,)","(0,)","(0,)","(0,)","(-140,)","(-140,)","(-140,)","(-140,)","(0,)","(0,)","(0,)","(0,)","(128,)","(0,)","(123,)","(113,)","(125,)","(0,)","(122,)","(111,)","(22589,)"
"(128,)","(0,)","(121,)","(111,)","(0,)","(0,)","(0,)","(0,)","(-140,)","(-140,)","(-140,)","(-140,)","(0,)","(0,)","(0,)","(0,)","(128,)","(0,)","(121,)","(111,)","(126,)","(0,)","(122,)","(111,)","(22640,)"
"(124,)","(0,)","(121,)","(111,)","(0,)","(0,)","(0,)","(0,)","(-140,)","(-140,)","(-140,)","(-140,)","(0,)","(0,)","(0,)","(0,)","(124,)","(0,)","(121,)","(111,)","(126,)","(0,)","(122,)","(111,)","(22691,)"
"(128,)","(0,)","(123,)","(111,)","(0,)","(0,)","(0,)","(0,)","(-140,)","(-140,)","(-140,)","(-140,)","(0,)","(0,)","(0,)","(0,)","(128,)","(0,)","(123,)","(111,)","(126,)","(0,)","(122,)","(111,)","(22742,)"
"(125,)","(0,)","(118,)","(111,)","(0,)","(0,)","(0,)","(0,)","(-140,)","(-140,)","(-140,)","(-140,)","(0,)","(0,)","(0,)","(0,)","(125,)","(0,)","(118,)","(111,)","(126,)","(0,)","(121,)","(111,)","(22793,)"
"(123,)","(0,)","(121,)","(111,)","(0,)","(0,)","(0,)","(0,)","(-140,)","(-140,)","(-140,)","(-140,)","(0,)","(0,)","(0,)","(0,)","(123,)","(0,)","(121,)","(111,)","(126,)","(0,)","(121,)","(111,)","(22844,)"
"(125,)","(0,)","(121,)","(111,)","(0,)","(0,)","(0,)","(0,)","(-140,)","(-140,)","(-140,)","(-140,)","(0,)","(0,)","(0,)","(0,)","(125,)","(0,)","(121,)","(111,)","(125,)","(0,)","(120,)","(111,)","(22895,)"
"(124,)","(0,)","(121,)","(111,)","(0,)","(0,)","(0,)","(0,)","(-140,)","(-140,)","(-140,)","(-140,)","(0,)","(0,)","(0,)","(0,)","(124,)","(0,)","(121,)","(111,)","(124,)","(0,)","(120,)","(111,)","(22946,)"
"(128,)","(0,)","(123,)","(113,)","(0,)","(0,)","(0,)","(0,)","(-140,)","(-140,)","(-140,)","(-140,)","(0,)","(0,)","(0,)","(0,)","(128,)","(0,)","(123,)","(113,)","(125,)","(0,)","(121,)","(111,)","(22997,)"
"(125,)","(0,)","(124,)","(111,)","(0,)","(0,)","(0,)","(0,)","(-140,)","(-140,)","(-140,)","(-140,)","(0,)","(0,)","(0,)","(0,)","(125,)","(0,)","(124,)","(111,)","(125,)","(0,)","(121,)","(111,)","(23048,)"
"(125,)","(0,)","(119,)","(111,)","(0,)","(0,)","(0,)","(0,)","(-140,)","(-140,)","(-140,)","(-140,)","(0,)","(0,)","(0,)","(0,)","(125,)","(0,)","(119,)","(111,)","(125,)","(0,)","(121,)","(111,)","(23099,)"
"(125,)","(0,)","(121,)","(113,)","(0,)","(0,)","(0,)","(0,)","(-140,)","(-140,)","(-140,)","(-140,)","(0,)","(0,)","(0,)","(0,)","(125,)","(0,)","(121,)","(113,)","(125,)","(0,)","(121,)","(111,)","(23150,)"
"(124,)","(0,)","(121,)","(111,)","(0,)","(0,)","(0,)","(0,)","(-140,)","(-140,)","(-140,)","(-140,)","(0,)","(0,)","(0,)","(0,)","(124,)","(0,)","(121,)","(111,)","(125,)","(0,)","(121,)","(111,)","(23201,)"
"(125,)","(0,)","(119,)","(111,)","(0,)","(0,)","(0,)","(0,)","(-140,)","(-140,)","(-140,)","(-140,)","(0,)","(0,)","(0,)","(0,)","(125,)","(0,)","(119,)","(111,)","(125,)","(0,)","(121,)","(111,)","(23252,)"
"(125,)","(0,)","(121,)","(111,)","(0,)","(0,)","(0,)","(0,)","(-140,)","(-140,)","(-140,)","(-140,)","(0,)","(0,)","(0,)","(0,)","(125,)","(0,)","(121,)","(111,)","(124,)","(0,)","(120,)","(111,)","(23303,)"
"(123,)","(0,)","(121,)","(111,)","(0,)","(0,)","(0,)","(0,)","(-140,)","(-140,)","(-140,)","(-140,)","(0,)","(0,)","(0,)","(0,)","(123,)","(0,)","(121,)","(111,)","(124,)","(0,)","(120,)","(111,)","(23354,)"
"(125,)","(0,)","(121,)","(111,)","(0,)","(0,)","(0,)","(0,)","(-140,)","(-140,)","(-140,)","(-140,)","(0,)","(0,)","(0,)","(0,)","(125,)","(0,)","(121,)","(111,)","(124,)","(0,)","(120,)","(111,)","(23405,)"
"(124,)","(0,)","(124,)","(113,)","(0,)","(0,)","(0,)","(0,)","(-140,)","(-140,)","(-140,)","(-140,)","(0,)","(0,)","(0,)","(0,)","(124,)","(0,)","(124,)","(113,)","(124,)","(0,)","(121,)","(111,)","(23456,)"
"(125,)","(0,)","(121,)","(109,)","(0,)","(0,)","(0,)","(0,)","(-140,)","(-140,)","(-140,)","(-140,)","(0,)","(0,)","(0,)","(0,)","(125,)","(0,)","(121,)","(109,)","(124,)","(0,)","(121,)","(111,)","(23507,)"
"(125,)","(0,)","(116,)","(111,)","(0,)","(0,)","(0,)","(0,)","(-140,)","(-140,)","(-140,)","(-140,)","(0,)","(0,)","(0,)","(0,)","(125,)","(0,)","(116,)","(111,)","(124,)","(0,)","(120,)","(111,)","(23558,)"
"(123,)","(0,)","(121,)","(108,)","(0,)","(0,)","(0,)","(0,)","(-140,)","(-140,)","(-140,)","(-140,)","(0,)","(0,)","(0,)","(0,)","(123,)","(0,)","(121,)","(108,)","(124,)","(0,)","(120,)","(110,)","(23609,)"
"(128,)","(0,)","(116,)","(111,)","(0,)","(0,)","(0,)","(0,)","(-140,)","(-140,)","(-140,)","(-140,)","(0,)","(0,)","(0,)","(0,)","(128,)","(0,)","(116,)","(111,)","(125,)","(0,)","(119,)","(110,)","(23660,)"
"(126,)","(0,)","(121,)","(111,)","(0,)","(0,)","(0,)","(0,)","(-140,)","(-140,)","(-140,)","(-140,)","(0,)","(0,)","(0,)","(0,)","(126,)","(0,)","(121,)","(111,)","(125,)","(0,)","(119,)","(110,)","(23711,)"
"(125,)","(0,)","(119,)","(111,)","(0,)","(0,)","(0,)","(0,)","(-140,)","(-140,)","(-140,)","(-140,)","(0,)","(0,)","(0,)","(0,)","(125,)","(0,)","(119,)","(111,)","(125,)","(0,)","(119,)","(110,)","(23762,)"
"(125,)","(0,)","(118,)","(111,)","(0,)","(0,)","(0,)","(0,)","(-140,)","(-140,)","(-140,)","(-140,)","(0,)","(0,)","(0,)","(0,)","(125,)","(0,)","(118,)","(111,)","(125,)","(0,)","(118,)","(110,)","(23813,)"
"(125,)","(0,)","(121,)","(108,)","(0,)","(0,)","(0,)","(0,)","(-140,)","(-140,)","(-140,)","(-140,)","(0,)","(0,)","(0,)","(0,)","(125,)","(0,)","(121,)","(108,)","(125,)","(0,)","(119,)","(110,)","(23864,)"
"(128,)","(0,)","(121,)","(112,)","(0,)","(0,)","(0,)","(0,)","(-140,)","(-140,)","(-140,)","(-140,)","(0,)","(0,)","(0,)","(0,)","(128,)","(0,)","(121,)","(112,)","(126,)","(0,)","(119,)","(110,)","(23915,)"
"(125,)","(0,)","(121,)","(108,)","(0,)","(0,)","(0,)","(0,)","(-140,)","(-140,)","(-140,)","(-140,)","(0,)","(0,)","(0,)","(0,)","(125,)","(0,)","(121,)","(108,)","(125,)","(0,)","(120,)","(110,)","(23966,)"
"(126,)","(0,)","(121,)","(113,)","(0,)","(0,)","(0,)","(0,)","(-140,)","(-140,)","(-140,)","(-140,)","(0,)","(0,)","(0,)","(0,)","(126,)","(0,)","(121,)","(113,)","(125,)","(0,)","(120,)","(110,)","(24017,)"
"(128,)","(0,)","(118,)","(108,)","(0,)","(0,)","(0,)","(0,)","(-140,)","(-140,)","(-140,)","(-140,)","(0,)","(0,)","(0,)","(0,)","(128,)","(0,)","(118,)","(108,)","(126,)","(0,)","(120,)","(110,)","(24068,)"
"(125,)","(0,)","(119,)","(108,)","(0,)","(0,)","(0,)","(0,)","(-145,)","(-145,)","(-136,)","(-136,)","(-1,)","(1,)","(1,)","(-1,)","(125,)","(0,)","(119,)","(108,)","(126,)","(0,)","(120,)","(109,)","(24119,)"
"(128,)","(0,)","(115,)","(111,)","(0,)","(0,)","(0,)","(0,)","(-145,)","(-145,)","(-136,)","(-136,)","(-1,)","(1,)","(1,)","(-1,)","(128,)","(0,)","(115,)","(111,)","(126,)","(0,)","(119,)","(110,)","(24170,)"
"(125,)","(0,)","(116,)","(108,)","(0,)","(1,)","(0,)","(0,)","(-162,)","(-162,)","(-122,)","(-122,)","(-7,)","(7,)","(9,)","(-9,)","(125,)","(0,)","(116,)","(108,)","(126,)","(0,)","(118,)","(109,)","(24221,)"
"(123,)","(0,)","(196,)","(183,)","(0,)","(5,)","(5,)","(-5,)","(-162,)","(-162,)","(-122,)","(-122,)","(-7,)","(7,)","(9,)","(-9,)","(123,)","(0,)","('null',)","('null',)","(125,)","(0,)","(117,)","(109,)","(24272,)"
"(126,)","(0,)","(113,)","(106,)","(0,)","(9,)","(12,)","(-12,)","(-167,)","(-167,)","(-118,)","(-118,)","(-8,)","(8,)","(12,)","(-12,)","(126,)","(0,)","(113,)","(106,)","(125,)","(0,)","(116,)","(108,)","(24323,)"
"(142,)","(0,)","(113,)","(104,)","(0,)","(9,)","(14,)","(-13,)","(-167,)","(-167,)","(-118,)","(-118,)","(-8,)","(8,)","(12,)","(-12,)","(142,)","(0,)","(113,)","(104,)","(128,)","(0,)","(115,)","(107,)","(24374,)"
"(133,)","(0,)","(111,)","(104,)","(0,)","(7,)","(12,)","(-12,)","(-167,)","(-167,)","(-118,)","(-118,)","(-8,)","(8,)","(12,)","(-12,)","(133,)","(0,)","(111,)","(104,)","(129,)","(0,)","(113,)","(106,)","(24425,)"
"(138,)","(0,)","(113,)","(102,)","(0,)","(7,)","(11,)","(-11,)","(-167,)","(-167,)","(-118,)","(-118,)","(-8,)","(8,)","(12,)","(-12,)","(138,)","(0,)","(113,)","(102,)","(131,)","(0,)","(113,)","(104,)","(24476,)"
"(166,)","(0,)","(109,)","(100,)","(0,)","(7,)","(11,)","(-11,)","(-167,)","(-167,)","(-118,)","(-118,)","(-8,)","(8,)","(12,)","(-12,)","('null',)","(0,)","(109,)","(100,)","(132,)","(0,)","(111,)","(103,)","(24527,)"
"(142,)","(0,)","(106,)","(100,)","(0,)","(7,)","(11,)","(-11,)","(-167,)","(-167,)","(-118,)","(-118,)","(-8,)","(8,)","(12,)","(-12,)","(142,)","(0,)","(106,)","(100,)","(136,)","(0,)","(110,)","(102,)","(24578,)"
"(144,)","(0,)","(104,)","(97,)","(0,)","(7,)","(11,)","(-11,)","(-167,)","(-167,)","(-118,)","(-118,)","(-8,)","(8,)","(12,)","(-12,)","(144,)","(0,)","(104,)","(97,)","(139,)","(0,)","(109,)","(101,)","(24629,)"
"(153,)","(0,)","(104,)","(96,)","(0,)","(7,)","(11,)","(-11,)","(-167,)","(-167,)","(-118,)","(-118,)","(-8,)","(8,)","(12,)","(-12,)","(153,)","(0,)","(104,)","(96,)","(142,)","(0,)","(107,)","(99,)","(24680,)"
"(170,)","(0,)","(102,)","(95,)","(0,)","(7,)","(11,)","(-11,)","(-140,)","(-140,)","(-140,)","(-140,)","(0,)","(0,)","(0,)","(0,)","(170,)","(0,)","(102,)","(95,)","(149,)","(0,)","(106,)","(98,)","(24731,)"
"(141,)","(0,)","(172,)","(153,)","(0,)","(2,)","(4,)","(-4,)","(-140,)","(-140,)","(-140,)","(-140,)","(0,)","(0,)","(0,)","(0,)","(141,)","(0,)","('null',)","('null',)","(150,)","(0,)","(105,)","(97,)","(24782,)"
"(141,)","(0,)","(118,)","(93,)","(0,)","(-3,)","(-4,)","(4,)","(-140,)","(-140,)","(-140,)","(-140,)","(0,)","(0,)","(0,)","(0,)","(141,)","(0,)","(118,)","(93,)","(148,)","(0,)","(106,)","(96,)","(24833,)"
"(142,)","(0,)","(126,)","(177,)","(0,)","(-2,)","(-5,)","(4,)","(-140,)","(-140,)","(-140,)","(-140,)","(0,)","(0,)","(0,)","(0,)","(142,)","(0,)","(126,)","('null',)","(148,)","(0,)","(110,)","(95,)","(24884,)"
"(138,)","(0,)","(102,)","(96,)","(0,)","(0,)","(0,)","(0,)","(-140,)","(-140,)","(-140,)","(-140,)","(0,)","(0,)","(0,)","(0,)","(138,)","(0,)","(102,)","(96,)","(147,)","(0,)","(110,)","(95,)","(24935,)"
"(141,)","(0,)","(111,)","(100,)","(0,)","(1,)","(2,)","(-2,)","(-140,)","(-140,)","(-140,)","(-140,)","(0,)","(0,)","(0,)","(0,)","(141,)","(0,)","(111,)","(100,)","(145,)","(0,)","(111,)","(96,)","(24986,)"
"(140,)","(0,)","(111,)","(102,)","(0,)","(0,)","(1,)","(0,)","(-140,)","(-140,)","(-140,)","(-140,)","(0,)","(0,)","(0,)","(0,)","(140,)","(0,)","(111,)","(102,)","(140,)","(0,)","(113,)","(97,)","(25037,)"
"(138,)","(0,)","(111,)","(102,)","(0,)","(0,)","(0,)","(0,)","(-140,)","(-140,)","(-140,)","(-140,)","(0,)","(0,)","(0,)","(0,)","(138,)","(0,)","(111,)","(102,)","(140,)","(0,)","(113,)","(98,)","(25088,)"
"(136,)","(0,)","(115,)","(102,)","(0,)","(0,)","(0,)","(0,)","(-140,)","(-140,)","(-140,)","(-140,)","(0,)","(0,)","(0,)","(0,)","(136,)","(0,)","(115,)","(102,)","(139,)","(0,)","(112,)","(100,)","(25139,)"
"(133,)","(0,)","(112,)","(106,)","(0,)","(0,)","(0,)","(0,)","(-138,)","(-138,)","(-143,)","(-143,)","(1,)","(-1,)","(-1,)","(1,)","(133,)","(0,)","(112,)","(106,)","(137,)","(0,)","(110,)","(101,)","(25190,)"
"(135,)","(0,)","(113,)","(104,)","(0,)","(0,)","(0,)","(0,)","(-138,)","(-138,)","(-143,)","(-143,)","(1,)","(-1,)","(-1,)","(1,)","(135,)","(0,)","(113,)","(104,)","(137,)","(0,)","(112,)","(102,)","(25241,)"
"(133,)","(0,)","(115,)","(106,)","(0,)","(0,)","(0,)","(0,)","(-138,)","(-138,)","(-143,)","(-143,)","(1,)","(-1,)","(-1,)","(1,)","(133,)","(0,)","(115,)","(106,)","(135,)","(0,)","(112,)","(103,)","(25292,)"
"(130,)","(0,)","(114,)","(106,)","(0,)","(0,)","(0,)","(0,)","(-126,)","(-126,)","(-157,)","(-157,)","(7,)","(-7,)","(-5,)","(5,)","(130,)","(0,)","(114,)","(106,)","(134,)","(0,)","(113,)","(104,)","(25343,)"
"(256,)","(0,)","(113,)","(106,)","(0,)","(-4,)","(-3,)","(3,)","(-125,)","(-125,)","(-158,)","(-158,)","(7,)","(-7,)","(-6,)","(6,)","('null',)","(0,)","(113,)","(106,)","(133,)","(0,)","(113,)","(105,)","(25394,)"
"(166,)","(0,)","(114,)","(106,)","(0,)","(-9,)","(-7,)","(6,)","(-125,)","(-125,)","(-158,)","(-158,)","(7,)","(-7,)","(-6,)","(6,)","('null',)","(0,)","(114,)","(106,)","(132,)","(0,)","(113,)","(105,)","(25445,)"
"(126,)","(0,)","(118,)","(112,)","(0,)","(-8,)","(-7,)","(7,)","(-125,)","(-125,)","(-158,)","(-158,)","(7,)","(-7,)","(-6,)","(6,)","(126,)","(0,)","(118,)","(112,)","(131,)","(0,)","(114,)","(106,)","(25496,)"
"(138,)","(0,)","(123,)","(113,)","(0,)","(-6,)","(-6,)","(6,)","(-125,)","(-125,)","(-158,)","(-158,)","(7,)","(-7,)","(-6,)","(6,)","(138,)","(0,)","(123,)","(113,)","(131,)","(0,)","(116,)","(108,)","(25547,)"
"(144,)","(0,)","(125,)","(118,)","(0,)","(-6,)","(-5,)","(5,)","(-125,)","(-125,)","(-158,)","(-158,)","(7,)","(-7,)","(-6,)","(6,)","(144,)","(0,)","(125,)","(118,)","(134,)","(0,)","(117,)","(110,)","(25598,)"
"(144,)","(0,)","(125,)","(116,)","(0,)","(-6,)","(-5,)","(5,)","(-125,)","(-125,)","(-158,)","(-158,)","(7,)","(-7,)","(-6,)","(6,)","(144,)","(0,)","(125,)","(116,)","(138,)","(0,)","(119,)","(111,)","(25649,)"
"(123,)","(0,)","(126,)","(121,)","(0,)","(-7,)","(-5,)","(5,)","(-126,)","(-126,)","(-156,)","(-156,)","(6,)","(-6,)","(-5,)","(5,)","(123,)","(0,)","(126,)","(121,)","(135,)","(0,)","(121,)","(114,)","(25700,)"
"(115,)","(0,)","(125,)","(118,)","(0,)","(-6,)","(-5,)","(5,)","(-126,)","(-126,)","(-156,)","(-156,)","(6,)","(-6,)","(-5,)","(5,)","(115,)","(0,)","(125,)","(118,)","(131,)","(0,)","(123,)","(116,)","(25751,)"
"(116,)","(0,)","(128,)","(119,)","(0,)","(-6,)","(-5,)","(5,)","(-140,)","(-140,)","(-140,)","(-140,)","(0,)","(0,)","(0,)","(0,)","(116,)","(0,)","(128,)","(119,)","(130,)","(0,)","(125,)","(117,)","(25802,)"
"(113,)","(0,)","(163,)","(144,)","(0,)","(-1,)","(-2,)","(1,)","(-140,)","(-140,)","(-140,)","(-140,)","(0,)","(0,)","(0,)","(0,)","(113,)","(0,)","('null',)","('null',)","(125,)","(0,)","(125,)","(118,)","(25853,)"
"(116,)","(0,)","(130,)","(119,)","(0,)","(2,)","(2,)","(-1,)","(-140,)","(-140,)","(-140,)","(-140,)","(0,)","(0,)","(0,)","(0,)","(116,)","(0,)","(130,)","(119,)","(121,)","(0,)","(126,)","(118,)","(25904,)"
"(118,)","(0,)","(128,)","(121,)","(0,)","(1,)","(1,)","(-1,)","(-140,)","(-140,)","(-140,)","(-140,)","(0,)","(0,)","(0,)","(0,)","(118,)","(0,)","(128,)","(121,)","(116,)","(0,)","(127,)","(119,)","(25955,)"
"(116,)","(0,)","(130,)","(118,)","(0,)","(0,)","(0,)","(0,)","(-140,)","(-140,)","(-140,)","(-140,)","(0,)","(0,)","(0,)","(0,)","(116,)","(0,)","(130,)","(118,)","(115,)","(0,)","(128,)","(119,)","(26006,)"
"(118,)","(0,)","(128,)","(119,)","(0,)","(0,)","(0,)","(0,)","(-140,)","(-140,)","(-140,)","(-140,)","(0,)","(0,)","(0,)","(0,)","(118,)","(0,)","(128,)","(119,)","(116,)","(0,)","(128,)","(119,)","(26057,)"
"(119,)","(0,)","(128,)","(115,)","(0,)","(0,)","(0,)","(0,)","(-140,)","(-140,)","(-140,)","(-140,)","(0,)","(0,)","(0,)","(0,)","(119,)","(0,)","(128,)","(115,)","(116,)","(0,)","(128,)","(118,)","(26108,)"
"(118,)","(0,)","(124,)","(115,)","(0,)","(0,)","(0,)","(0,)","(-140,)","(-140,)","(-140,)","(-140,)","(0,)","(0,)","(0,)","(0,)","(118,)","(0,)","(124,)","(115,)","(117,)","(0,)","(128,)","(117,)","(26159,)"
"(119,)","(0,)","(123,)","(114,)","(0,)","(0,)","(0,)","(0,)","(-140,)","(-140,)","(-140,)","(-140,)","(0,)","(0,)","(0,)","(0,)","(119,)","(0,)","(123,)","(114,)","(118,)","(0,)","(126,)","(117,)","(26210,)"
"(121,)","(0,)","(123,)","(113,)","(0,)","(0,)","(0,)","(0,)","(-140,)","(-140,)","(-140,)","(-140,)","(0,)","(0,)","(0,)","(0,)","(121,)","(0,)","(123,)","(113,)","(118,)","(0,)","(126,)","(115,)","(26261,)"
"(121,)","(0,)","(125,)","(114,)","(0,)","(0,)","(0,)","(0,)","(-140,)","(-140,)","(-140,)","(-140,)","(0,)","(0,)","(0,)","(0,)","(121,)","(0,)","(125,)","(114,)","(119,)","(0,)","(125,)","(115,)","(26312,)"
"(125,)","(0,)","(125,)","(115,)","(0,)","(0,)","(0,)","(0,)","(-140,)","(-140,)","(-140,)","(-140,)","(0,)","(0,)","(0,)","(0,)","(125,)","(0,)","(125,)","(115,)","(120,)","(0,)","(124,)","(114,)","(26363,)"
"(123,)","(0,)","(124,)","(113,)","(0,)","(0,)","(0,)","(0,)","(-140,)","(-140,)","(-140,)","(-140,)","(0,)","(0,)","(0,)","(0,)","(123,)","(0,)","(124,)","(113,)","(121,)","(0,)","(124,)","(114,)","(26414,)"
"(124,)","(0,)","(125,)","(114,)","(0,)","(0,)","(0,)","(0,)","(-140,)","(-140,)","(-140,)","(-140,)","(0,)","(0,)","(0,)","(0,)","(124,)","(0,)","(125,)","(114,)","(122,)","(0,)","(124,)","(113,)","(26465,)"
"(125,)","(0,)","(128,)","(113,)","(0,)","(0,)","(0,)","(0,)","(-140,)","(-140,)","(-140,)","(-140,)","(0,)","(0,)","(0,)","(0,)","(125,)","(0,)","(128,)","(113,)","(123,)","(0,)","(125,)","(113,)","(26516,)"
"(123,)","(0,)","(125,)","(113,)","(0,)","(0,)","(0,)","(0,)","(-140,)","(-140,)","(-140,)","(-140,)","(0,)","(0,)","(0,)","(0,)","(123,)","(0,)","(125,)","(113,)","(123,)","(0,)","(125,)","(113,)","(26567,)"
"(123,)","(0,)","(125,)","(111,)","(0,)","(0,)","(0,)","(0,)","(-140,)","(-140,)","(-140,)","(-140,)","(0,)","(0,)","(0,)","(0,)","(123,)","(0,)","(125,)","(111,)","(123,)","(0,)","(125,)","(113,)","(26618,)"
"(121,)","(0,)","(121,)","(113,)","(0,)","(0,)","(0,)","(0,)","(-140,)","(-140,)","(-140,)","(-140,)","(0,)","(0,)","(0,)","(0,)","(121,)","(0,)","(121,)","(113,)","(123,)","(0,)","(124,)","(112,)","(26669,)"
"(123,)","(0,)","(123,)","(108,)","(0,)","(0,)","(0,)","(0,)","(-140,)","(-140,)","(-140,)","(-140,)","(0,)","(0,)","(0,)","(0,)","(123,)","(0,)","(123,)","(108,)","(123,)","(0,)","(124,)","(112,)","(26720,)"
"(123,)","(0,)","(121,)","(112,)","(0,)","(0,)","(0,)","(0,)","(-140,)","(-140,)","(-140,)","(-140,)","(0,)","(0,)","(0,)","(0,)","(123,)","(0,)","(121,)","(112,)","(123,)","(0,)","(123,)","(111,)","(26771,)"
"(126,)","(0,)","(124,)","(108,)","(0,)","(0,)","(0,)","(0,)","(-140,)","(-140,)","(-140,)","(-140,)","(0,)","(0,)","(0,)","(0,)","(126,)","(0,)","(124,)","(108,)","(123,)","(0,)","(123,)","(110,)","(26822,)"
"(125,)","(0,)","(123,)","(111,)","(0,)","(0,)","(0,)","(0,)","(-140,)","(-140,)","(-140,)","(-140,)","(0,)","(0,)","(0,)","(0,)","(125,)","(0,)","(123,)","(111,)","(123,)","(0,)","(122,)","(110,)","(26873,)"
"(123,)","(0,)","(123,)","(111,)","(0,)","(0,)","(0,)","(0,)","(-140,)","(-140,)","(-140,)","(-140,)","(0,)","(0,)","(0,)","(0,)","(123,)","(0,)","(123,)","(111,)","(123,)","(0,)","(122,)","(110,)","(26924,)"
"(128,)","(0,)","(125,)","(111,)","(0,)","(0,)","(0,)","(0,)","(-140,)","(-140,)","(-140,)","(-140,)","(0,)","(0,)","(0,)","(0,)","(128,)","(0,)","(125,)","(111,)","(124,)","(0,)","(123,)","(110,)","(26975,)"
"(123,)","(0,)","(124,)","(109,)","(0,)","(0,)","(0,)","(0,)","(-140,)","(-140,)","(-140,)","(-140,)","(0,)","(0,)","(0,)","(0,)","(123,)","(0,)","(124,)","(109,)","(124,)","(0,)","(123,)","(110,)","(27026,)"
"(124,)","(0,)","(123,)","(111,)","(0,)","(0,)","(0,)","(0,)","(-140,)","(-140,)","(-140,)","(-140,)","(0,)","(0,)","(0,)","(0,)","(124,)","(0,)","(123,)","(111,)","(124,)","(0,)","(123,)","(110,)","(27077,)"
"(123,)","(0,)","(121,)","(111,)","(0,)","(0,)","(0,)","(0,)","(-140,)","(-140,)","(-140,)","(-140,)","(0,)","(0,)","(0,)","(0,)","(123,)","(0,)","(121,)","(111,)","(124,)","(0,)","(123,)","(110,)","(27128,)"
"(123,)","(0,)","(121,)","(108,)","(0,)","(0,)","(0,)","(0,)","(-140,)","(-140,)","(-140,)","(-140,)","(0,)","(0,)","(0,)","(0,)","(123,)","(0,)","(121,)","(108,)","(124,)","(0,)","(122,)","(110,)","(27179,)"
"(125,)","(0,)","(121,)","(111,)","(0,)","(0,)","(0,)","(0,)","(-140,)","(-140,)","(-140,)","(-140,)","(0,)","(0,)","(0,)","(0,)","(125,)","(0,)","(121,)","(111,)","(124,)","(0,)","(122,)","(110,)","(27230,)"
"(124,)","(0,)","(121,)","(111,)","(0,)","(0,)","(0,)","(0,)","(-140,)","(-140,)","(-140,)","(-140,)","(0,)","(0,)","(0,)","(0,)","(124,)","(0,)","(121,)","(111,)","(123,)","(0,)","(121,)","(110,)","(27281,)"
"(125,)","(0,)","(121,)","(111,)","(0,)","(0,)","(0,)","(0,)","(-140,)","(-140,)","(-140,)","(-140,)","(0,)","(0,)","(0,)","(0,)","(125,)","(0,)","(121,)","(111,)","(124,)","(0,)","(121,)","(110,)","(27332,)"
"(125,)","(0,)","(121,)","(111,)","(0,)","(0,)","(0,)","(0,)","(-140,)","(-140,)","(-140,)","(-140,)","(0,)","(0,)","(0,)","(0,)","(125,)","(0,)","(121,)","(111,)","(124,)","(0,)","(121,)","(110,)","(27383,)"
"(123,)","(0,)","(121,)","(108,)","(0,)","(0,)","(0,)","(0,)","(0,)","(0,)","(0,)","(0,)","(0,)","(0,)","(0,)","(0,)","(123,)","(0,)","(121,)","(108,)","(124,)","(0,)","(121,)","(110,)","(27434,)"
"(121,)","(0,)","(115,)","(106,)","(0,)","(0,)","(0,)","(0,)","(0,)","(0,)","(0,)","(0,)","(0,)","(0,)","(0,)","(0,)","(121,)","(0,)","(115,)","(106,)","(123,)","(0,)","(120,)","(109,)","(27485,)"
"(106,)","(0,)","(98,)","(96,)","(0,)","(0,)","(0,)","(0,)","(0,)","(0,)","(0,)","(0,)","(0,)","(0,)","(0,)","(0,)","(106,)","(0,)","(98,)","(96,)","(120,)","(0,)","(116,)","(107,)","(27536,)"
"(96,)","(0,)","(86,)","(85,)","(0,)","(0,)","(0,)","(0,)","(0,)","(0,)","(0,)","(0,)","(0,)","(0,)","(0,)","(0,)","(96,)","(0,)","(86,)","(85,)","(116,)","(0,)","(110,)","(102,)","(27587,)"
"(76,)","(0,)","(72,)","(74,)","(0,)","(0,)","(0,)","(0,)","(0,)","(0,)","(0,)","(0,)","(0,)","(0,)","(0,)","(0,)","(76,)","(0,)","(72,)","(74,)","(107,)","(0,)","(102,)","(96,)","(27638,)"
"(66,)","(0,)","(60,)","(63,)","(0,)","(0,)","(0,)","(0,)","(0,)","(0,)","(0,)","(0,)","(0,)","(0,)","(0,)","(0,)","(66,)","(0,)","(60,)","(63,)","(98,)","(0,)","(92,)","(88,)","(27689,)"
"(81,)","(0,)","(41,)","(53,)","(0,)","(0,)","(0,)","(0,)","(0,)","(0,)","(0,)","(0,)","(0,)","(0,)","(0,)","(0,)","(81,)","(0,)","(41,)","(53,)","(91,)","(0,)","(78,)","(79,)","(27740,)"
"(60,)","(0,)","(23,)","(42,)","(0,)","(0,)","(0,)","(0,)","(0,)","(0,)","(0,)","(0,)","(0,)","(0,)","(0,)","(0,)","(60,)","(0,)","(23,)","(42,)","(80,)","(0,)","(63,)","(68,)","(27791,)"
"(26,)","(0,)","(23,)","(31,)","(0,)","(0,)","(0,)","(0,)","(0,)","(0,)","(0,)","(0,)","(0,)","(0,)","(0,)","(0,)","(26,)","(0,)","(23,)","(31,)","(67,)","(0,)","(50,)","(58,)","(27842,)"
"(26,)","(0,)","(0,)","(21,)","(0,)","(0,)","(0,)","(0,)","(0,)","(0,)","(0,)","(0,)","(0,)","(0,)","(0,)","(0,)","(26,)","(0,)","(0,)","(21,)","(55,)","(0,)","(36,)","(47,)","(27893,)"
"(25,)","(0,)","(0,)","(21,)","(0,)","(0,)","(0,)","(0,)","(0,)","(0,)","(0,)","(0,)","(0,)","(0,)","(0,)","(0,)","(25,)","(0,)","(0,)","(21,)","(47,)","(0,)","(24,)","(38,)","(27944,)"
"(26,)","(0,)","(0,)","(0,)","(0,)","(0,)","(0,)","(0,)","(0,)","(0,)","(0,)","(0,)","(0,)","(0,)","(0,)","(0,)","(26,)","(0,)","(0,)","(0,)","(40,)","(0,)","(14,)","(28,)","(27995,)"
"(26,)","(0,)","(0,)","(0,)","(0,)","(0,)","(0,)","(0,)","(0,)","(0,)","(0,)","(0,)","(0,)","(0,)","(0,)","(0,)","(26,)","(0,)","(0,)","(0,)","(31,)","(0,)","(7,)","(19,)","(28046,)"
"(26,)","(0,)","(0,)","(0,)","(0,)","(0,)","(0,)","(0,)","(0,)","(0,)","(0,)","(0,)","(0,)","(0,)","(0,)","(0,)","(26,)","(0,)","(0,)","(0,)","(25,)","(0,)","(3,)","(12,)","(28097,)"
"(26,)","(0,)","(0,)","(0,)","(0,)","(0,)","(0,)","(0,)","(0,)","(0,)","(0,)","(0,)","(0,)","(0,)","(0,)","(0,)","(26,)","(0,)","(0,)","(0,)","(25,)","(0,)","(0,)","(7,)","(28148,)"
"(26,)","(0,)","(0,)","(0,)","(0,)","(0,)","(0,)","(0,)","(0,)","(0,)","(0,)","(0,)","(0,)","(0,)","(0,)","(0,)","(26,)","(0,)","(0,)","(0,)","(25,)","(0,)","(0,)","(3,)","(28199,)"
"(26,)","(0,)","(0,)","(0,)","(0,)","(0,)","(0,)","(0,)","(0,)","(0,)","(0,)","(0,)","(0,)","(0,)","(0,)","(0,)","(26,)","(0,)","(0,)","(0,)","(26,)","(0,)","(0,)","(0,)","(28250,)"
"(26,)","(0,)","(0,)","(0,)","(0,)","(0,)","(0,)","(0,)","(0,)","(0,)","(0,)","(0,)","(0,)","(0,)","(0,)","(0,)","(26,)","(0,)","(0,)","(0,)","(26,)","(0,)","(0,)","(0,)","(28301,)"
"(26,)","(0,)","(0,)","(0,)","(0,)","(0,)","(0,)","(0,)","(0,)","(0,)","(0,)","(0,)","(0,)","(0,)","(0,)","(0,)","(26,)","(0,)","(0,)","(0,)","(26,)","(0,)","(0,)","(0,)","(28352,)"
"(26,)","(0,)","(0,)","(0,)","(0,)","(0,)","(0,)","(0,)","(0,)","(0,)","(0,)","(0,)","(0,)","(0,)","(0,)","(0,)","(26,)","(0,)","(0,)","(0,)","(26,)","(0,)","(0,)","(0,)","(28403,)"
"(26,)","(0,)","(0,)","(0,)","(0,)","(0,)","(0,)","(0,)","(0,)","(0,)","(0,)","(0,)","(0,)","(0,)","(0,)","(0,)","(26,)","(0,)","(0,)","(0,)","(26,)","(0,)","(0,)","(0,)","(28454,)"
"(26,)","(0,)","(0,)","(0,)","(0,)","(0,)","(0,)","(0,)","(0,)","(0,)","(0,)","(0,)","(0,)","(0,)","(0,)","(0,)","(26,)","(0,)","(0,)","(0,)","(26,)","(0,)","(0,)","(0,)","(28505,)"
"(26,)","(0,)","(0,)","(0,)","(0,)","(0,)","(0,)","(0,)","(0,)","(0,)","(0,)","(0,)","(0,)","(0,)","(0,)","(0,)","(26,)","(0,)","(0,)","(0,)","(26,)","(0,)","(0,)","(0,)","(28556,)"
